Запрос;Частотность;Группа;Целевой URL;Примечание
"как определить износ брони конусной дробилки";"нужен Wordstat";"Информационный";"/info/articles/iznos-broni-konusa/";""
"как подобрать ячейку рифлёной сетки под нужную фракцию";"нужен Wordstat";"Информационный";"/info/articles/kak-podobrat-yacheyku-riflenoy-setki/";""
"как подобрать ячейку сетки для грохота";"нужен Wordstat";"Информационный";"/info/articles/kak-podobrat-yacheyku-riflenoy-setki/";""
"как читать номер чертежа детали дробилки и зачем у неё два обозначения";"нужен Wordstat";"Информационный";"/info/articles/nomer-chertezha-detali/";""
"какие детали держать в запасе на дробильно-сортировочном комплексе";"нужен Wordstat";"Информационный";"/info/articles/reglament-zameny-iznashivaemyh-detaley/";""
"когда менять дробящие плиты";"нужен Wordstat";"Информационный";"/info/articles/iznos-drobyashchih-plit/";""
"когда менять дробящие плиты щековой дробилки";"нужен Wordstat";"Информационный";"/info/articles/iznos-drobyashchih-plit/";""
"чем 110г13л отличается от углеродистых сталей и когда что ставить";"нужен Wordstat";"Информационный";"/info/articles/110g13l-ili-35gl/";""
"чем отличается 110г13л от 35гл";"нужен Wordstat";"Информационный";"/info/articles/110g13l-ili-35gl/";""
"104920-10 запчасти цена";"нужен Wordstat";"Модель техники";"/tehnika/pitatel-p-804/";""
"АБЗ запчасти цена";"нужен Wordstat";"Модель техники";"/tehnika/ds-158-ds-185/";""
"асфальтобетонный завод запчасти цена";"нужен Wordstat";"Модель техники";"/tehnika/ds-158-ds-185/";""
"ДРО 592 запчасти цена";"нужен Wordstat";"Модель техники";"/tehnika/dro-592-ksd-600/";""
"ДРО 604 запчасти цена";"нужен Wordstat";"Модель техники";"/tehnika/pitatel-tk-16a/";""
"ДРО-592 запчасти цена";"нужен Wordstat";"Модель техники";"/tehnika/dro-592-ksd-600/";""
"ДРО-604 запчасти цена";"нужен Wordstat";"Модель техники";"/tehnika/pitatel-tk-16a/";""
"ДС 158 запчасти цена";"нужен Wordstat";"Модель техники";"/tehnika/ds-158-ds-185/";""
"ДС 185 запчасти цена";"нужен Wordstat";"Модель техники";"/tehnika/ds-158-ds-185/";""
"ДС-158 запчасти цена";"нужен Wordstat";"Модель техники";"/tehnika/ds-158-ds-185/";""
"ДС-158 и ДС-185 запчасти цена";"нужен Wordstat";"Модель техники";"/tehnika/ds-158-ds-185/";""
"ДС-185 запчасти цена";"нужен Wordstat";"Модель техники";"/tehnika/ds-158-ds-185/";""
"запчасти 104920-10";"нужен Wordstat";"Модель техники";"/tehnika/pitatel-p-804/";""
"запчасти АБЗ";"нужен Wordstat";"Модель техники";"/tehnika/ds-158-ds-185/";""
"запчасти асфальтобетонный завод";"нужен Wordstat";"Модель техники";"/tehnika/ds-158-ds-185/";""
"запчасти для 104920-10";"нужен Wordstat";"Модель техники";"/tehnika/pitatel-p-804/";""
"запчасти для АБЗ";"нужен Wordstat";"Модель техники";"/tehnika/ds-158-ds-185/";""
"запчасти для асфальтобетонный завод";"нужен Wordstat";"Модель техники";"/tehnika/ds-158-ds-185/";""
"запчасти для ДРО 592";"нужен Wordstat";"Модель техники";"/tehnika/dro-592-ksd-600/";""
"запчасти для ДРО 604";"нужен Wordstat";"Модель техники";"/tehnika/pitatel-tk-16a/";""
"запчасти для ДРО-592";"нужен Wordstat";"Модель техники";"/tehnika/dro-592-ksd-600/";""
"запчасти для ДРО-604";"нужен Wordstat";"Модель техники";"/tehnika/pitatel-tk-16a/";""
"запчасти для ДС 158";"нужен Wordstat";"Модель техники";"/tehnika/ds-158-ds-185/";""
"запчасти для ДС 185";"нужен Wordstat";"Модель техники";"/tehnika/ds-158-ds-185/";""
"запчасти для ДС-158";"нужен Wordstat";"Модель техники";"/tehnika/ds-158-ds-185/";""
"запчасти для ДС-158 и ДС-185";"нужен Wordstat";"Модель техники";"/tehnika/ds-158-ds-185/";""
"запчасти для ДС-185";"нужен Wordstat";"Модель техники";"/tehnika/ds-158-ds-185/";""
"запчасти для КМД 1200";"нужен Wordstat";"Модель техники";"/tehnika/ksd-1200-i-kmd-1200/";""
"запчасти для КМД-1200";"нужен Wordstat";"Модель техники";"/tehnika/ksd-1200-i-kmd-1200/";""
"запчасти для КМД-1200Гр";"нужен Wordstat";"Модель техники";"/tehnika/ksd-1200-i-kmd-1200/";""
"запчасти для КМД-1200Т";"нужен Wordstat";"Модель техники";"/tehnika/ksd-1200-i-kmd-1200/";""
"запчасти для КМД-900";"нужен Wordstat";"Модель техники";"/tehnika/smd-120a-ksd-900/";""
"запчасти для КСД 1200";"нужен Wordstat";"Модель техники";"/tehnika/ksd-1200-i-kmd-1200/";""
"запчасти для КСД 600";"нужен Wordstat";"Модель техники";"/tehnika/dro-592-ksd-600/";""
"запчасти для КСД 900";"нужен Wordstat";"Модель техники";"/tehnika/smd-120a-ksd-900/";""
"запчасти для КСД-1200";"нужен Wordstat";"Модель техники";"/tehnika/ksd-1200-i-kmd-1200/";""
"запчасти для КСД-1200 и КМД-1200";"нужен Wordstat";"Модель техники";"/tehnika/ksd-1200-i-kmd-1200/";""
"запчасти для КСД-1200Гр";"нужен Wordstat";"Модель техники";"/tehnika/ksd-1200-i-kmd-1200/";""
"запчасти для КСД-1200Т";"нужен Wordstat";"Модель техники";"/tehnika/ksd-1200-i-kmd-1200/";""
"запчасти для КСД-600";"нужен Wordstat";"Модель техники";"/tehnika/dro-592-ksd-600/";""
"запчасти для КСД-900";"нужен Wordstat";"Модель техники";"/tehnika/smd-120a-ksd-900/";""
"запчасти для П 804";"нужен Wordstat";"Модель техники";"/tehnika/pitatel-p-804/";""
"запчасти для П-804";"нужен Wordstat";"Модель техники";"/tehnika/pitatel-p-804/";""
"запчасти для питатель П-804";"нужен Wordstat";"Модель техники";"/tehnika/pitatel-p-804/";""
"запчасти для СМД 108";"нужен Wordstat";"Модель техники";"/tehnika/smd-108a/";""
"запчасти для СМД 109";"нужен Wordstat";"Модель техники";"/tehnika/smd-109a/";""
"запчасти для СМД 110";"нужен Wordstat";"Модель техники";"/tehnika/smd-110a/";""
"запчасти для СМД 120";"нужен Wordstat";"Модель техники";"/tehnika/smd-120a-ksd-900/";""
"запчасти для СМД-108";"нужен Wordstat";"Модель техники";"/tehnika/smd-108a/";""
"запчасти для СМД-108А";"нужен Wordstat";"Модель техники";"/tehnika/smd-108a/";""
"запчасти для СМД-108А-Р";"нужен Wordstat";"Модель техники";"/tehnika/smd-108a/";""
"запчасти для СМД-109";"нужен Wordstat";"Модель техники";"/tehnika/smd-109a/";""
"запчасти для СМД-109А";"нужен Wordstat";"Модель техники";"/tehnika/smd-109a/";""
"запчасти для СМД-109А-Р";"нужен Wordstat";"Модель техники";"/tehnika/smd-109a/";""
"запчасти для СМД-110";"нужен Wordstat";"Модель техники";"/tehnika/smd-110a/";""
"запчасти для СМД-110А";"нужен Wordstat";"Модель техники";"/tehnika/smd-110a/";""
"запчасти для СМД-110А-Р";"нужен Wordstat";"Модель техники";"/tehnika/smd-110a/";""
"запчасти для СМД-120А";"нужен Wordstat";"Модель техники";"/tehnika/smd-120a-ksd-900/";""
"запчасти для СМД-120АТ";"нужен Wordstat";"Модель техники";"/tehnika/smd-120a-ksd-900/";""
"запчасти для ТК 16А";"нужен Wordstat";"Модель техники";"/tehnika/pitatel-tk-16a/";""
"запчасти для ТК-16";"нужен Wordstat";"Модель техники";"/tehnika/pitatel-tk-16a/";""
"запчасти для ТК-16А";"нужен Wordstat";"Модель техники";"/tehnika/pitatel-tk-16a/";""
"запчасти для ТК15А";"нужен Wordstat";"Модель техники";"/tehnika/pitatel-tk-16a/";""
"запчасти для ЩДП";"нужен Wordstat";"Модель техники";"/tehnika/smd-108a/";""
"запчасти для KMD-900";"нужен Wordstat";"Модель техники";"/tehnika/smd-120a-ksd-900/";""
"запчасти для KSD-600";"нужен Wordstat";"Модель техники";"/tehnika/dro-592-ksd-600/";""
"запчасти для KSD-900";"нужен Wordstat";"Модель техники";"/tehnika/smd-120a-ksd-900/";""
"запчасти для SMD-108A";"нужен Wordstat";"Модель техники";"/tehnika/smd-108a/";""
"запчасти для SMD-109A";"нужен Wordstat";"Модель техники";"/tehnika/smd-109a/";""
"запчасти для SMD-110A";"нужен Wordstat";"Модель техники";"/tehnika/smd-110a/";""
"запчасти ДРО 592";"нужен Wordstat";"Модель техники";"/tehnika/dro-592-ksd-600/";""
"запчасти ДРО 604";"нужен Wordstat";"Модель техники";"/tehnika/pitatel-tk-16a/";""
"запчасти ДРО-592";"нужен Wordstat";"Модель техники";"/tehnika/dro-592-ksd-600/";""
"запчасти ДРО-604";"нужен Wordstat";"Модель техники";"/tehnika/pitatel-tk-16a/";""
"запчасти ДС 158";"нужен Wordstat";"Модель техники";"/tehnika/ds-158-ds-185/";""
"запчасти ДС 185";"нужен Wordstat";"Модель техники";"/tehnika/ds-158-ds-185/";""
"запчасти ДС-158";"нужен Wordstat";"Модель техники";"/tehnika/ds-158-ds-185/";""
"запчасти ДС-158 и ДС-185";"нужен Wordstat";"Модель техники";"/tehnika/ds-158-ds-185/";""
"запчасти ДС-185";"нужен Wordstat";"Модель техники";"/tehnika/ds-158-ds-185/";""
"запчасти КМД 1200";"нужен Wordstat";"Модель техники";"/tehnika/ksd-1200-i-kmd-1200/";""
"запчасти КМД-1200";"нужен Wordstat";"Модель техники";"/tehnika/ksd-1200-i-kmd-1200/";""
"запчасти КМД-1200Гр";"нужен Wordstat";"Модель техники";"/tehnika/ksd-1200-i-kmd-1200/";""
"запчасти КМД-1200Т";"нужен Wordstat";"Модель техники";"/tehnika/ksd-1200-i-kmd-1200/";""
"запчасти КМД-900";"нужен Wordstat";"Модель техники";"/tehnika/smd-120a-ksd-900/";""
"запчасти КСД 1200";"нужен Wordstat";"Модель техники";"/tehnika/ksd-1200-i-kmd-1200/";""
"запчасти КСД 600";"нужен Wordstat";"Модель техники";"/tehnika/dro-592-ksd-600/";""
"запчасти КСД 900";"нужен Wordstat";"Модель техники";"/tehnika/smd-120a-ksd-900/";""
"запчасти КСД-1200";"нужен Wordstat";"Модель техники";"/tehnika/ksd-1200-i-kmd-1200/";""
"запчасти КСД-1200 и КМД-1200";"нужен Wordstat";"Модель техники";"/tehnika/ksd-1200-i-kmd-1200/";""
"запчасти КСД-1200Гр";"нужен Wordstat";"Модель техники";"/tehnika/ksd-1200-i-kmd-1200/";""
"запчасти КСД-1200Т";"нужен Wordstat";"Модель техники";"/tehnika/ksd-1200-i-kmd-1200/";""
"запчасти КСД-600";"нужен Wordstat";"Модель техники";"/tehnika/dro-592-ksd-600/";""
"запчасти КСД-900";"нужен Wordstat";"Модель техники";"/tehnika/smd-120a-ksd-900/";""
"запчасти П 804";"нужен Wordstat";"Модель техники";"/tehnika/pitatel-p-804/";""
"запчасти П-804";"нужен Wordstat";"Модель техники";"/tehnika/pitatel-p-804/";""
"запчасти питатель П-804";"нужен Wordstat";"Модель техники";"/tehnika/pitatel-p-804/";""
"запчасти СМД 108";"нужен Wordstat";"Модель техники";"/tehnika/smd-108a/";""
"запчасти СМД 109";"нужен Wordstat";"Модель техники";"/tehnika/smd-109a/";""
"запчасти СМД 110";"нужен Wordstat";"Модель техники";"/tehnika/smd-110a/";""
"запчасти СМД 120";"нужен Wordstat";"Модель техники";"/tehnika/smd-120a-ksd-900/";""
"запчасти СМД-108";"нужен Wordstat";"Модель техники";"/tehnika/smd-108a/";""
"запчасти СМД-108А";"нужен Wordstat";"Модель техники";"/tehnika/smd-108a/";""
"запчасти СМД-108А-Р";"нужен Wordstat";"Модель техники";"/tehnika/smd-108a/";""
"запчасти СМД-109";"нужен Wordstat";"Модель техники";"/tehnika/smd-109a/";""
"запчасти СМД-109А";"нужен Wordstat";"Модель техники";"/tehnika/smd-109a/";""
"запчасти СМД-109А-Р";"нужен Wordstat";"Модель техники";"/tehnika/smd-109a/";""
"запчасти СМД-110";"нужен Wordstat";"Модель техники";"/tehnika/smd-110a/";""
"запчасти СМД-110А";"нужен Wordstat";"Модель техники";"/tehnika/smd-110a/";""
"запчасти СМД-110А-Р";"нужен Wordstat";"Модель техники";"/tehnika/smd-110a/";""
"запчасти СМД-120А";"нужен Wordstat";"Модель техники";"/tehnika/smd-120a-ksd-900/";""
"запчасти СМД-120АТ";"нужен Wordstat";"Модель техники";"/tehnika/smd-120a-ksd-900/";""
"запчасти ТК 16А";"нужен Wordstat";"Модель техники";"/tehnika/pitatel-tk-16a/";""
"запчасти ТК-16";"нужен Wordstat";"Модель техники";"/tehnika/pitatel-tk-16a/";""
"запчасти ТК-16А";"нужен Wordstat";"Модель техники";"/tehnika/pitatel-tk-16a/";""
"запчасти ТК15А";"нужен Wordstat";"Модель техники";"/tehnika/pitatel-tk-16a/";""
"запчасти ЩДП";"нужен Wordstat";"Модель техники";"/tehnika/smd-108a/";""
"запчасти KMD-900";"нужен Wordstat";"Модель техники";"/tehnika/smd-120a-ksd-900/";""
"запчасти KSD-600";"нужен Wordstat";"Модель техники";"/tehnika/dro-592-ksd-600/";""
"запчасти KSD-900";"нужен Wordstat";"Модель техники";"/tehnika/smd-120a-ksd-900/";""
"запчасти SMD-108A";"нужен Wordstat";"Модель техники";"/tehnika/smd-108a/";""
"запчасти SMD-109A";"нужен Wordstat";"Модель техники";"/tehnika/smd-109a/";""
"запчасти SMD-110A";"нужен Wordstat";"Модель техники";"/tehnika/smd-110a/";""
"каталог запчастей ДРО-592 (КСД-600)";"нужен Wordstat";"Модель техники";"/tehnika/dro-592-ksd-600/";""
"каталог запчастей ДС-158 и ДС-185";"нужен Wordstat";"Модель техники";"/tehnika/ds-158-ds-185/";""
"каталог запчастей КСД-1200 и КМД-1200";"нужен Wordstat";"Модель техники";"/tehnika/ksd-1200-i-kmd-1200/";""
"каталог запчастей П-804 (104920-10)";"нужен Wordstat";"Модель техники";"/tehnika/pitatel-p-804/";""
"каталог запчастей СМД-108А";"нужен Wordstat";"Модель техники";"/tehnika/smd-108a/";""
"каталог запчастей СМД-109А";"нужен Wordstat";"Модель техники";"/tehnika/smd-109a/";""
"каталог запчастей СМД-110А";"нужен Wordstat";"Модель техники";"/tehnika/smd-110a/";""
"каталог запчастей СМД-120А (КСД-900)";"нужен Wordstat";"Модель техники";"/tehnika/smd-120a-ksd-900/";""
"каталог запчастей ТК-16А (ДРО-604)";"нужен Wordstat";"Модель техники";"/tehnika/pitatel-tk-16a/";""
"КМД 1200 запчасти цена";"нужен Wordstat";"Модель техники";"/tehnika/ksd-1200-i-kmd-1200/";""
"КМД-1200 запчасти цена";"нужен Wordstat";"Модель техники";"/tehnika/ksd-1200-i-kmd-1200/";""
"КМД-1200Гр запчасти цена";"нужен Wordstat";"Модель техники";"/tehnika/ksd-1200-i-kmd-1200/";""
"КМД-1200Т запчасти цена";"нужен Wordstat";"Модель техники";"/tehnika/ksd-1200-i-kmd-1200/";""
"КМД-900 запчасти цена";"нужен Wordstat";"Модель техники";"/tehnika/smd-120a-ksd-900/";""
"комплект запчастей ДРО-592 (КСД-600)";"нужен Wordstat";"Модель техники";"/tehnika/dro-592-ksd-600/";""
"комплект запчастей ДС-158 и ДС-185";"нужен Wordstat";"Модель техники";"/tehnika/ds-158-ds-185/";""
"комплект запчастей КСД-1200 и КМД-1200";"нужен Wordstat";"Модель техники";"/tehnika/ksd-1200-i-kmd-1200/";""
"комплект запчастей П-804 (104920-10)";"нужен Wordstat";"Модель техники";"/tehnika/pitatel-p-804/";""
"комплект запчастей СМД-108А";"нужен Wordstat";"Модель техники";"/tehnika/smd-108a/";""
"комплект запчастей СМД-109А";"нужен Wordstat";"Модель техники";"/tehnika/smd-109a/";""
"комплект запчастей СМД-110А";"нужен Wordstat";"Модель техники";"/tehnika/smd-110a/";""
"комплект запчастей СМД-120А (КСД-900)";"нужен Wordstat";"Модель техники";"/tehnika/smd-120a-ksd-900/";""
"комплект запчастей ТК-16А (ДРО-604)";"нужен Wordstat";"Модель техники";"/tehnika/pitatel-tk-16a/";""
"КСД 1200 запчасти цена";"нужен Wordstat";"Модель техники";"/tehnika/ksd-1200-i-kmd-1200/";""
"КСД 600 запчасти цена";"нужен Wordstat";"Модель техники";"/tehnika/dro-592-ksd-600/";""
"КСД 900 запчасти цена";"нужен Wordstat";"Модель техники";"/tehnika/smd-120a-ksd-900/";""
"КСД-1200 запчасти цена";"нужен Wordstat";"Модель техники";"/tehnika/ksd-1200-i-kmd-1200/";""
"КСД-1200 и КМД-1200 запчасти цена";"нужен Wordstat";"Модель техники";"/tehnika/ksd-1200-i-kmd-1200/";""
"КСД-1200Гр запчасти цена";"нужен Wordstat";"Модель техники";"/tehnika/ksd-1200-i-kmd-1200/";""
"КСД-1200Т запчасти цена";"нужен Wordstat";"Модель техники";"/tehnika/ksd-1200-i-kmd-1200/";""
"КСД-600 запчасти цена";"нужен Wordstat";"Модель техники";"/tehnika/dro-592-ksd-600/";""
"КСД-900 запчасти цена";"нужен Wordstat";"Модель техники";"/tehnika/smd-120a-ksd-900/";""
"купить запчасти 104920-10";"нужен Wordstat";"Модель техники";"/tehnika/pitatel-p-804/";""
"купить запчасти АБЗ";"нужен Wordstat";"Модель техники";"/tehnika/ds-158-ds-185/";""
"купить запчасти асфальтобетонный завод";"нужен Wordstat";"Модель техники";"/tehnika/ds-158-ds-185/";""
"купить запчасти ДРО 592";"нужен Wordstat";"Модель техники";"/tehnika/dro-592-ksd-600/";""
"купить запчасти ДРО 604";"нужен Wordstat";"Модель техники";"/tehnika/pitatel-tk-16a/";""
"купить запчасти ДРО-592";"нужен Wordstat";"Модель техники";"/tehnika/dro-592-ksd-600/";""
"купить запчасти ДРО-604";"нужен Wordstat";"Модель техники";"/tehnika/pitatel-tk-16a/";""
"купить запчасти ДС 158";"нужен Wordstat";"Модель техники";"/tehnika/ds-158-ds-185/";""
"купить запчасти ДС 185";"нужен Wordstat";"Модель техники";"/tehnika/ds-158-ds-185/";""
"купить запчасти ДС-158";"нужен Wordstat";"Модель техники";"/tehnika/ds-158-ds-185/";""
"купить запчасти ДС-158 и ДС-185";"нужен Wordstat";"Модель техники";"/tehnika/ds-158-ds-185/";""
"купить запчасти ДС-185";"нужен Wordstat";"Модель техники";"/tehnika/ds-158-ds-185/";""
"купить запчасти КМД 1200";"нужен Wordstat";"Модель техники";"/tehnika/ksd-1200-i-kmd-1200/";""
"купить запчасти КМД-1200";"нужен Wordstat";"Модель техники";"/tehnika/ksd-1200-i-kmd-1200/";""
"купить запчасти КМД-1200Гр";"нужен Wordstat";"Модель техники";"/tehnika/ksd-1200-i-kmd-1200/";""
"купить запчасти КМД-1200Т";"нужен Wordstat";"Модель техники";"/tehnika/ksd-1200-i-kmd-1200/";""
"купить запчасти КМД-900";"нужен Wordstat";"Модель техники";"/tehnika/smd-120a-ksd-900/";""
"купить запчасти КСД 1200";"нужен Wordstat";"Модель техники";"/tehnika/ksd-1200-i-kmd-1200/";""
"купить запчасти КСД 600";"нужен Wordstat";"Модель техники";"/tehnika/dro-592-ksd-600/";""
"купить запчасти КСД 900";"нужен Wordstat";"Модель техники";"/tehnika/smd-120a-ksd-900/";""
"купить запчасти КСД-1200";"нужен Wordstat";"Модель техники";"/tehnika/ksd-1200-i-kmd-1200/";""
"купить запчасти КСД-1200 и КМД-1200";"нужен Wordstat";"Модель техники";"/tehnika/ksd-1200-i-kmd-1200/";""
"купить запчасти КСД-1200Гр";"нужен Wordstat";"Модель техники";"/tehnika/ksd-1200-i-kmd-1200/";""
"купить запчасти КСД-1200Т";"нужен Wordstat";"Модель техники";"/tehnika/ksd-1200-i-kmd-1200/";""
"купить запчасти КСД-600";"нужен Wordstat";"Модель техники";"/tehnika/dro-592-ksd-600/";""
"купить запчасти КСД-900";"нужен Wordstat";"Модель техники";"/tehnika/smd-120a-ksd-900/";""
"купить запчасти П 804";"нужен Wordstat";"Модель техники";"/tehnika/pitatel-p-804/";""
"купить запчасти П-804";"нужен Wordstat";"Модель техники";"/tehnika/pitatel-p-804/";""
"купить запчасти питатель П-804";"нужен Wordstat";"Модель техники";"/tehnika/pitatel-p-804/";""
"купить запчасти СМД 108";"нужен Wordstat";"Модель техники";"/tehnika/smd-108a/";""
"купить запчасти СМД 109";"нужен Wordstat";"Модель техники";"/tehnika/smd-109a/";""
"купить запчасти СМД 110";"нужен Wordstat";"Модель техники";"/tehnika/smd-110a/";""
"купить запчасти СМД 120";"нужен Wordstat";"Модель техники";"/tehnika/smd-120a-ksd-900/";""
"купить запчасти СМД-108";"нужен Wordstat";"Модель техники";"/tehnika/smd-108a/";""
"купить запчасти СМД-108А";"нужен Wordstat";"Модель техники";"/tehnika/smd-108a/";""
"купить запчасти СМД-108А-Р";"нужен Wordstat";"Модель техники";"/tehnika/smd-108a/";""
"купить запчасти СМД-109";"нужен Wordstat";"Модель техники";"/tehnika/smd-109a/";""
"купить запчасти СМД-109А";"нужен Wordstat";"Модель техники";"/tehnika/smd-109a/";""
"купить запчасти СМД-109А-Р";"нужен Wordstat";"Модель техники";"/tehnika/smd-109a/";""
"купить запчасти СМД-110";"нужен Wordstat";"Модель техники";"/tehnika/smd-110a/";""
"купить запчасти СМД-110А";"нужен Wordstat";"Модель техники";"/tehnika/smd-110a/";""
"купить запчасти СМД-110А-Р";"нужен Wordstat";"Модель техники";"/tehnika/smd-110a/";""
"купить запчасти СМД-120А";"нужен Wordstat";"Модель техники";"/tehnika/smd-120a-ksd-900/";""
"купить запчасти СМД-120АТ";"нужен Wordstat";"Модель техники";"/tehnika/smd-120a-ksd-900/";""
"купить запчасти ТК 16А";"нужен Wordstat";"Модель техники";"/tehnika/pitatel-tk-16a/";""
"купить запчасти ТК-16";"нужен Wordstat";"Модель техники";"/tehnika/pitatel-tk-16a/";""
"купить запчасти ТК-16А";"нужен Wordstat";"Модель техники";"/tehnika/pitatel-tk-16a/";""
"купить запчасти ТК15А";"нужен Wordstat";"Модель техники";"/tehnika/pitatel-tk-16a/";""
"купить запчасти ЩДП";"нужен Wordstat";"Модель техники";"/tehnika/smd-108a/";""
"купить запчасти KMD-900";"нужен Wordstat";"Модель техники";"/tehnika/smd-120a-ksd-900/";""
"купить запчасти KSD-600";"нужен Wordstat";"Модель техники";"/tehnika/dro-592-ksd-600/";""
"купить запчасти KSD-900";"нужен Wordstat";"Модель техники";"/tehnika/smd-120a-ksd-900/";""
"купить запчасти SMD-108A";"нужен Wordstat";"Модель техники";"/tehnika/smd-108a/";""
"купить запчасти SMD-109A";"нужен Wordstat";"Модель техники";"/tehnika/smd-109a/";""
"купить запчасти SMD-110A";"нужен Wordstat";"Модель техники";"/tehnika/smd-110a/";""
"П 804 запчасти цена";"нужен Wordstat";"Модель техники";"/tehnika/pitatel-p-804/";""
"П-804 запчасти цена";"нужен Wordstat";"Модель техники";"/tehnika/pitatel-p-804/";""
"питатель П-804 запчасти цена";"нужен Wordstat";"Модель техники";"/tehnika/pitatel-p-804/";""
"СМД 108 запчасти цена";"нужен Wordstat";"Модель техники";"/tehnika/smd-108a/";""
"СМД 109 запчасти цена";"нужен Wordstat";"Модель техники";"/tehnika/smd-109a/";""
"СМД 110 запчасти цена";"нужен Wordstat";"Модель техники";"/tehnika/smd-110a/";""
"СМД 120 запчасти цена";"нужен Wordstat";"Модель техники";"/tehnika/smd-120a-ksd-900/";""
"СМД-108 запчасти цена";"нужен Wordstat";"Модель техники";"/tehnika/smd-108a/";""
"СМД-108А запчасти цена";"нужен Wordstat";"Модель техники";"/tehnika/smd-108a/";""
"СМД-108А-Р запчасти цена";"нужен Wordstat";"Модель техники";"/tehnika/smd-108a/";""
"СМД-109 запчасти цена";"нужен Wordstat";"Модель техники";"/tehnika/smd-109a/";""
"СМД-109А запчасти цена";"нужен Wordstat";"Модель техники";"/tehnika/smd-109a/";""
"СМД-109А-Р запчасти цена";"нужен Wordstat";"Модель техники";"/tehnika/smd-109a/";""
"СМД-110 запчасти цена";"нужен Wordstat";"Модель техники";"/tehnika/smd-110a/";""
"СМД-110А запчасти цена";"нужен Wordstat";"Модель техники";"/tehnika/smd-110a/";""
"СМД-110А-Р запчасти цена";"нужен Wordstat";"Модель техники";"/tehnika/smd-110a/";""
"СМД-120А запчасти цена";"нужен Wordstat";"Модель техники";"/tehnika/smd-120a-ksd-900/";""
"СМД-120АТ запчасти цена";"нужен Wordstat";"Модель техники";"/tehnika/smd-120a-ksd-900/";""
"ТК 16А запчасти цена";"нужен Wordstat";"Модель техники";"/tehnika/pitatel-tk-16a/";""
"ТК-16 запчасти цена";"нужен Wordstat";"Модель техники";"/tehnika/pitatel-tk-16a/";""
"ТК-16А запчасти цена";"нужен Wordstat";"Модель техники";"/tehnika/pitatel-tk-16a/";""
"ТК15А запчасти цена";"нужен Wordstat";"Модель техники";"/tehnika/pitatel-tk-16a/";""
"ЩДП запчасти цена";"нужен Wordstat";"Модель техники";"/tehnika/smd-108a/";""
"KMD-900 запчасти цена";"нужен Wordstat";"Модель техники";"/tehnika/smd-120a-ksd-900/";""
"KSD-600 запчасти цена";"нужен Wordstat";"Модель техники";"/tehnika/dro-592-ksd-600/";""
"KSD-900 запчасти цена";"нужен Wordstat";"Модель техники";"/tehnika/smd-120a-ksd-900/";""
"SMD-108A запчасти цена";"нужен Wordstat";"Модель техники";"/tehnika/smd-108a/";""
"SMD-109A запчасти цена";"нужен Wordstat";"Модель техники";"/tehnika/smd-109a/";""
"SMD-110A запчасти цена";"нужен Wordstat";"Модель техники";"/tehnika/smd-110a/";""
"08.12.056";"нужен Wordstat";"Номер чертежа";"/catalog/zapasnye-chasti-i-komplektuyushchie/zapchasti-dlya-abz/zapchasti-dlya-ds-158-ds-185/list-predokhranitelnyy-bokovoy-d597-08-12-056/";""
"08.12.056 ДС-158 / ДС-185";"нужен Wordstat";"Номер чертежа";"/catalog/zapasnye-chasti-i-komplektuyushchie/zapchasti-dlya-abz/zapchasti-dlya-ds-158-ds-185/list-predokhranitelnyy-bokovoy-d597-08-12-056/";""
"1029701002";"нужен Wordstat";"Номер чертежа";"/catalog/zapasnye-chasti-i-komplektuyushchie/zapchasti-dlya-drobilok/drobilki-konusnye/dro-592-ksd-600/vtulka-tsilindricheskaya-verkhnyaya-1029701002-297-1-0-2-dro-592-ksd-600/";""
"1029701002 ДРО-592 (КСД-600)";"нужен Wordstat";"Номер чертежа";"/catalog/zapasnye-chasti-i-komplektuyushchie/zapchasti-dlya-drobilok/drobilki-konusnye/dro-592-ksd-600/vtulka-tsilindricheskaya-verkhnyaya-1029701002-297-1-0-2-dro-592-ksd-600/";""
"1029701003";"нужен Wordstat";"Номер чертежа";"/catalog/zapasnye-chasti-i-komplektuyushchie/zapchasti-dlya-drobilok/drobilki-konusnye/dro-592-ksd-600/vtulka-tsilindricheskaya-nizhnyaya-1029701003-297-1-0-3-dro-592-ksd-600/";""
"1029701003 ДРО-592 (КСД-600)";"нужен Wordstat";"Номер чертежа";"/catalog/zapasnye-chasti-i-komplektuyushchie/zapchasti-dlya-drobilok/drobilki-konusnye/dro-592-ksd-600/vtulka-tsilindricheskaya-nizhnyaya-1029701003-297-1-0-3-dro-592-ksd-600/";""
"1029701007";"нужен Wordstat";"Номер чертежа";"/catalog/zapasnye-chasti-i-komplektuyushchie/zapchasti-dlya-drobilok/drobilki-konusnye/dro-592-ksd-600/futerovka-1029701007-dro-592-ksd-600/";""
"1029701007 ДРО-592 (КСД-600)";"нужен Wordstat";"Номер чертежа";"/catalog/zapasnye-chasti-i-komplektuyushchie/zapchasti-dlya-drobilok/drobilki-konusnye/dro-592-ksd-600/futerovka-1029701007-dro-592-ksd-600/";""
"1029701011";"нужен Wordstat";"Номер чертежа";"/catalog/zapasnye-chasti-i-komplektuyushchie/zapchasti-dlya-drobilok/drobilki-konusnye/dro-592-ksd-600/shpilka-1029701011-dro-592-ksd-600/";""
"1029701011 ДРО-592 (КСД-600)";"нужен Wordstat";"Номер чертежа";"/catalog/zapasnye-chasti-i-komplektuyushchie/zapchasti-dlya-drobilok/drobilki-konusnye/dro-592-ksd-600/shpilka-1029701011-dro-592-ksd-600/";""
"1029702000";"нужен Wordstat";"Номер чертежа";"/catalog/zapasnye-chasti-i-komplektuyushchie/zapchasti-dlya-drobilok/drobilki-konusnye/dro-592-ksd-600/konus-drobyashchiy-nepodvizhnyy-sb-ksd-600-1029702000/";""
"1029702000 ДРО-592 (КСД-600)";"нужен Wordstat";"Номер чертежа";"/catalog/zapasnye-chasti-i-komplektuyushchie/zapchasti-dlya-drobilok/drobilki-konusnye/dro-592-ksd-600/konus-drobyashchiy-nepodvizhnyy-sb-ksd-600-1029702000/";""
"1029702001";"нужен Wordstat";"Номер чертежа";"/catalog/zapasnye-chasti-i-komplektuyushchie/zapchasti-dlya-drobilok/drobilki-konusnye/dro-592-ksd-600/bolt-m30kh180-1029702001-dro-592-ksd-600/";""
"1029702001 ДРО-592 (КСД-600)";"нужен Wordstat";"Номер чертежа";"/catalog/zapasnye-chasti-i-komplektuyushchie/zapchasti-dlya-drobilok/drobilki-konusnye/dro-592-ksd-600/bolt-m30kh180-1029702001-dro-592-ksd-600/";""
"1029702100";"нужен Wordstat";"Номер чертежа";"/catalog/zapasnye-chasti-i-komplektuyushchie/zapchasti-dlya-drobilok/drobilki-konusnye/dro-592-ksd-600/korpus-nepodvizhnogo-konusa-1029702100/";""
"1029702100 ДРО-592 (КСД-600)";"нужен Wordstat";"Номер чертежа";"/catalog/zapasnye-chasti-i-komplektuyushchie/zapchasti-dlya-drobilok/drobilki-konusnye/dro-592-ksd-600/korpus-nepodvizhnogo-konusa-1029702100/";""
"1029702102";"нужен Wordstat";"Номер чертежа";"/catalog/zapasnye-chasti-i-komplektuyushchie/zapchasti-dlya-drobilok/drobilki-konusnye/dro-592-ksd-600/konus-nepodvizhnyy-bronya-ksd-600-1029702102-297-2-1-2/";""
"1029702102 ДРО-592 (КСД-600)";"нужен Wordstat";"Номер чертежа";"/catalog/zapasnye-chasti-i-komplektuyushchie/zapchasti-dlya-drobilok/drobilki-konusnye/dro-592-ksd-600/konus-nepodvizhnyy-bronya-ksd-600-1029702102-297-2-1-2/";""
"1029702105";"нужен Wordstat";"Номер чертежа";"/catalog/zapasnye-chasti-i-komplektuyushchie/zapchasti-dlya-drobilok/drobilki-konusnye/dro-592-ksd-600/bolt-m24kh165-1029702105-dro-592-ksd-600/";""
"1029702105 ДРО-592 (КСД-600)";"нужен Wordstat";"Номер чертежа";"/catalog/zapasnye-chasti-i-komplektuyushchie/zapchasti-dlya-drobilok/drobilki-konusnye/dro-592-ksd-600/bolt-m24kh165-1029702105-dro-592-ksd-600/";""
"1029702200";"нужен Wordstat";"Номер чертежа";"/catalog/zapasnye-chasti-i-komplektuyushchie/zapchasti-dlya-drobilok/drobilki-konusnye/dro-592-ksd-600/voronka-1029702200/";""
"1029702200 ДРО-592 (КСД-600)";"нужен Wordstat";"Номер чертежа";"/catalog/zapasnye-chasti-i-komplektuyushchie/zapchasti-dlya-drobilok/drobilki-konusnye/dro-592-ksd-600/voronka-1029702200/";""
"1029702300";"нужен Wordstat";"Номер чертежа";"/catalog/zapasnye-chasti-i-komplektuyushchie/zapchasti-dlya-drobilok/drobilki-konusnye/dro-592-ksd-600/korpus-ustanovochnyy-1029702300/";""
"1029702300 ДРО-592 (КСД-600)";"нужен Wordstat";"Номер чертежа";"/catalog/zapasnye-chasti-i-komplektuyushchie/zapchasti-dlya-drobilok/drobilki-konusnye/dro-592-ksd-600/korpus-ustanovochnyy-1029702300/";""
"1029704100";"нужен Wordstat";"Номер чертежа";"/catalog/zapasnye-chasti-i-komplektuyushchie/zapchasti-dlya-drobilok/drobilki-konusnye/dro-592-ksd-600/golovka-kozhukha-1029704100-dro-592-ksd-600/";""
"1029704100 ДРО-592 (КСД-600)";"нужен Wordstat";"Номер чертежа";"/catalog/zapasnye-chasti-i-komplektuyushchie/zapchasti-dlya-drobilok/drobilki-konusnye/dro-592-ksd-600/golovka-kozhukha-1029704100-dro-592-ksd-600/";""
"1029704300";"нужен Wordstat";"Номер чертежа";"/catalog/zapasnye-chasti-i-komplektuyushchie/zapchasti-dlya-drobilok/drobilki-konusnye/dro-592-ksd-600/kozhukh-drobyashchiy-1029704300-dro-592-ksd-600/";""
"1029704300 ДРО-592 (КСД-600)";"нужен Wordstat";"Номер чертежа";"/catalog/zapasnye-chasti-i-komplektuyushchie/zapchasti-dlya-drobilok/drobilki-konusnye/dro-592-ksd-600/kozhukh-drobyashchiy-1029704300-dro-592-ksd-600/";""
"1029705003";"нужен Wordstat";"Номер чертежа";"/catalog/zapasnye-chasti-i-komplektuyushchie/zapchasti-dlya-drobilok/drobilki-konusnye/dro-592-ksd-600/vorotnik-protivopylnyy-1029705003-297-5-0-3-dro-592-ksd-600/";""
"1029705003 ДРО-592 (КСД-600)";"нужен Wordstat";"Номер чертежа";"/catalog/zapasnye-chasti-i-komplektuyushchie/zapchasti-dlya-drobilok/drobilki-konusnye/dro-592-ksd-600/vorotnik-protivopylnyy-1029705003-297-5-0-3-dro-592-ksd-600/";""
"1029705100";"нужен Wordstat";"Номер чертежа";"/catalog/zapasnye-chasti-i-komplektuyushchie/zapchasti-dlya-drobilok/drobilki-konusnye/dro-592-ksd-600/khomut-1029705100/";""
"1029705100 ДРО-592 (КСД-600)";"нужен Wordstat";"Номер чертежа";"/catalog/zapasnye-chasti-i-komplektuyushchie/zapchasti-dlya-drobilok/drobilki-konusnye/dro-592-ksd-600/khomut-1029705100/";""
"1029706001";"нужен Wordstat";"Номер чертежа";"/catalog/zapasnye-chasti-i-komplektuyushchie/zapchasti-dlya-drobilok/drobilki-konusnye/dro-592-ksd-600/koleso-zubchatoe-1029706001-dro-592-ksd-600/";""
"1029706001 ДРО-592 (КСД-600)";"нужен Wordstat";"Номер чертежа";"/catalog/zapasnye-chasti-i-komplektuyushchie/zapchasti-dlya-drobilok/drobilki-konusnye/dro-592-ksd-600/koleso-zubchatoe-1029706001-dro-592-ksd-600/";""
"1029706002";"нужен Wordstat";"Номер чертежа";"/catalog/zapasnye-chasti-i-komplektuyushchie/zapchasti-dlya-drobilok/drobilki-konusnye/dro-592-ksd-600/vtulka-konusnaya-verkhnyaya-1029706002-297-6-0-2-dro-592-ksd-600/";""
"1029706002 ДРО-592 (КСД-600)";"нужен Wordstat";"Номер чертежа";"/catalog/zapasnye-chasti-i-komplektuyushchie/zapchasti-dlya-drobilok/drobilki-konusnye/dro-592-ksd-600/vtulka-konusnaya-verkhnyaya-1029706002-297-6-0-2-dro-592-ksd-600/";""
"1029706004";"нужен Wordstat";"Номер чертежа";"/catalog/zapasnye-chasti-i-komplektuyushchie/zapchasti-dlya-drobilok/drobilki-konusnye/dro-592-ksd-600/vtulka-konusnaya-nizhnyaya-1029706004-297-6-0-4-dro-592-ksd-600/";""
"1029706004 ДРО-592 (КСД-600)";"нужен Wordstat";"Номер чертежа";"/catalog/zapasnye-chasti-i-komplektuyushchie/zapchasti-dlya-drobilok/drobilki-konusnye/dro-592-ksd-600/vtulka-konusnaya-nizhnyaya-1029706004-297-6-0-4-dro-592-ksd-600/";""
"1029706005";"нужен Wordstat";"Номер чертежа";"/catalog/zapasnye-chasti-i-komplektuyushchie/zapchasti-dlya-drobilok/drobilki-konusnye/dro-592-ksd-600/disk-verkhniy-1029706005-dro-592-ksd-600/";""
"1029706005 ДРО-592 (КСД-600)";"нужен Wordstat";"Номер чертежа";"/catalog/zapasnye-chasti-i-komplektuyushchie/zapchasti-dlya-drobilok/drobilki-konusnye/dro-592-ksd-600/disk-verkhniy-1029706005-dro-592-ksd-600/";""
"1029706009";"нужен Wordstat";"Номер чертежа";"/catalog/zapasnye-chasti-i-komplektuyushchie/zapchasti-dlya-drobilok/drobilki-konusnye/dro-592-ksd-600/shponka-1029706009-dro-592-ksd-600/";""
"1029706009 ДРО-592 (КСД-600)";"нужен Wordstat";"Номер чертежа";"/catalog/zapasnye-chasti-i-komplektuyushchie/zapchasti-dlya-drobilok/drobilki-konusnye/dro-592-ksd-600/shponka-1029706009-dro-592-ksd-600/";""
"1029707004";"нужен Wordstat";"Номер чертежа";"/catalog/zapasnye-chasti-i-komplektuyushchie/zapchasti-dlya-drobilok/drobilki-konusnye/dro-592-ksd-600/shkiv-privoda-1029707004-dro-592-ksd-600/";""
"1029707004 ДРО-592 (КСД-600)";"нужен Wordstat";"Номер чертежа";"/catalog/zapasnye-chasti-i-komplektuyushchie/zapchasti-dlya-drobilok/drobilki-konusnye/dro-592-ksd-600/shkiv-privoda-1029707004-dro-592-ksd-600/";""
"1048800006-10";"нужен Wordstat";"Номер чертежа";"/catalog/zapasnye-chasti-i-komplektuyushchie/zapchasti-dlya-drobilok/drobilki-konusnye/dro-592-ksd-600/shkiv-elektrodvigatelya-1048800006-10-dro-592-ksd-600/";""
"1048800006-10 ДРО-592 (КСД-600)";"нужен Wordstat";"Номер чертежа";"/catalog/zapasnye-chasti-i-komplektuyushchie/zapchasti-dlya-drobilok/drobilki-konusnye/dro-592-ksd-600/shkiv-elektrodvigatelya-1048800006-10-dro-592-ksd-600/";""
"1048902000-10";"нужен Wordstat";"Номер чертежа";"/catalog/zapasnye-chasti-i-komplektuyushchie/zapchasti-dlya-drobilok/drobilki-shchekovye/smd-108a/shcheka-v-sbore-smd-108a-1048902000-10/";""
"1048902000-10 СМД-108А";"нужен Wordstat";"Номер чертежа";"/catalog/zapasnye-chasti-i-komplektuyushchie/zapchasti-dlya-drobilok/drobilki-shchekovye/smd-108a/shcheka-v-sbore-smd-108a-1048902000-10/";""
"1048902003";"нужен Wordstat";"Номер чертежа";"/catalog/zapasnye-chasti-i-komplektuyushchie/zapchasti-dlya-drobilok/drobilki-shchekovye/smd-108a/shcheka-golaya-smd-108a-1048902003/";""
"1048902003 СМД-108А";"нужен Wordstat";"Номер чертежа";"/catalog/zapasnye-chasti-i-komplektuyushchie/zapchasti-dlya-drobilok/drobilki-shchekovye/smd-108a/shcheka-golaya-smd-108a-1048902003/";""
"104890200300";"нужен Wordstat";"Номер чертежа";"/catalog/zapasnye-chasti-i-komplektuyushchie/zapchasti-dlya-drobilok/drobilki-shchekovye/smd-108a/shcheka-golaya-smd-108a-1048902003/";"альтернативное обозначение"
"1048902005";"нужен Wordstat";"Номер чертежа";"/catalog/zapasnye-chasti-i-komplektuyushchie/zapchasti-dlya-drobilok/drobilki-shchekovye/smd-108a/shkiv-1048902005/";""
"1048902005 СМД-108А";"нужен Wordstat";"Номер чертежа";"/catalog/zapasnye-chasti-i-komplektuyushchie/zapchasti-dlya-drobilok/drobilki-shchekovye/smd-108a/shkiv-1048902005/";""
"104890200500";"нужен Wordstat";"Номер чертежа";"/catalog/zapasnye-chasti-i-komplektuyushchie/zapchasti-dlya-drobilok/drobilki-shchekovye/smd-108a/shkiv-1048902005/";"альтернативное обозначение"
"1048902007";"нужен Wordstat";"Номер чертежа";"/catalog/zapasnye-chasti-i-komplektuyushchie/zapchasti-dlya-drobilok/drobilki-shchekovye/smd-108a/vtulka-1048902007-4844802007/";""
"1048902007";"нужен Wordstat";"Номер чертежа";"/catalog/zapasnye-chasti-i-komplektuyushchie/zapchasti-dlya-drobilok/drobilki-shchekovye/smd-109a/vtulka-smd-109a-1048902007-4844802007/";""
"1048902007 СМД-108А";"нужен Wordstat";"Номер чертежа";"/catalog/zapasnye-chasti-i-komplektuyushchie/zapchasti-dlya-drobilok/drobilki-shchekovye/smd-108a/vtulka-1048902007-4844802007/";""
"1048902007 СМД-109А";"нужен Wordstat";"Номер чертежа";"/catalog/zapasnye-chasti-i-komplektuyushchie/zapchasti-dlya-drobilok/drobilki-shchekovye/smd-109a/vtulka-smd-109a-1048902007-4844802007/";""
"104890200700";"нужен Wordstat";"Номер чертежа";"/catalog/zapasnye-chasti-i-komplektuyushchie/zapchasti-dlya-drobilok/drobilki-shchekovye/smd-108a/vtulka-1048902007-4844802007/";"альтернативное обозначение"
"1048902009";"нужен Wordstat";"Номер чертежа";"/catalog/zapasnye-chasti-i-komplektuyushchie/zapchasti-dlya-drobilok/drobilki-shchekovye/smd-108a/koltso-upornoe-1048902009/";""
"1048902009 СМД-108А";"нужен Wordstat";"Номер чертежа";"/catalog/zapasnye-chasti-i-komplektuyushchie/zapchasti-dlya-drobilok/drobilki-shchekovye/smd-108a/koltso-upornoe-1048902009/";""
"104890200900";"нужен Wordstat";"Номер чертежа";"/catalog/zapasnye-chasti-i-komplektuyushchie/zapchasti-dlya-drobilok/drobilki-shchekovye/smd-108a/koltso-upornoe-1048902009/";"альтернативное обозначение"
"1048903002";"нужен Wordstat";"Номер чертежа";"/catalog/zapasnye-chasti-i-komplektuyushchie/zapchasti-dlya-drobilok/drobilki-shchekovye/smd-108a/vint-regulirovochnyy-1048905011-1048903002/";"альтернативное обозначение"
"1048903002";"нужен Wordstat";"Номер чертежа";"/catalog/zapasnye-chasti-i-komplektuyushchie/zapchasti-dlya-drobilok/drobilki-shchekovye/smd-109a/vint-regulirovochnyy-1048905011-1048903002-smd-109/";"альтернативное обозначение"
"1048903009";"нужен Wordstat";"Номер чертежа";"/catalog/zapasnye-chasti-i-komplektuyushchie/zapchasti-dlya-drobilok/drobilki-shchekovye/smd-108a/klin-regulirovochnyy-1048903009/";""
"1048903009";"нужен Wordstat";"Номер чертежа";"/catalog/zapasnye-chasti-i-komplektuyushchie/zapchasti-dlya-drobilok/drobilki-shchekovye/smd-109a/klin-regulirovochnyy-1048903009-smd-109a/";""
"1048903009 СМД-108А";"нужен Wordstat";"Номер чертежа";"/catalog/zapasnye-chasti-i-komplektuyushchie/zapchasti-dlya-drobilok/drobilki-shchekovye/smd-108a/klin-regulirovochnyy-1048903009/";""
"1048903009 СМД-109А";"нужен Wordstat";"Номер чертежа";"/catalog/zapasnye-chasti-i-komplektuyushchie/zapchasti-dlya-drobilok/drobilki-shchekovye/smd-109a/klin-regulirovochnyy-1048903009-smd-109a/";""
"104890300900";"нужен Wordstat";"Номер чертежа";"/catalog/zapasnye-chasti-i-komplektuyushchie/zapchasti-dlya-drobilok/drobilki-shchekovye/smd-108a/klin-regulirovochnyy-1048903009/";"альтернативное обозначение"
"104890300900";"нужен Wordstat";"Номер чертежа";"/catalog/zapasnye-chasti-i-komplektuyushchie/zapchasti-dlya-drobilok/drobilki-shchekovye/smd-109a/klin-regulirovochnyy-1048903009-smd-109a/";"альтернативное обозначение"
"1048903302";"нужен Wordstat";"Номер чертежа";"/catalog/zapasnye-chasti-i-komplektuyushchie/zapchasti-dlya-drobilok/drobilki-shchekovye/smd-108a/polzun-1048903302/";""
"1048903302";"нужен Wordstat";"Номер чертежа";"/catalog/zapasnye-chasti-i-komplektuyushchie/zapchasti-dlya-drobilok/drobilki-shchekovye/smd-109a/polzun-1048903302-smd-109a/";""
"1048903302 СМД-108А";"нужен Wordstat";"Номер чертежа";"/catalog/zapasnye-chasti-i-komplektuyushchie/zapchasti-dlya-drobilok/drobilki-shchekovye/smd-108a/polzun-1048903302/";""
"1048903302 СМД-109А";"нужен Wordstat";"Номер чертежа";"/catalog/zapasnye-chasti-i-komplektuyushchie/zapchasti-dlya-drobilok/drobilki-shchekovye/smd-109a/polzun-1048903302-smd-109a/";""
"104890330200";"нужен Wordstat";"Номер чертежа";"/catalog/zapasnye-chasti-i-komplektuyushchie/zapchasti-dlya-drobilok/drobilki-shchekovye/smd-109a/polzun-1048903302-smd-109a/";"альтернативное обозначение"
"1048905000";"нужен Wordstat";"Номер чертежа";"/catalog/zapasnye-chasti-i-komplektuyushchie/zapchasti-dlya-drobilok/drobilki-shchekovye/smd-108a/mekhanizm-regulirovaniya-shcheli-sb-smd-108a-1048905000/";""
"1048905000";"нужен Wordstat";"Номер чертежа";"/catalog/zapasnye-chasti-i-komplektuyushchie/zapchasti-dlya-drobilok/drobilki-shchekovye/smd-109a/mekhanizm-regulirovaniya-shcheli-sb-smd-109a-1048905000/";""
"1048905000 СМД-108А";"нужен Wordstat";"Номер чертежа";"/catalog/zapasnye-chasti-i-komplektuyushchie/zapchasti-dlya-drobilok/drobilki-shchekovye/smd-108a/mekhanizm-regulirovaniya-shcheli-sb-smd-108a-1048905000/";""
"1048905000 СМД-109А";"нужен Wordstat";"Номер чертежа";"/catalog/zapasnye-chasti-i-komplektuyushchie/zapchasti-dlya-drobilok/drobilki-shchekovye/smd-109a/mekhanizm-regulirovaniya-shcheli-sb-smd-109a-1048905000/";""
"104890500000";"нужен Wordstat";"Номер чертежа";"/catalog/zapasnye-chasti-i-komplektuyushchie/zapchasti-dlya-drobilok/drobilki-shchekovye/smd-108a/mekhanizm-regulirovaniya-shcheli-sb-smd-108a-1048905000/";"альтернативное обозначение"
"104890500000";"нужен Wordstat";"Номер чертежа";"/catalog/zapasnye-chasti-i-komplektuyushchie/zapchasti-dlya-drobilok/drobilki-shchekovye/smd-109a/mekhanizm-regulirovaniya-shcheli-sb-smd-109a-1048905000/";"альтернативное обозначение"
"1048905011";"нужен Wordstat";"Номер чертежа";"/catalog/zapasnye-chasti-i-komplektuyushchie/zapchasti-dlya-drobilok/drobilki-shchekovye/smd-108a/vint-regulirovochnyy-1048905011-1048903002/";""
"1048905011";"нужен Wordstat";"Номер чертежа";"/catalog/zapasnye-chasti-i-komplektuyushchie/zapchasti-dlya-drobilok/drobilki-shchekovye/smd-109a/vint-regulirovochnyy-1048905011-1048903002-smd-109/";""
"1048905011 СМД-108А";"нужен Wordstat";"Номер чертежа";"/catalog/zapasnye-chasti-i-komplektuyushchie/zapchasti-dlya-drobilok/drobilki-shchekovye/smd-108a/vint-regulirovochnyy-1048905011-1048903002/";""
"1048905011 СМД-109А";"нужен Wordstat";"Номер чертежа";"/catalog/zapasnye-chasti-i-komplektuyushchie/zapchasti-dlya-drobilok/drobilki-shchekovye/smd-109a/vint-regulirovochnyy-1048905011-1048903002-smd-109/";""
"104890501100";"нужен Wordstat";"Номер чертежа";"/catalog/zapasnye-chasti-i-komplektuyushchie/zapchasti-dlya-drobilok/drobilki-shchekovye/smd-108a/vint-regulirovochnyy-1048905011-1048903002/";"альтернативное обозначение"
"104890501100";"нужен Wordstat";"Номер чертежа";"/catalog/zapasnye-chasti-i-komplektuyushchie/zapchasti-dlya-drobilok/drobilki-shchekovye/smd-109a/vint-regulirovochnyy-1048905011-1048903002-smd-109/";"альтернативное обозначение"
"1048911000";"нужен Wordstat";"Номер чертежа";"/catalog/zapasnye-chasti-i-komplektuyushchie/zapchasti-dlya-drobilok/drobilki-shchekovye/smd-108a/stanina-smd-108a-1048911000/";""
"1048911000 СМД-108А";"нужен Wordstat";"Номер чертежа";"/catalog/zapasnye-chasti-i-komplektuyushchie/zapchasti-dlya-drobilok/drobilki-shchekovye/smd-108a/stanina-smd-108a-1048911000/";""
"104891100000";"нужен Wordstat";"Номер чертежа";"/catalog/zapasnye-chasti-i-komplektuyushchie/zapchasti-dlya-drobilok/drobilki-shchekovye/smd-108a/stanina-smd-108a-1048911000/";"альтернативное обозначение"
"1049002000-10";"нужен Wordstat";"Номер чертежа";"/catalog/zapasnye-chasti-i-komplektuyushchie/zapchasti-dlya-drobilok/drobilki-shchekovye/smd-109a/shcheka-v-sbore-smd-109a-1049002000-10/";""
"1049002000-10 СМД-109А";"нужен Wordstat";"Номер чертежа";"/catalog/zapasnye-chasti-i-komplektuyushchie/zapchasti-dlya-drobilok/drobilki-shchekovye/smd-109a/shcheka-v-sbore-smd-109a-1049002000-10/";""
"1049002001";"нужен Wordstat";"Номер чертежа";"/catalog/zapasnye-chasti-i-komplektuyushchie/zapchasti-dlya-drobilok/drobilki-shchekovye/smd-108a/val-ekstsentrikovyy-1049002001/";""
"1049002001";"нужен Wordstat";"Номер чертежа";"/catalog/zapasnye-chasti-i-komplektuyushchie/zapchasti-dlya-drobilok/drobilki-shchekovye/smd-109a/val-ekstsentrikovyy-smd-109a-1049002001/";""
"1049002001 СМД-108А";"нужен Wordstat";"Номер чертежа";"/catalog/zapasnye-chasti-i-komplektuyushchie/zapchasti-dlya-drobilok/drobilki-shchekovye/smd-108a/val-ekstsentrikovyy-1049002001/";""
"1049002001 СМД-109А";"нужен Wordstat";"Номер чертежа";"/catalog/zapasnye-chasti-i-komplektuyushchie/zapchasti-dlya-drobilok/drobilki-shchekovye/smd-109a/val-ekstsentrikovyy-smd-109a-1049002001/";""
"104900200100";"нужен Wordstat";"Номер чертежа";"/catalog/zapasnye-chasti-i-komplektuyushchie/zapchasti-dlya-drobilok/drobilki-shchekovye/smd-108a/val-ekstsentrikovyy-1049002001/";"альтернативное обозначение"
"104900200100";"нужен Wordstat";"Номер чертежа";"/catalog/zapasnye-chasti-i-komplektuyushchie/zapchasti-dlya-drobilok/drobilki-shchekovye/smd-109a/val-ekstsentrikovyy-smd-109a-1049002001/";"альтернативное обозначение"
"1049002002";"нужен Wordstat";"Номер чертежа";"/catalog/zapasnye-chasti-i-komplektuyushchie/zapchasti-dlya-drobilok/drobilki-shchekovye/smd-109a/shcheka-golaya-smd-109a-1049002002/";""
"1049002002 СМД-109А";"нужен Wordstat";"Номер чертежа";"/catalog/zapasnye-chasti-i-komplektuyushchie/zapchasti-dlya-drobilok/drobilki-shchekovye/smd-109a/shcheka-golaya-smd-109a-1049002002/";""
"104900200200";"нужен Wordstat";"Номер чертежа";"/catalog/zapasnye-chasti-i-komplektuyushchie/zapchasti-dlya-drobilok/drobilki-shchekovye/smd-109a/shcheka-golaya-smd-109a-1049002002/";"альтернативное обозначение"
"1049002004";"нужен Wordstat";"Номер чертежа";"/catalog/zapasnye-chasti-i-komplektuyushchie/zapchasti-dlya-drobilok/drobilki-shchekovye/smd-108a/kryshka-stakana-1049002004/";""
"1049002004";"нужен Wordstat";"Номер чертежа";"/catalog/zapasnye-chasti-i-komplektuyushchie/zapchasti-dlya-drobilok/drobilki-shchekovye/smd-109a/kryshka-stakana-smd-109a-1049002004/";""
"1049002004 СМД-108А";"нужен Wordstat";"Номер чертежа";"/catalog/zapasnye-chasti-i-komplektuyushchie/zapchasti-dlya-drobilok/drobilki-shchekovye/smd-108a/kryshka-stakana-1049002004/";""
"1049002004 СМД-109А";"нужен Wordstat";"Номер чертежа";"/catalog/zapasnye-chasti-i-komplektuyushchie/zapchasti-dlya-drobilok/drobilki-shchekovye/smd-109a/kryshka-stakana-smd-109a-1049002004/";""
"104900200400";"нужен Wordstat";"Номер чертежа";"/catalog/zapasnye-chasti-i-komplektuyushchie/zapchasti-dlya-drobilok/drobilki-shchekovye/smd-108a/kryshka-stakana-1049002004/";"альтернативное обозначение"
"104900200400";"нужен Wordstat";"Номер чертежа";"/catalog/zapasnye-chasti-i-komplektuyushchie/zapchasti-dlya-drobilok/drobilki-shchekovye/smd-109a/kryshka-stakana-smd-109a-1049002004/";"альтернативное обозначение"
"1049002005";"нужен Wordstat";"Номер чертежа";"/catalog/zapasnye-chasti-i-komplektuyushchie/zapchasti-dlya-drobilok/drobilki-shchekovye/smd-108a/prokladka-1049002005/";""
"1049002005";"нужен Wordstat";"Номер чертежа";"/catalog/zapasnye-chasti-i-komplektuyushchie/zapchasti-dlya-drobilok/drobilki-shchekovye/smd-109a/prokladka-smd-109a-1049002005/";""
"1049002005 СМД-108А";"нужен Wordstat";"Номер чертежа";"/catalog/zapasnye-chasti-i-komplektuyushchie/zapchasti-dlya-drobilok/drobilki-shchekovye/smd-108a/prokladka-1049002005/";""
"1049002005 СМД-109А";"нужен Wordstat";"Номер чертежа";"/catalog/zapasnye-chasti-i-komplektuyushchie/zapchasti-dlya-drobilok/drobilki-shchekovye/smd-109a/prokladka-smd-109a-1049002005/";""
"104900200500";"нужен Wordstat";"Номер чертежа";"/catalog/zapasnye-chasti-i-komplektuyushchie/zapchasti-dlya-drobilok/drobilki-shchekovye/smd-109a/prokladka-smd-109a-1049002005/";"альтернативное обозначение"
"1049002006-10";"нужен Wordstat";"Номер чертежа";"/catalog/zapasnye-chasti-i-komplektuyushchie/zapchasti-dlya-drobilok/drobilki-shchekovye/smd-108a/kryshka-shcheki-1049002006-10/";""
"1049002006-10";"нужен Wordstat";"Номер чертежа";"/catalog/zapasnye-chasti-i-komplektuyushchie/zapchasti-dlya-drobilok/drobilki-shchekovye/smd-109a/kryshka-shcheki-1049002006-10-smd-109a/";""
"1049002006-10 СМД-108А";"нужен Wordstat";"Номер чертежа";"/catalog/zapasnye-chasti-i-komplektuyushchie/zapchasti-dlya-drobilok/drobilki-shchekovye/smd-108a/kryshka-shcheki-1049002006-10/";""
"1049002006-10 СМД-109А";"нужен Wordstat";"Номер чертежа";"/catalog/zapasnye-chasti-i-komplektuyushchie/zapchasti-dlya-drobilok/drobilki-shchekovye/smd-109a/kryshka-shcheki-1049002006-10-smd-109a/";""
"1049002007";"нужен Wordstat";"Номер чертежа";"/catalog/zapasnye-chasti-i-komplektuyushchie/zapchasti-dlya-drobilok/drobilki-shchekovye/smd-108a/prokladka-1049002007/";""
"1049002007";"нужен Wordstat";"Номер чертежа";"/catalog/zapasnye-chasti-i-komplektuyushchie/zapchasti-dlya-drobilok/drobilki-shchekovye/smd-109a/prokladka-1049002007-smd-109a/";""
"1049002007 СМД-108А";"нужен Wordstat";"Номер чертежа";"/catalog/zapasnye-chasti-i-komplektuyushchie/zapchasti-dlya-drobilok/drobilki-shchekovye/smd-108a/prokladka-1049002007/";""
"1049002007 СМД-109А";"нужен Wordstat";"Номер чертежа";"/catalog/zapasnye-chasti-i-komplektuyushchie/zapchasti-dlya-drobilok/drobilki-shchekovye/smd-109a/prokladka-1049002007-smd-109a/";""
"104900200700";"нужен Wordstat";"Номер чертежа";"/catalog/zapasnye-chasti-i-komplektuyushchie/zapchasti-dlya-drobilok/drobilki-shchekovye/smd-109a/prokladka-1049002007-smd-109a/";"альтернативное обозначение"
"1049002011";"нужен Wordstat";"Номер чертежа";"/catalog/zapasnye-chasti-i-komplektuyushchie/zapchasti-dlya-drobilok/drobilki-shchekovye/smd-109a/shkiv-1049002011/";""
"1049002011 СМД-109А";"нужен Wordstat";"Номер чертежа";"/catalog/zapasnye-chasti-i-komplektuyushchie/zapchasti-dlya-drobilok/drobilki-shchekovye/smd-109a/shkiv-1049002011/";""
"104900201100";"нужен Wordstat";"Номер чертежа";"/catalog/zapasnye-chasti-i-komplektuyushchie/zapchasti-dlya-drobilok/drobilki-shchekovye/smd-109a/shkiv-1049002011/";"альтернативное обозначение"
"1049002014";"нужен Wordstat";"Номер чертежа";"/catalog/zapasnye-chasti-i-komplektuyushchie/zapchasti-dlya-drobilok/drobilki-shchekovye/smd-110a/klin-krepleniya-podvizhnoy-plity-1049002014/";""
"1049002014 СМД-110А";"нужен Wordstat";"Номер чертежа";"/catalog/zapasnye-chasti-i-komplektuyushchie/zapchasti-dlya-drobilok/drobilki-shchekovye/smd-110a/klin-krepleniya-podvizhnoy-plity-1049002014/";""
"104900201400";"нужен Wordstat";"Номер чертежа";"/catalog/zapasnye-chasti-i-komplektuyushchie/zapchasti-dlya-drobilok/drobilki-shchekovye/smd-110a/klin-krepleniya-podvizhnoy-plity-1049002014/";"альтернативное обозначение"
"1049002015";"нужен Wordstat";"Номер чертежа";"/catalog/zapasnye-chasti-i-komplektuyushchie/zapchasti-dlya-drobilok/drobilki-shchekovye/smd-110a/klin-krepleniya-podvizhnoy-plity-1049002015/";""
"1049002015 СМД-110А";"нужен Wordstat";"Номер чертежа";"/catalog/zapasnye-chasti-i-komplektuyushchie/zapchasti-dlya-drobilok/drobilki-shchekovye/smd-110a/klin-krepleniya-podvizhnoy-plity-1049002015/";""
"104900201500";"нужен Wordstat";"Номер чертежа";"/catalog/zapasnye-chasti-i-komplektuyushchie/zapchasti-dlya-drobilok/drobilki-shchekovye/smd-110a/klin-krepleniya-podvizhnoy-plity-1049002015/";"альтернативное обозначение"
"1049002016";"нужен Wordstat";"Номер чертежа";"/catalog/zapasnye-chasti-i-komplektuyushchie/zapchasti-dlya-drobilok/drobilki-shchekovye/smd-110a/prokladka-1049002016/";""
"1049002016 СМД-110А";"нужен Wordstat";"Номер чертежа";"/catalog/zapasnye-chasti-i-komplektuyushchie/zapchasti-dlya-drobilok/drobilki-shchekovye/smd-110a/prokladka-1049002016/";""
"104900201600";"нужен Wordstat";"Номер чертежа";"/catalog/zapasnye-chasti-i-komplektuyushchie/zapchasti-dlya-drobilok/drobilki-shchekovye/smd-110a/prokladka-1049002016/";"альтернативное обозначение"
"1049002100";"нужен Wordstat";"Номер чертежа";"/catalog/zapasnye-chasti-i-komplektuyushchie/zapchasti-dlya-drobilok/drobilki-shchekovye/smd-108a/stakan-levyy-1049002100/";""
"1049002100";"нужен Wordstat";"Номер чертежа";"/catalog/zapasnye-chasti-i-komplektuyushchie/zapchasti-dlya-drobilok/drobilki-shchekovye/smd-109a/stakan-levyy-1049002100-smd-109a/";""
"1049002100 СМД-108А";"нужен Wordstat";"Номер чертежа";"/catalog/zapasnye-chasti-i-komplektuyushchie/zapchasti-dlya-drobilok/drobilki-shchekovye/smd-108a/stakan-levyy-1049002100/";""
"1049002100 СМД-109А";"нужен Wordstat";"Номер чертежа";"/catalog/zapasnye-chasti-i-komplektuyushchie/zapchasti-dlya-drobilok/drobilki-shchekovye/smd-109a/stakan-levyy-1049002100-smd-109a/";""
"104900210000";"нужен Wordstat";"Номер чертежа";"/catalog/zapasnye-chasti-i-komplektuyushchie/zapchasti-dlya-drobilok/drobilki-shchekovye/smd-108a/stakan-levyy-1049002100/";"альтернативное обозначение"
"104900210000";"нужен Wordstat";"Номер чертежа";"/catalog/zapasnye-chasti-i-komplektuyushchie/zapchasti-dlya-drobilok/drobilki-shchekovye/smd-109a/stakan-levyy-1049002100-smd-109a/";"альтернативное обозначение"
"1049002200";"нужен Wordstat";"Номер чертежа";"/catalog/zapasnye-chasti-i-komplektuyushchie/zapchasti-dlya-drobilok/drobilki-shchekovye/smd-108a/stakan-pravyy-1049002200/";""
"1049002200";"нужен Wordstat";"Номер чертежа";"/catalog/zapasnye-chasti-i-komplektuyushchie/zapchasti-dlya-drobilok/drobilki-shchekovye/smd-109a/stakan-pravyy-1049002200-smd-109a/";""
"1049002200 СМД-108А";"нужен Wordstat";"Номер чертежа";"/catalog/zapasnye-chasti-i-komplektuyushchie/zapchasti-dlya-drobilok/drobilki-shchekovye/smd-108a/stakan-pravyy-1049002200/";""
"1049002200 СМД-109А";"нужен Wordstat";"Номер чертежа";"/catalog/zapasnye-chasti-i-komplektuyushchie/zapchasti-dlya-drobilok/drobilki-shchekovye/smd-109a/stakan-pravyy-1049002200-smd-109a/";""
"104900220000";"нужен Wordstat";"Номер чертежа";"/catalog/zapasnye-chasti-i-komplektuyushchie/zapchasti-dlya-drobilok/drobilki-shchekovye/smd-109a/stakan-pravyy-1049002200-smd-109a/";"альтернативное обозначение"
"1049011000";"нужен Wordstat";"Номер чертежа";"/catalog/zapasnye-chasti-i-komplektuyushchie/zapchasti-dlya-drobilok/drobilki-shchekovye/smd-109a/stanina-smd-109a-1049011000/";""
"1049011000 СМД-109А";"нужен Wordstat";"Номер чертежа";"/catalog/zapasnye-chasti-i-komplektuyushchie/zapchasti-dlya-drobilok/drobilki-shchekovye/smd-109a/stanina-smd-109a-1049011000/";""
"1049016100";"нужен Wordstat";"Номер чертежа";"/catalog/zapasnye-chasti-i-komplektuyushchie/zapchasti-dlya-drobilok/drobilki-shchekovye/smd-108a/shkaf-upravleniya-smd-108a-1049016100/";""
"1049016100";"нужен Wordstat";"Номер чертежа";"/catalog/zapasnye-chasti-i-komplektuyushchie/zapchasti-dlya-drobilok/drobilki-shchekovye/smd-109a/shkaf-upravleniya-smd-109a-1049016100/";""
"1049016100 СМД-108А";"нужен Wordstat";"Номер чертежа";"/catalog/zapasnye-chasti-i-komplektuyushchie/zapchasti-dlya-drobilok/drobilki-shchekovye/smd-108a/shkaf-upravleniya-smd-108a-1049016100/";""
"1049016100 СМД-109А";"нужен Wordstat";"Номер чертежа";"/catalog/zapasnye-chasti-i-komplektuyushchie/zapchasti-dlya-drobilok/drobilki-shchekovye/smd-109a/shkaf-upravleniya-smd-109a-1049016100/";""
"1049102000";"нужен Wordstat";"Номер чертежа";"/catalog/zapasnye-chasti-i-komplektuyushchie/zapchasti-dlya-drobilok/drobilki-shchekovye/smd-110a/shcheka-v-sbore-smd-110a-1049102000/";""
"1049102000 СМД-110А";"нужен Wordstat";"Номер чертежа";"/catalog/zapasnye-chasti-i-komplektuyushchie/zapchasti-dlya-drobilok/drobilki-shchekovye/smd-110a/shcheka-v-sbore-smd-110a-1049102000/";""
"104910200000";"нужен Wordstat";"Номер чертежа";"/catalog/zapasnye-chasti-i-komplektuyushchie/zapchasti-dlya-drobilok/drobilki-shchekovye/smd-110a/shcheka-v-sbore-smd-110a-1049102000/";"альтернативное обозначение"
"104910200110";"нужен Wordstat";"Номер чертежа";"/catalog/zapasnye-chasti-i-komplektuyushchie/zapchasti-dlya-drobilok/drobilki-shchekovye/smd-110a/kryshka-shcheki-104910200110/";""
"104910200110 СМД-110А";"нужен Wordstat";"Номер чертежа";"/catalog/zapasnye-chasti-i-komplektuyushchie/zapchasti-dlya-drobilok/drobilki-shchekovye/smd-110a/kryshka-shcheki-104910200110/";""
"1049102002";"нужен Wordstat";"Номер чертежа";"/catalog/zapasnye-chasti-i-komplektuyushchie/zapchasti-dlya-drobilok/drobilki-shchekovye/smd-110a/prokladka-1049102002-1049102002-10-1049102002-20/";""
"1049102002 СМД-110А";"нужен Wordstat";"Номер чертежа";"/catalog/zapasnye-chasti-i-komplektuyushchie/zapchasti-dlya-drobilok/drobilki-shchekovye/smd-110a/prokladka-1049102002-1049102002-10-1049102002-20/";""
"1049102002-10";"нужен Wordstat";"Номер чертежа";"/catalog/zapasnye-chasti-i-komplektuyushchie/zapchasti-dlya-drobilok/drobilki-shchekovye/smd-110a/prokladka-1049102002-1049102002-10-1049102002-20/";"альтернативное обозначение"
"1049102002-20";"нужен Wordstat";"Номер чертежа";"/catalog/zapasnye-chasti-i-komplektuyushchie/zapchasti-dlya-drobilok/drobilki-shchekovye/smd-110a/prokladka-1049102002-1049102002-10-1049102002-20/";"альтернативное обозначение"
"1049102003";"нужен Wordstat";"Номер чертежа";"/catalog/zapasnye-chasti-i-komplektuyushchie/zapchasti-dlya-drobilok/drobilki-shchekovye/smd-110a/shcheka-golaya-smd-110a-1049102003/";""
"1049102003 СМД-110А";"нужен Wordstat";"Номер чертежа";"/catalog/zapasnye-chasti-i-komplektuyushchie/zapchasti-dlya-drobilok/drobilki-shchekovye/smd-110a/shcheka-golaya-smd-110a-1049102003/";""
"104910200300";"нужен Wordstat";"Номер чертежа";"/catalog/zapasnye-chasti-i-komplektuyushchie/zapchasti-dlya-drobilok/drobilki-shchekovye/smd-110a/shcheka-golaya-smd-110a-1049102003/";"альтернативное обозначение"
"104910200410";"нужен Wordstat";"Номер чертежа";"/catalog/zapasnye-chasti-i-komplektuyushchie/zapchasti-dlya-drobilok/drobilki-shchekovye/smd-110a/kryshka-stakana-smd-110a-104910200410/";""
"104910200410 СМД-110А";"нужен Wordstat";"Номер чертежа";"/catalog/zapasnye-chasti-i-komplektuyushchie/zapchasti-dlya-drobilok/drobilki-shchekovye/smd-110a/kryshka-stakana-smd-110a-104910200410/";""
"1049102005";"нужен Wordstat";"Номер чертежа";"/catalog/zapasnye-chasti-i-komplektuyushchie/zapchasti-dlya-drobilok/drobilki-shchekovye/smd-110a/prokladka-1049102005/";""
"1049102005 СМД-110А";"нужен Wordstat";"Номер чертежа";"/catalog/zapasnye-chasti-i-komplektuyushchie/zapchasti-dlya-drobilok/drobilki-shchekovye/smd-110a/prokladka-1049102005/";""
"104910200500";"нужен Wordstat";"Номер чертежа";"/catalog/zapasnye-chasti-i-komplektuyushchie/zapchasti-dlya-drobilok/drobilki-shchekovye/smd-110a/prokladka-1049102005/";"альтернативное обозначение"
"1049102009";"нужен Wordstat";"Номер чертежа";"/catalog/zapasnye-chasti-i-komplektuyushchie/zapchasti-dlya-drobilok/drobilki-shchekovye/smd-110a/shkiv-1049102009/";""
"1049102009 СМД-110А";"нужен Wordstat";"Номер чертежа";"/catalog/zapasnye-chasti-i-komplektuyushchie/zapchasti-dlya-drobilok/drobilki-shchekovye/smd-110a/shkiv-1049102009/";""
"104910200900";"нужен Wordstat";"Номер чертежа";"/catalog/zapasnye-chasti-i-komplektuyushchie/zapchasti-dlya-drobilok/drobilki-shchekovye/smd-110a/shkiv-1049102009/";"альтернативное обозначение"
"1049102029";"нужен Wordstat";"Номер чертежа";"/catalog/zapasnye-chasti-i-komplektuyushchie/zapchasti-dlya-drobilok/drobilki-shchekovye/smd-110a/sukhar-smd-110a-1049102029/";""
"1049102029 СМД-110А";"нужен Wordstat";"Номер чертежа";"/catalog/zapasnye-chasti-i-komplektuyushchie/zapchasti-dlya-drobilok/drobilki-shchekovye/smd-110a/sukhar-smd-110a-1049102029/";""
"1049102100";"нужен Wordstat";"Номер чертежа";"/catalog/zapasnye-chasti-i-komplektuyushchie/zapchasti-dlya-drobilok/drobilki-shchekovye/smd-110a/stakan-levyy-1049102100/";""
"1049102100 СМД-110А";"нужен Wordstat";"Номер чертежа";"/catalog/zapasnye-chasti-i-komplektuyushchie/zapchasti-dlya-drobilok/drobilki-shchekovye/smd-110a/stakan-levyy-1049102100/";""
"104910210000";"нужен Wordstat";"Номер чертежа";"/catalog/zapasnye-chasti-i-komplektuyushchie/zapchasti-dlya-drobilok/drobilki-shchekovye/smd-110a/stakan-levyy-1049102100/";"альтернативное обозначение"
"1049102200";"нужен Wordstat";"Номер чертежа";"/catalog/zapasnye-chasti-i-komplektuyushchie/zapchasti-dlya-drobilok/drobilki-shchekovye/smd-110a/stakan-pravyy-1049102200/";""
"1049102200 СМД-110А";"нужен Wordstat";"Номер чертежа";"/catalog/zapasnye-chasti-i-komplektuyushchie/zapchasti-dlya-drobilok/drobilki-shchekovye/smd-110a/stakan-pravyy-1049102200/";""
"104910220000";"нужен Wordstat";"Номер чертежа";"/catalog/zapasnye-chasti-i-komplektuyushchie/zapchasti-dlya-drobilok/drobilki-shchekovye/smd-110a/stakan-pravyy-1049102200/";"альтернативное обозначение"
"1049103005";"нужен Wordstat";"Номер чертежа";"/catalog/zapasnye-chasti-i-komplektuyushchie/zapchasti-dlya-drobilok/drobilki-shchekovye/smd-110a/vint-regulirovochnyy-1052907001-10-1049103005/";"альтернативное обозначение"
"1049103006";"нужен Wordstat";"Номер чертежа";"/catalog/zapasnye-chasti-i-komplektuyushchie/zapchasti-dlya-drobilok/drobilki-shchekovye/smd-110a/klin-regulirovochnyy-1049103006/";""
"1049103006 СМД-110А";"нужен Wordstat";"Номер чертежа";"/catalog/zapasnye-chasti-i-komplektuyushchie/zapchasti-dlya-drobilok/drobilki-shchekovye/smd-110a/klin-regulirovochnyy-1049103006/";""
"104910300600";"нужен Wordstat";"Номер чертежа";"/catalog/zapasnye-chasti-i-komplektuyushchie/zapchasti-dlya-drobilok/drobilki-shchekovye/smd-110a/klin-regulirovochnyy-1049103006/";"альтернативное обозначение"
"1049103101";"нужен Wordstat";"Номер чертежа";"/catalog/zapasnye-chasti-i-komplektuyushchie/zapchasti-dlya-drobilok/drobilki-shchekovye/smd-110a/polzun-1049103101/";""
"1049103101 СМД-110А";"нужен Wordstat";"Номер чертежа";"/catalog/zapasnye-chasti-i-komplektuyushchie/zapchasti-dlya-drobilok/drobilki-shchekovye/smd-110a/polzun-1049103101/";""
"104910310100";"нужен Wordstat";"Номер чертежа";"/catalog/zapasnye-chasti-i-komplektuyushchie/zapchasti-dlya-drobilok/drobilki-shchekovye/smd-110a/polzun-1049103101/";"альтернативное обозначение"
"1049104000";"нужен Wordstat";"Номер чертежа";"/catalog/zapasnye-chasti-i-komplektuyushchie/zapchasti-dlya-drobilok/drobilki-shchekovye/smd-110a/stanina-smd-110a-1049104000/";""
"1049104000 СМД-110А";"нужен Wordstat";"Номер чертежа";"/catalog/zapasnye-chasti-i-komplektuyushchie/zapchasti-dlya-drobilok/drobilki-shchekovye/smd-110a/stanina-smd-110a-1049104000/";""
"104910400000";"нужен Wordstat";"Номер чертежа";"/catalog/zapasnye-chasti-i-komplektuyushchie/zapchasti-dlya-drobilok/drobilki-shchekovye/smd-110a/stanina-smd-110a-1049104000/";"альтернативное обозначение"
"1049106000";"нужен Wordstat";"Номер чертежа";"/catalog/zapasnye-chasti-i-komplektuyushchie/zapchasti-dlya-drobilok/drobilki-shchekovye/smd-110a/mekhanizm-regulirovaniya-shcheli-sb-smd-110a-1049106000/";""
"1049106000 СМД-110А";"нужен Wordstat";"Номер чертежа";"/catalog/zapasnye-chasti-i-komplektuyushchie/zapchasti-dlya-drobilok/drobilki-shchekovye/smd-110a/mekhanizm-regulirovaniya-shcheli-sb-smd-110a-1049106000/";""
"104910600000";"нужен Wordstat";"Номер чертежа";"/catalog/zapasnye-chasti-i-komplektuyushchie/zapchasti-dlya-drobilok/drobilki-shchekovye/smd-110a/mekhanizm-regulirovaniya-shcheli-sb-smd-110a-1049106000/";"альтернативное обозначение"
"1049116100";"нужен Wordstat";"Номер чертежа";"/catalog/zapasnye-chasti-i-komplektuyushchie/zapchasti-dlya-drobilok/drobilki-shchekovye/smd-110a/shkaf-upravleniya-smd-110a-1049116100/";""
"1049116100 СМД-110А";"нужен Wordstat";"Номер чертежа";"/catalog/zapasnye-chasti-i-komplektuyushchie/zapchasti-dlya-drobilok/drobilki-shchekovye/smd-110a/shkaf-upravleniya-smd-110a-1049116100/";""
"1051000003";"нужен Wordstat";"Номер чертежа";"/catalog/zapasnye-chasti-i-komplektuyushchie/zapchasti-dlya-drobilok/drobilki-konusnye/smd-120a-ksd-900/shkiv-elektrodvigatelya-smd-120a-1051000003/";""
"1051000003 СМД-120А (КСД-900)";"нужен Wordstat";"Номер чертежа";"/catalog/zapasnye-chasti-i-komplektuyushchie/zapchasti-dlya-drobilok/drobilki-konusnye/smd-120a-ksd-900/shkiv-elektrodvigatelya-smd-120a-1051000003/";""
"1051001000";"нужен Wordstat";"Номер чертежа";"/catalog/zapasnye-chasti-i-komplektuyushchie/zapchasti-dlya-drobilok/drobilki-konusnye/smd-120a-ksd-900/korpus-sb-1051001000/";""
"1051001000 СМД-120А (КСД-900)";"нужен Wordstat";"Номер чертежа";"/catalog/zapasnye-chasti-i-komplektuyushchie/zapchasti-dlya-drobilok/drobilki-konusnye/smd-120a-ksd-900/korpus-sb-1051001000/";""
"1051002000-20";"нужен Wordstat";"Номер чертежа";"/catalog/zapasnye-chasti-i-komplektuyushchie/zapchasti-dlya-drobilok/drobilki-konusnye/smd-120a-ksd-900/konus-drobyashchiy-nepodvizhnyy-sb-1051002000-20-smd-120a-ksd-900/";""
"1051002000-20 СМД-120А (КСД-900)";"нужен Wordstat";"Номер чертежа";"/catalog/zapasnye-chasti-i-komplektuyushchie/zapchasti-dlya-drobilok/drobilki-konusnye/smd-120a-ksd-900/konus-drobyashchiy-nepodvizhnyy-sb-1051002000-20-smd-120a-ksd-900/";""
"1051002001";"нужен Wordstat";"Номер чертежа";"/catalog/zapasnye-chasti-i-komplektuyushchie/zapchasti-dlya-drobilok/drobilki-konusnye/smd-120a-ksd-900/korpus-nepodvizhnogo-konusa-1051002001-ksd-900/";""
"1051002001 СМД-120А (КСД-900)";"нужен Wordstat";"Номер чертежа";"/catalog/zapasnye-chasti-i-komplektuyushchie/zapchasti-dlya-drobilok/drobilki-konusnye/smd-120a-ksd-900/korpus-nepodvizhnogo-konusa-1051002001-ksd-900/";""
"1051002003";"нужен Wordstat";"Номер чертежа";"/catalog/zapasnye-chasti-i-komplektuyushchie/zapchasti-dlya-drobilok/drobilki-konusnye/smd-120a-ksd-900/konus-nepodvizhnyy-bronya-smd-120a-ksd-900-1051002003/";""
"1051002003 СМД-120А (КСД-900)";"нужен Wordstat";"Номер чертежа";"/catalog/zapasnye-chasti-i-komplektuyushchie/zapchasti-dlya-drobilok/drobilki-konusnye/smd-120a-ksd-900/konus-nepodvizhnyy-bronya-smd-120a-ksd-900-1051002003/";""
"1051002004";"нужен Wordstat";"Номер чертежа";"/catalog/zapasnye-chasti-i-komplektuyushchie/zapchasti-dlya-drobilok/drobilki-konusnye/smd-120a-ksd-900/skoba-smd-120a-ksd-900-1051002004/";""
"1051002004 СМД-120А (КСД-900)";"нужен Wordstat";"Номер чертежа";"/catalog/zapasnye-chasti-i-komplektuyushchie/zapchasti-dlya-drobilok/drobilki-konusnye/smd-120a-ksd-900/skoba-smd-120a-ksd-900-1051002004/";""
"1051002009";"нужен Wordstat";"Номер чертежа";"/catalog/zapasnye-chasti-i-komplektuyushchie/zapchasti-dlya-drobilok/drobilki-konusnye/smd-120a-ksd-900/planka-stopornaya-ksd-900-1051002009/";""
"1051002009 СМД-120А (КСД-900)";"нужен Wordstat";"Номер чертежа";"/catalog/zapasnye-chasti-i-komplektuyushchie/zapchasti-dlya-drobilok/drobilki-konusnye/smd-120a-ksd-900/planka-stopornaya-ksd-900-1051002009/";""
"1051002013";"нужен Wordstat";"Номер чертежа";"/catalog/zapasnye-chasti-i-komplektuyushchie/zapchasti-dlya-drobilok/drobilki-konusnye/smd-120a-ksd-900/ukho-ksd-900-1051002013/";""
"1051002013 СМД-120А (КСД-900)";"нужен Wordstat";"Номер чертежа";"/catalog/zapasnye-chasti-i-komplektuyushchie/zapchasti-dlya-drobilok/drobilki-konusnye/smd-120a-ksd-900/ukho-ksd-900-1051002013/";""
"1051002100";"нужен Wordstat";"Номер чертежа";"/catalog/zapasnye-chasti-i-komplektuyushchie/zapchasti-dlya-drobilok/drobilki-konusnye/smd-120a-ksd-900/bunker-nepodvizhnogo-konusa-ksd-900-1051002100/";""
"1051002100 СМД-120А (КСД-900)";"нужен Wordstat";"Номер чертежа";"/catalog/zapasnye-chasti-i-komplektuyushchie/zapchasti-dlya-drobilok/drobilki-konusnye/smd-120a-ksd-900/bunker-nepodvizhnogo-konusa-ksd-900-1051002100/";""
"1051002400";"нужен Wordstat";"Номер чертежа";"/catalog/zapasnye-chasti-i-komplektuyushchie/zapchasti-dlya-drobilok/drobilki-konusnye/smd-120a-ksd-900/vintovoy-mekhanizm-sb-ksd-900-1051002400/";""
"1051002400 СМД-120А (КСД-900)";"нужен Wordstat";"Номер чертежа";"/catalog/zapasnye-chasti-i-komplektuyushchie/zapchasti-dlya-drobilok/drobilki-konusnye/smd-120a-ksd-900/vintovoy-mekhanizm-sb-ksd-900-1051002400/";""
"1051002400-10";"нужен Wordstat";"Номер чертежа";"/catalog/zapasnye-chasti-i-komplektuyushchie/zapchasti-dlya-drobilok/drobilki-konusnye/smd-120a-ksd-900/vintovoy-mekhanizm-sb-ksd-900-1051002400-10/";""
"1051002400-10 СМД-120А (КСД-900)";"нужен Wordstat";"Номер чертежа";"/catalog/zapasnye-chasti-i-komplektuyushchie/zapchasti-dlya-drobilok/drobilki-konusnye/smd-120a-ksd-900/vintovoy-mekhanizm-sb-ksd-900-1051002400-10/";""
"1051002500";"нужен Wordstat";"Номер чертежа";"/catalog/zapasnye-chasti-i-komplektuyushchie/zapchasti-dlya-drobilok/drobilki-konusnye/smd-120a-ksd-900/korpus-ustanovochnyy-ksd-900-1051002500/";""
"1051002500 СМД-120А (КСД-900)";"нужен Wordstat";"Номер чертежа";"/catalog/zapasnye-chasti-i-komplektuyushchie/zapchasti-dlya-drobilok/drobilki-konusnye/smd-120a-ksd-900/korpus-ustanovochnyy-ksd-900-1051002500/";""
"1051003001";"нужен Wordstat";"Номер чертежа";"/catalog/zapasnye-chasti-i-komplektuyushchie/zapchasti-dlya-drobilok/drobilki-konusnye/smd-120a-ksd-900/val-vertikalnyy-golyy-smd-120at-kmd-900-1051003001/";""
"1051003001 СМД-120А (КСД-900)";"нужен Wordstat";"Номер чертежа";"/catalog/zapasnye-chasti-i-komplektuyushchie/zapchasti-dlya-drobilok/drobilki-konusnye/smd-120a-ksd-900/val-vertikalnyy-golyy-smd-120at-kmd-900-1051003001/";""
"1051003004";"нужен Wordstat";"Номер чертежа";"/catalog/zapasnye-chasti-i-komplektuyushchie/zapchasti-dlya-drobilok/drobilki-konusnye/smd-120a-ksd-900/gayka-shlitsevaya-1051003004-smd-120at-kmd-900/";""
"1051003004 СМД-120А (КСД-900)";"нужен Wordstat";"Номер чертежа";"/catalog/zapasnye-chasti-i-komplektuyushchie/zapchasti-dlya-drobilok/drobilki-konusnye/smd-120a-ksd-900/gayka-shlitsevaya-1051003004-smd-120at-kmd-900/";""
"1051003006";"нужен Wordstat";"Номер чертежа";"/catalog/zapasnye-chasti-i-komplektuyushchie/zapchasti-dlya-drobilok/drobilki-konusnye/smd-120a-ksd-900/prokladka-1051003006-smd-120at-kmd-900/";""
"1051003006 СМД-120А (КСД-900)";"нужен Wordstat";"Номер чертежа";"/catalog/zapasnye-chasti-i-komplektuyushchie/zapchasti-dlya-drobilok/drobilki-konusnye/smd-120a-ksd-900/prokladka-1051003006-smd-120at-kmd-900/";""
"1051004000-40";"нужен Wordstat";"Номер чертежа";"/catalog/zapasnye-chasti-i-komplektuyushchie/zapchasti-dlya-drobilok/drobilki-konusnye/smd-120a-ksd-900/konus-drobyashchiy-nepodvizhnyy-sb-1051004000-40-smd-120at-kmd-900/";""
"1051004000-40 СМД-120А (КСД-900)";"нужен Wordstat";"Номер чертежа";"/catalog/zapasnye-chasti-i-komplektuyushchie/zapchasti-dlya-drobilok/drobilki-konusnye/smd-120a-ksd-900/konus-drobyashchiy-nepodvizhnyy-sb-1051004000-40-smd-120at-kmd-900/";""
"1051004001";"нужен Wordstat";"Номер чертежа";"/catalog/zapasnye-chasti-i-komplektuyushchie/zapchasti-dlya-drobilok/drobilki-konusnye/smd-120a-ksd-900/konus-nepodvizhnyy-bronya-smd-120at-kmd-900-1051004001/";""
"1051004001 СМД-120А (КСД-900)";"нужен Wordstat";"Номер чертежа";"/catalog/zapasnye-chasti-i-komplektuyushchie/zapchasti-dlya-drobilok/drobilki-konusnye/smd-120a-ksd-900/konus-nepodvizhnyy-bronya-smd-120at-kmd-900-1051004001/";""
"1051005000";"нужен Wordstat";"Номер чертежа";"/catalog/zapasnye-chasti-i-komplektuyushchie/zapchasti-dlya-drobilok/drobilki-konusnye/smd-120a-ksd-900/konus-drobyashchiy-podvizhnyy-sb-1051005000-smd-120at-kmd-900/";""
"1051005000 СМД-120А (КСД-900)";"нужен Wordstat";"Номер чертежа";"/catalog/zapasnye-chasti-i-komplektuyushchie/zapchasti-dlya-drobilok/drobilki-konusnye/smd-120a-ksd-900/konus-drobyashchiy-podvizhnyy-sb-1051005000-smd-120at-kmd-900/";""
"1051005001";"нужен Wordstat";"Номер чертежа";"/catalog/zapasnye-chasti-i-komplektuyushchie/zapchasti-dlya-drobilok/drobilki-konusnye/smd-120a-ksd-900/konus-podvizhnyy-bronya-smd-120at-kmd-900-1051005001/";""
"1051005001 СМД-120А (КСД-900)";"нужен Wordstat";"Номер чертежа";"/catalog/zapasnye-chasti-i-komplektuyushchie/zapchasti-dlya-drobilok/drobilki-konusnye/smd-120a-ksd-900/konus-podvizhnyy-bronya-smd-120at-kmd-900-1051005001/";""
"1051005002";"нужен Wordstat";"Номер чертежа";"/catalog/zapasnye-chasti-i-komplektuyushchie/zapchasti-dlya-drobilok/drobilki-konusnye/smd-120a-ksd-900/kozhukh-drobyashchiy-1051005002-smd-120at-kmd-900/";""
"1051005002 СМД-120А (КСД-900)";"нужен Wordstat";"Номер чертежа";"/catalog/zapasnye-chasti-i-komplektuyushchie/zapchasti-dlya-drobilok/drobilki-konusnye/smd-120a-ksd-900/kozhukh-drobyashchiy-1051005002-smd-120at-kmd-900/";""
"1051013000";"нужен Wordstat";"Номер чертежа";"/catalog/zapasnye-chasti-i-komplektuyushchie/zapchasti-dlya-drobilok/drobilki-konusnye/smd-120a-ksd-900/privod-drobilki-smd-120a-1051013000/";""
"1051013000 СМД-120А (КСД-900)";"нужен Wordstat";"Номер чертежа";"/catalog/zapasnye-chasti-i-komplektuyushchie/zapchasti-dlya-drobilok/drobilki-konusnye/smd-120a-ksd-900/privod-drobilki-smd-120a-1051013000/";""
"1051013000-30";"нужен Wordstat";"Номер чертежа";"/catalog/zapasnye-chasti-i-komplektuyushchie/zapchasti-dlya-drobilok/drobilki-konusnye/smd-120a-ksd-900/privod-drobilki-smd-120at-1051013000-30/";""
"1051013000-30 СМД-120А (КСД-900)";"нужен Wordstat";"Номер чертежа";"/catalog/zapasnye-chasti-i-komplektuyushchie/zapchasti-dlya-drobilok/drobilki-konusnye/smd-120a-ksd-900/privod-drobilki-smd-120at-1051013000-30/";""
"1052907001-10";"нужен Wordstat";"Номер чертежа";"/catalog/zapasnye-chasti-i-komplektuyushchie/zapchasti-dlya-drobilok/drobilki-shchekovye/smd-110a/vint-regulirovochnyy-1052907001-10-1049103005/";""
"1052907001-10 СМД-110А";"нужен Wordstat";"Номер чертежа";"/catalog/zapasnye-chasti-i-komplektuyushchie/zapchasti-dlya-drobilok/drobilki-shchekovye/smd-110a/vint-regulirovochnyy-1052907001-10-1049103005/";""
"1056101004";"нужен Wordstat";"Номер чертежа";"/catalog/zapasnye-chasti-i-komplektuyushchie/zapchasti-dlya-drobilok/drobilki-konusnye/dro-592-ksd-600/pruzhina-1056101004-dro-592-ksd-600/";""
"1056101004 ДРО-592 (КСД-600)";"нужен Wordstat";"Номер чертежа";"/catalog/zapasnye-chasti-i-komplektuyushchie/zapchasti-dlya-drobilok/drobilki-konusnye/dro-592-ksd-600/pruzhina-1056101004-dro-592-ksd-600/";""
"1056101021";"нужен Wordstat";"Номер чертежа";"/catalog/zapasnye-chasti-i-komplektuyushchie/zapchasti-dlya-drobilok/drobilki-konusnye/dro-592-ksd-600/stopor-1056101021-dro-592-ksd-600/";""
"1056101021 ДРО-592 (КСД-600)";"нужен Wordstat";"Номер чертежа";"/catalog/zapasnye-chasti-i-komplektuyushchie/zapchasti-dlya-drobilok/drobilki-konusnye/dro-592-ksd-600/stopor-1056101021-dro-592-ksd-600/";""
"1056101040";"нужен Wordstat";"Номер чертежа";"/catalog/zapasnye-chasti-i-komplektuyushchie/zapchasti-dlya-drobilok/drobilki-konusnye/dro-592-ksd-600/tarelka-pruzhiny-1056101040-dro-592-ksd-600/";""
"1056101040 ДРО-592 (КСД-600)";"нужен Wordstat";"Номер чертежа";"/catalog/zapasnye-chasti-i-komplektuyushchie/zapchasti-dlya-drobilok/drobilki-konusnye/dro-592-ksd-600/tarelka-pruzhiny-1056101040-dro-592-ksd-600/";""
"1056105008";"нужен Wordstat";"Номер чертежа";"/catalog/zapasnye-chasti-i-komplektuyushchie/zapchasti-dlya-drobilok/drobilki-konusnye/dro-592-ksd-600/podpyatnik-sfericheskiy-bez-burta-1056105008-sm561-5-0-8-dro-592-ksd-600/";""
"1056105008 ДРО-592 (КСД-600)";"нужен Wordstat";"Номер чертежа";"/catalog/zapasnye-chasti-i-komplektuyushchie/zapchasti-dlya-drobilok/drobilki-konusnye/dro-592-ksd-600/podpyatnik-sfericheskiy-bez-burta-1056105008-sm561-5-0-8-dro-592-ksd-600/";""
"1056106005";"нужен Wordstat";"Номер чертежа";"/catalog/zapasnye-chasti-i-komplektuyushchie/zapchasti-dlya-drobilok/drobilki-konusnye/dro-592-ksd-600/shayba-tekstolitovaya-1056106005-dro-592-ksd-600/";""
"1056106005 ДРО-592 (КСД-600)";"нужен Wordstat";"Номер чертежа";"/catalog/zapasnye-chasti-i-komplektuyushchie/zapchasti-dlya-drobilok/drobilki-konusnye/dro-592-ksd-600/shayba-tekstolitovaya-1056106005-dro-592-ksd-600/";""
"1056106008";"нужен Wordstat";"Номер чертежа";"/catalog/zapasnye-chasti-i-komplektuyushchie/zapchasti-dlya-drobilok/drobilki-konusnye/dro-592-ksd-600/palets-1056106008-dro-592-ksd-600/";""
"1056106008 ДРО-592 (КСД-600)";"нужен Wordstat";"Номер чертежа";"/catalog/zapasnye-chasti-i-komplektuyushchie/zapchasti-dlya-drobilok/drobilki-konusnye/dro-592-ksd-600/palets-1056106008-dro-592-ksd-600/";""
"1056106015";"нужен Wordstat";"Номер чертежа";"/catalog/zapasnye-chasti-i-komplektuyushchie/zapchasti-dlya-drobilok/drobilki-konusnye/dro-592-ksd-600/plita-podpyatnika-nizhnyaya-1056106015-dro-592-ksd-600/";""
"1056106015 ДРО-592 (КСД-600)";"нужен Wordstat";"Номер чертежа";"/catalog/zapasnye-chasti-i-komplektuyushchie/zapchasti-dlya-drobilok/drobilki-konusnye/dro-592-ksd-600/plita-podpyatnika-nizhnyaya-1056106015-dro-592-ksd-600/";""
"1056107003";"нужен Wordstat";"Номер чертежа";"/catalog/zapasnye-chasti-i-komplektuyushchie/zapchasti-dlya-drobilok/drobilki-konusnye/dro-592-ksd-600/shesternya-konicheskaya-1056107003-297-7-0-3-dro-592-ksd-600/";""
"1056107003 ДРО-592 (КСД-600)";"нужен Wordstat";"Номер чертежа";"/catalog/zapasnye-chasti-i-komplektuyushchie/zapchasti-dlya-drobilok/drobilki-konusnye/dro-592-ksd-600/shesternya-konicheskaya-1056107003-297-7-0-3-dro-592-ksd-600/";""
"1056107014";"нужен Wordstat";"Номер чертежа";"/catalog/zapasnye-chasti-i-komplektuyushchie/zapchasti-dlya-drobilok/drobilki-konusnye/dro-592-ksd-600/kryshka-privoda-1056107014-dro-592-ksd-600/";""
"1056107014 ДРО-592 (КСД-600)";"нужен Wordstat";"Номер чертежа";"/catalog/zapasnye-chasti-i-komplektuyushchie/zapchasti-dlya-drobilok/drobilki-konusnye/dro-592-ksd-600/kryshka-privoda-1056107014-dro-592-ksd-600/";""
"1056107016";"нужен Wordstat";"Номер чертежа";"/catalog/zapasnye-chasti-i-komplektuyushchie/zapchasti-dlya-drobilok/drobilki-konusnye/dro-592-ksd-600/futerovka-1056107016-dro-592-ksd-600/";""
"1056107016 ДРО-592 (КСД-600)";"нужен Wordstat";"Номер чертежа";"/catalog/zapasnye-chasti-i-komplektuyushchie/zapchasti-dlya-drobilok/drobilki-konusnye/dro-592-ksd-600/futerovka-1056107016-dro-592-ksd-600/";""
"1056107017";"нужен Wordstat";"Номер чертежа";"/catalog/zapasnye-chasti-i-komplektuyushchie/zapchasti-dlya-drobilok/drobilki-konusnye/dro-592-ksd-600/val-privoda-1056107017-dro-592-ksd-600/";""
"1056107017 ДРО-592 (КСД-600)";"нужен Wordstat";"Номер чертежа";"/catalog/zapasnye-chasti-i-komplektuyushchie/zapchasti-dlya-drobilok/drobilki-konusnye/dro-592-ksd-600/val-privoda-1056107017-dro-592-ksd-600/";""
"1059200003";"нужен Wordstat";"Номер чертежа";"/catalog/zapasnye-chasti-i-komplektuyushchie/zapchasti-dlya-drobilok/drobilki-konusnye/dro-592-ksd-600/prokladka-1059200003/";""
"1059200003 ДРО-592 (КСД-600)";"нужен Wordstat";"Номер чертежа";"/catalog/zapasnye-chasti-i-komplektuyushchie/zapchasti-dlya-drobilok/drobilki-konusnye/dro-592-ksd-600/prokladka-1059200003/";""
"1059200300";"нужен Wordstat";"Номер чертежа";"/catalog/zapasnye-chasti-i-komplektuyushchie/zapchasti-dlya-drobilok/drobilki-konusnye/dro-592-ksd-600/truboprovod-napornyy-1059200300/";""
"1059200300 ДРО-592 (КСД-600)";"нужен Wordstat";"Номер чертежа";"/catalog/zapasnye-chasti-i-komplektuyushchie/zapchasti-dlya-drobilok/drobilki-konusnye/dro-592-ksd-600/truboprovod-napornyy-1059200300/";""
"1059200400";"нужен Wordstat";"Номер чертежа";"/catalog/zapasnye-chasti-i-komplektuyushchie/zapchasti-dlya-drobilok/drobilki-konusnye/dro-592-ksd-600/truboprovod-slivnoy-1059200400/";""
"1059200400 ДРО-592 (КСД-600)";"нужен Wordstat";"Номер чертежа";"/catalog/zapasnye-chasti-i-komplektuyushchie/zapchasti-dlya-drobilok/drobilki-konusnye/dro-592-ksd-600/truboprovod-slivnoy-1059200400/";""
"1059200600";"нужен Wordstat";"Номер чертежа";"/catalog/zapasnye-chasti-i-komplektuyushchie/zapchasti-dlya-drobilok/drobilki-konusnye/dro-592-ksd-600/elektrodvigatel-na-salazkakh-1059200600/";""
"1059200600 ДРО-592 (КСД-600)";"нужен Wordstat";"Номер чертежа";"/catalog/zapasnye-chasti-i-komplektuyushchie/zapchasti-dlya-drobilok/drobilki-konusnye/dro-592-ksd-600/elektrodvigatel-na-salazkakh-1059200600/";""
"1059200610";"нужен Wordstat";"Номер чертежа";"/catalog/zapasnye-chasti-i-komplektuyushchie/zapchasti-dlya-drobilok/drobilki-konusnye/dro-592-ksd-600/salazki-1059200610/";""
"1059200610 ДРО-592 (КСД-600)";"нужен Wordstat";"Номер чертежа";"/catalog/zapasnye-chasti-i-komplektuyushchie/zapchasti-dlya-drobilok/drobilki-konusnye/dro-592-ksd-600/salazki-1059200610/";""
"1059201000";"нужен Wordstat";"Номер чертежа";"/catalog/zapasnye-chasti-i-komplektuyushchie/zapchasti-dlya-drobilok/drobilki-konusnye/dro-592-ksd-600/korpus-sb-1059201000/";""
"1059201000 ДРО-592 (КСД-600)";"нужен Wordstat";"Номер чертежа";"/catalog/zapasnye-chasti-i-komplektuyushchie/zapchasti-dlya-drobilok/drobilki-konusnye/dro-592-ksd-600/korpus-sb-1059201000/";""
"1059201001";"нужен Wordstat";"Номер чертежа";"/catalog/zapasnye-chasti-i-komplektuyushchie/zapchasti-dlya-drobilok/drobilki-konusnye/dro-592-ksd-600/stanina-1059201001-dro-592-ksd-600/";""
"1059201001 ДРО-592 (КСД-600)";"нужен Wordstat";"Номер чертежа";"/catalog/zapasnye-chasti-i-komplektuyushchie/zapchasti-dlya-drobilok/drobilki-konusnye/dro-592-ksd-600/stanina-1059201001-dro-592-ksd-600/";""
"1059201002";"нужен Wordstat";"Номер чертежа";"/catalog/zapasnye-chasti-i-komplektuyushchie/zapchasti-dlya-drobilok/drobilki-konusnye/dro-592-ksd-600/vtulka-tsilindricheskaya-tselnaya-1059201002-dro-592-ksd-600/";""
"1059201002 ДРО-592 (КСД-600)";"нужен Wordstat";"Номер чертежа";"/catalog/zapasnye-chasti-i-komplektuyushchie/zapchasti-dlya-drobilok/drobilki-konusnye/dro-592-ksd-600/vtulka-tsilindricheskaya-tselnaya-1059201002-dro-592-ksd-600/";""
"1059201003";"нужен Wordstat";"Номер чертежа";"/catalog/zapasnye-chasti-i-komplektuyushchie/zapchasti-dlya-drobilok/drobilki-konusnye/dro-592-ksd-600/shponka-1059201003-dro-592-ksd-600/";""
"1059201003 ДРО-592 (КСД-600)";"нужен Wordstat";"Номер чертежа";"/catalog/zapasnye-chasti-i-komplektuyushchie/zapchasti-dlya-drobilok/drobilki-konusnye/dro-592-ksd-600/shponka-1059201003-dro-592-ksd-600/";""
"1059201004";"нужен Wordstat";"Номер чертежа";"/catalog/zapasnye-chasti-i-komplektuyushchie/zapchasti-dlya-drobilok/drobilki-konusnye/dro-592-ksd-600/palets-1059201004-dro-592-ksd-600/";""
"1059201004 ДРО-592 (КСД-600)";"нужен Wordstat";"Номер чертежа";"/catalog/zapasnye-chasti-i-komplektuyushchie/zapchasti-dlya-drobilok/drobilki-konusnye/dro-592-ksd-600/palets-1059201004-dro-592-ksd-600/";""
"1059201005";"нужен Wordstat";"Номер чертежа";"/catalog/zapasnye-chasti-i-komplektuyushchie/zapchasti-dlya-drobilok/drobilki-konusnye/dro-592-ksd-600/kryshka-podpyatnika-1059201005-dro-592-ksd-600/";""
"1059201005 ДРО-592 (КСД-600)";"нужен Wordstat";"Номер чертежа";"/catalog/zapasnye-chasti-i-komplektuyushchie/zapchasti-dlya-drobilok/drobilki-konusnye/dro-592-ksd-600/kryshka-podpyatnika-1059201005-dro-592-ksd-600/";""
"1059201010";"нужен Wordstat";"Номер чертежа";"/catalog/zapasnye-chasti-i-komplektuyushchie/zapchasti-dlya-drobilok/drobilki-konusnye/dro-592-ksd-600/koltso-1059201010-dro-592-ksd-600/";""
"1059201010 ДРО-592 (КСД-600)";"нужен Wordstat";"Номер чертежа";"/catalog/zapasnye-chasti-i-komplektuyushchie/zapchasti-dlya-drobilok/drobilki-konusnye/dro-592-ksd-600/koltso-1059201010-dro-592-ksd-600/";""
"1059201020";"нужен Wordstat";"Номер чертежа";"/catalog/zapasnye-chasti-i-komplektuyushchie/zapchasti-dlya-drobilok/drobilki-konusnye/dro-592-ksd-600/bolt-1059201020-dro-592-ksd-600/";""
"1059201020 ДРО-592 (КСД-600)";"нужен Wordstat";"Номер чертежа";"/catalog/zapasnye-chasti-i-komplektuyushchie/zapchasti-dlya-drobilok/drobilki-konusnye/dro-592-ksd-600/bolt-1059201020-dro-592-ksd-600/";""
"1059201030";"нужен Wordstat";"Номер чертежа";"/catalog/zapasnye-chasti-i-komplektuyushchie/zapchasti-dlya-drobilok/drobilki-konusnye/dro-592-ksd-600/bolt-1059201030-dro-592-ksd-600/";""
"1059201030 ДРО-592 (КСД-600)";"нужен Wordstat";"Номер чертежа";"/catalog/zapasnye-chasti-i-komplektuyushchie/zapchasti-dlya-drobilok/drobilki-konusnye/dro-592-ksd-600/bolt-1059201030-dro-592-ksd-600/";""
"1059204000";"нужен Wordstat";"Номер чертежа";"/catalog/zapasnye-chasti-i-komplektuyushchie/zapchasti-dlya-drobilok/drobilki-konusnye/dro-592-ksd-600/konus-drobyashchiy-podvizhnyy-sb-ksd-600-1059204000/";""
"1059204000 ДРО-592 (КСД-600)";"нужен Wordstat";"Номер чертежа";"/catalog/zapasnye-chasti-i-komplektuyushchie/zapchasti-dlya-drobilok/drobilki-konusnye/dro-592-ksd-600/konus-drobyashchiy-podvizhnyy-sb-ksd-600-1059204000/";""
"1059204001";"нужен Wordstat";"Номер чертежа";"/catalog/zapasnye-chasti-i-komplektuyushchie/zapchasti-dlya-drobilok/drobilki-konusnye/dro-592-ksd-600/konus-podvizhnyy-bronya-ksd-600-1059204001-297-4-0-1/";""
"1059204001 ДРО-592 (КСД-600)";"нужен Wordstat";"Номер чертежа";"/catalog/zapasnye-chasti-i-komplektuyushchie/zapchasti-dlya-drobilok/drobilki-konusnye/dro-592-ksd-600/konus-podvizhnyy-bronya-ksd-600-1059204001-297-4-0-1/";""
"1059204003";"нужен Wordstat";"Номер чертежа";"/catalog/zapasnye-chasti-i-komplektuyushchie/zapchasti-dlya-drobilok/drobilki-konusnye/dro-592-ksd-600/val-vertikalnyy-golyy-ksd-600-1059204003/";""
"1059204003 ДРО-592 (КСД-600)";"нужен Wordstat";"Номер чертежа";"/catalog/zapasnye-chasti-i-komplektuyushchie/zapchasti-dlya-drobilok/drobilki-konusnye/dro-592-ksd-600/val-vertikalnyy-golyy-ksd-600-1059204003/";""
"1059204005";"нужен Wordstat";"Номер чертежа";"/catalog/zapasnye-chasti-i-komplektuyushchie/zapchasti-dlya-drobilok/drobilki-konusnye/dro-592-ksd-600/gayka-1059204005-ksd-600/";""
"1059204005 ДРО-592 (КСД-600)";"нужен Wordstat";"Номер чертежа";"/catalog/zapasnye-chasti-i-komplektuyushchie/zapchasti-dlya-drobilok/drobilki-konusnye/dro-592-ksd-600/gayka-1059204005-ksd-600/";""
"1059204006";"нужен Wordstat";"Номер чертежа";"/catalog/zapasnye-chasti-i-komplektuyushchie/zapchasti-dlya-drobilok/drobilki-konusnye/dro-592-ksd-600/prokladka-1059204006/";""
"1059204006 ДРО-592 (КСД-600)";"нужен Wordstat";"Номер чертежа";"/catalog/zapasnye-chasti-i-komplektuyushchie/zapchasti-dlya-drobilok/drobilki-konusnye/dro-592-ksd-600/prokladka-1059204006/";""
"1059204200";"нужен Wordstat";"Номер чертежа";"/catalog/zapasnye-chasti-i-komplektuyushchie/zapchasti-dlya-drobilok/drobilki-konusnye/dro-592-ksd-600/konus-nesushchiy-1059204200-dro-592-ksd-600/";""
"1059204200 ДРО-592 (КСД-600)";"нужен Wordstat";"Номер чертежа";"/catalog/zapasnye-chasti-i-komplektuyushchie/zapchasti-dlya-drobilok/drobilki-konusnye/dro-592-ksd-600/konus-nesushchiy-1059204200-dro-592-ksd-600/";""
"1059205000";"нужен Wordstat";"Номер чертежа";"/catalog/zapasnye-chasti-i-komplektuyushchie/zapchasti-dlya-drobilok/drobilki-konusnye/dro-592-ksd-600/postel-ksd-600-sb-1059205000/";""
"1059205000 ДРО-592 (КСД-600)";"нужен Wordstat";"Номер чертежа";"/catalog/zapasnye-chasti-i-komplektuyushchie/zapchasti-dlya-drobilok/drobilki-konusnye/dro-592-ksd-600/postel-ksd-600-sb-1059205000/";""
"1059205001";"нужен Wordstat";"Номер чертежа";"/catalog/zapasnye-chasti-i-komplektuyushchie/zapchasti-dlya-drobilok/drobilki-konusnye/dro-592-ksd-600/podpyatnik-sfericheskiy-s-burtom-1059205001-dro-592-ksd-600/";""
"1059205001 ДРО-592 (КСД-600)";"нужен Wordstat";"Номер чертежа";"/catalog/zapasnye-chasti-i-komplektuyushchie/zapchasti-dlya-drobilok/drobilki-konusnye/dro-592-ksd-600/podpyatnik-sfericheskiy-s-burtom-1059205001-dro-592-ksd-600/";""
"1059205002";"нужен Wordstat";"Номер чертежа";"/catalog/zapasnye-chasti-i-komplektuyushchie/zapchasti-dlya-drobilok/drobilki-konusnye/dro-592-ksd-600/osnovanie-podpyatnika-1059205002-dro-592-ksd-600/";""
"1059205002 ДРО-592 (КСД-600)";"нужен Wordstat";"Номер чертежа";"/catalog/zapasnye-chasti-i-komplektuyushchie/zapchasti-dlya-drobilok/drobilki-konusnye/dro-592-ksd-600/osnovanie-podpyatnika-1059205002-dro-592-ksd-600/";""
"1059206000";"нужен Wordstat";"Номер чертежа";"/catalog/zapasnye-chasti-i-komplektuyushchie/zapchasti-dlya-drobilok/drobilki-konusnye/dro-592-ksd-600/val-ekstsentrikovyy-ksd-600-sb-1059206000/";""
"1059206000 ДРО-592 (КСД-600)";"нужен Wordstat";"Номер чертежа";"/catalog/zapasnye-chasti-i-komplektuyushchie/zapchasti-dlya-drobilok/drobilki-konusnye/dro-592-ksd-600/val-ekstsentrikovyy-ksd-600-sb-1059206000/";""
"1059206001";"нужен Wordstat";"Номер чертежа";"/catalog/zapasnye-chasti-i-komplektuyushchie/zapchasti-dlya-drobilok/drobilki-konusnye/dro-592-ksd-600/val-ekstsentrikovyy-golyy-ksd-600-1059206001/";""
"1059206001 ДРО-592 (КСД-600)";"нужен Wordstat";"Номер чертежа";"/catalog/zapasnye-chasti-i-komplektuyushchie/zapchasti-dlya-drobilok/drobilki-konusnye/dro-592-ksd-600/val-ekstsentrikovyy-golyy-ksd-600-1059206001/";""
"1059206002";"нужен Wordstat";"Номер чертежа";"/catalog/zapasnye-chasti-i-komplektuyushchie/zapchasti-dlya-drobilok/drobilki-konusnye/dro-592-ksd-600/vtulka-konusnaya-tselnaya-1059206002-dro-592-ksd-600/";""
"1059206002 ДРО-592 (КСД-600)";"нужен Wordstat";"Номер чертежа";"/catalog/zapasnye-chasti-i-komplektuyushchie/zapchasti-dlya-drobilok/drobilki-konusnye/dro-592-ksd-600/vtulka-konusnaya-tselnaya-1059206002-dro-592-ksd-600/";""
"1059207000";"нужен Wordstat";"Номер чертежа";"/catalog/zapasnye-chasti-i-komplektuyushchie/zapchasti-dlya-drobilok/drobilki-konusnye/dro-592-ksd-600/privod-1059207000-dro-592-ksd-600/";""
"1059207000";"нужен Wordstat";"Номер чертежа";"/catalog/zapasnye-chasti-i-komplektuyushchie/zapchasti-dlya-drobilok/drobilki-konusnye/dro-592-ksd-600/privod-sb-1059207000-dro-592-ksd-600/";""
"1059207000 ДРО-592 (КСД-600)";"нужен Wordstat";"Номер чертежа";"/catalog/zapasnye-chasti-i-komplektuyushchie/zapchasti-dlya-drobilok/drobilki-konusnye/dro-592-ksd-600/privod-1059207000-dro-592-ksd-600/";""
"1059207000 ДРО-592 (КСД-600)";"нужен Wordstat";"Номер чертежа";"/catalog/zapasnye-chasti-i-komplektuyushchie/zapchasti-dlya-drobilok/drobilki-konusnye/dro-592-ksd-600/privod-sb-1059207000-dro-592-ksd-600/";""
"1059207001";"нужен Wordstat";"Номер чертежа";"/catalog/zapasnye-chasti-i-komplektuyushchie/zapchasti-dlya-drobilok/drobilki-konusnye/dro-592-ksd-600/karter-privoda-1059207001-dro-592-ksd-600/";""
"1059207001 ДРО-592 (КСД-600)";"нужен Wordstat";"Номер чертежа";"/catalog/zapasnye-chasti-i-komplektuyushchie/zapchasti-dlya-drobilok/drobilki-konusnye/dro-592-ksd-600/karter-privoda-1059207001-dro-592-ksd-600/";""
"1059207002";"нужен Wordstat";"Номер чертежа";"/catalog/zapasnye-chasti-i-komplektuyushchie/zapchasti-dlya-drobilok/drobilki-konusnye/dro-592-ksd-600/prokladka-privoda-1059207002/";""
"1059207002 ДРО-592 (КСД-600)";"нужен Wordstat";"Номер чертежа";"/catalog/zapasnye-chasti-i-komplektuyushchie/zapchasti-dlya-drobilok/drobilki-konusnye/dro-592-ksd-600/prokladka-privoda-1059207002/";""
"1059207004";"нужен Wordstat";"Номер чертежа";"/catalog/zapasnye-chasti-i-komplektuyushchie/zapchasti-dlya-drobilok/drobilki-konusnye/dro-592-ksd-600/kryshka-privoda-1059207004-dro-592-ksd-600/";""
"1059207004 ДРО-592 (КСД-600)";"нужен Wordstat";"Номер чертежа";"/catalog/zapasnye-chasti-i-komplektuyushchie/zapchasti-dlya-drobilok/drobilki-konusnye/dro-592-ksd-600/kryshka-privoda-1059207004-dro-592-ksd-600/";""
"1059207005";"нужен Wordstat";"Номер чертежа";"/catalog/zapasnye-chasti-i-komplektuyushchie/zapchasti-dlya-drobilok/drobilki-konusnye/dro-592-ksd-600/shponka-privoda-1059207005-dro-592-ksd-600/";""
"1059207005 ДРО-592 (КСД-600)";"нужен Wordstat";"Номер чертежа";"/catalog/zapasnye-chasti-i-komplektuyushchie/zapchasti-dlya-drobilok/drobilki-konusnye/dro-592-ksd-600/shponka-privoda-1059207005-dro-592-ksd-600/";""
"1059208000";"нужен Wordstat";"Номер чертежа";"/catalog/zapasnye-chasti-i-komplektuyushchie/zapchasti-dlya-drobilok/drobilki-konusnye/dro-592-ksd-600/stantsiya-smazki-1059208000-maslostantsiya-ksd-600/";""
"1059208000 ДРО-592 (КСД-600)";"нужен Wordstat";"Номер чертежа";"/catalog/zapasnye-chasti-i-komplektuyushchie/zapchasti-dlya-drobilok/drobilki-konusnye/dro-592-ksd-600/stantsiya-smazki-1059208000-maslostantsiya-ksd-600/";""
"105920900";"нужен Wordstat";"Номер чертежа";"/catalog/zapasnye-chasti-i-komplektuyushchie/zapchasti-dlya-drobilok/drobilki-konusnye/dro-592-ksd-600/mekhanizm-regulirovaniya-shcheli-105920900-dro-592-ksd-600/";""
"105920900 ДРО-592 (КСД-600)";"нужен Wordstat";"Номер чертежа";"/catalog/zapasnye-chasti-i-komplektuyushchie/zapchasti-dlya-drobilok/drobilki-konusnye/dro-592-ksd-600/mekhanizm-regulirovaniya-shcheli-105920900-dro-592-ksd-600/";""
"1059209000";"нужен Wordstat";"Номер чертежа";"/catalog/zapasnye-chasti-i-komplektuyushchie/zapchasti-dlya-drobilok/drobilki-konusnye/dro-592-ksd-600/mekhanizm-regulirovaniya-shcheli-1059209000-dro-592-ksd-600/";""
"1059209000 ДРО-592 (КСД-600)";"нужен Wordstat";"Номер чертежа";"/catalog/zapasnye-chasti-i-komplektuyushchie/zapchasti-dlya-drobilok/drobilki-konusnye/dro-592-ksd-600/mekhanizm-regulirovaniya-shcheli-1059209000-dro-592-ksd-600/";""
"1060103003";"нужен Wordstat";"Номер чертежа";"/catalog/zapasnye-chasti-i-komplektuyushchie/zapchasti-dlya-drobilok/drobilki-konusnye/smd-120a-ksd-900/tarelka-raspredelitelnaya-1060103003-smd-120at-kmd-900/";""
"1060103003 СМД-120А (КСД-900)";"нужен Wordstat";"Номер чертежа";"/catalog/zapasnye-chasti-i-komplektuyushchie/zapchasti-dlya-drobilok/drobilki-konusnye/smd-120a-ksd-900/tarelka-raspredelitelnaya-1060103003-smd-120at-kmd-900/";""
"106041005-10";"нужен Wordstat";"Номер чертежа";"/catalog/zapasnye-chasti-i-komplektuyushchie/zapchasti-dlya-pitately/pitatel-plastinchatyy-tk-16a-dro-604/shesternya-malaya-106041005-10-s704-0-5-tk-16a-dro-604/";""
"106041005-10 ТК-16А (ДРО-604)";"нужен Wordstat";"Номер чертежа";"/catalog/zapasnye-chasti-i-komplektuyushchie/zapchasti-dlya-pitately/pitatel-plastinchatyy-tk-16a-dro-604/shesternya-malaya-106041005-10-s704-0-5-tk-16a-dro-604/";""
"1060411000";"нужен Wordstat";"Номер чертежа";"/catalog/zapasnye-chasti-i-komplektuyushchie/zapchasti-dlya-pitately/pitatel-plastinchatyy-tk-16a-dro-604/polotno-plastin-1060411000-tk15a-01-200-tk-16a-dro-604/";""
"1060411000 ТК-16А (ДРО-604)";"нужен Wordstat";"Номер чертежа";"/catalog/zapasnye-chasti-i-komplektuyushchie/zapchasti-dlya-pitately/pitatel-plastinchatyy-tk-16a-dro-604/polotno-plastin-1060411000-tk15a-01-200-tk-16a-dro-604/";""
"1060411001";"нужен Wordstat";"Номер чертежа";"/catalog/zapasnye-chasti-i-komplektuyushchie/zapchasti-dlya-pitately/pitatel-plastinchatyy-tk-16a-dro-604/plastina-1060411001-tk15a-01-201-tk-16a-dro-604/";""
"1060411001 ТК-16А (ДРО-604)";"нужен Wordstat";"Номер чертежа";"/catalog/zapasnye-chasti-i-komplektuyushchie/zapchasti-dlya-pitately/pitatel-plastinchatyy-tk-16a-dro-604/plastina-1060411001-tk15a-01-201-tk-16a-dro-604/";""
"1060411002";"нужен Wordstat";"Номер чертежа";"/catalog/zapasnye-chasti-i-komplektuyushchie/zapchasti-dlya-pitately/pitatel-plastinchatyy-tk-16a-dro-604/palets-1060411002-tk15a-01-202-tk-16a-dro-604/";""
"1060411002 ТК-16А (ДРО-604)";"нужен Wordstat";"Номер чертежа";"/catalog/zapasnye-chasti-i-komplektuyushchie/zapchasti-dlya-pitately/pitatel-plastinchatyy-tk-16a-dro-604/palets-1060411002-tk15a-01-202-tk-16a-dro-604/";""
"1060413000";"нужен Wordstat";"Номер чертежа";"/catalog/zapasnye-chasti-i-komplektuyushchie/zapchasti-dlya-pitately/pitatel-plastinchatyy-tk-16a-dro-604/rolik-opornyy-1060413000-tk15a-01-600-tk-16a-dro-604/";""
"1060413000 ТК-16А (ДРО-604)";"нужен Wordstat";"Номер чертежа";"/catalog/zapasnye-chasti-i-komplektuyushchie/zapchasti-dlya-pitately/pitatel-plastinchatyy-tk-16a-dro-604/rolik-opornyy-1060413000-tk15a-01-600-tk-16a-dro-604/";""
"1060417000-10";"нужен Wordstat";"Номер чертежа";"/catalog/zapasnye-chasti-i-komplektuyushchie/zapchasti-dlya-pitately/pitatel-plastinchatyy-tk-16a-dro-604/val-vedomyy-1060417000-10-tk15a-01-500-tk-16a-dro-604/";""
"1060417000-10 ТК-16А (ДРО-604)";"нужен Wordstat";"Номер чертежа";"/catalog/zapasnye-chasti-i-komplektuyushchie/zapchasti-dlya-pitately/pitatel-plastinchatyy-tk-16a-dro-604/val-vedomyy-1060417000-10-tk15a-01-500-tk-16a-dro-604/";""
"1060417002-10";"нужен Wordstat";"Номер чертежа";"/catalog/zapasnye-chasti-i-komplektuyushchie/zapchasti-dlya-pitately/pitatel-plastinchatyy-tk-16a-dro-604/val-vedomyy-golyy-1060417002-10-tk15a-01-501-tk-16a-dro-604/";""
"1060417002-10 ТК-16А (ДРО-604)";"нужен Wordstat";"Номер чертежа";"/catalog/zapasnye-chasti-i-komplektuyushchie/zapchasti-dlya-pitately/pitatel-plastinchatyy-tk-16a-dro-604/val-vedomyy-golyy-1060417002-10-tk15a-01-501-tk-16a-dro-604/";""
"1060417100";"нужен Wordstat";"Номер чертежа";"/catalog/zapasnye-chasti-i-komplektuyushchie/zapchasti-dlya-pitately/pitatel-plastinchatyy-tk-16a-dro-604/koleso-natyazhnoe-1060417100-tk15a-01-502-tk-16a-dro-604/";""
"1060417100 ТК-16А (ДРО-604)";"нужен Wordstat";"Номер чертежа";"/catalog/zapasnye-chasti-i-komplektuyushchie/zapchasti-dlya-pitately/pitatel-plastinchatyy-tk-16a-dro-604/koleso-natyazhnoe-1060417100-tk15a-01-502-tk-16a-dro-604/";""
"1060418000";"нужен Wordstat";"Номер чертежа";"/catalog/zapasnye-chasti-i-komplektuyushchie/zapchasti-dlya-pitately/pitatel-plastinchatyy-tk-16a-dro-604/val-privodnoy-1060418000-tk15a-01-400-tk-16a-dro-604/";""
"1060418000 ТК-16А (ДРО-604)";"нужен Wordstat";"Номер чертежа";"/catalog/zapasnye-chasti-i-komplektuyushchie/zapchasti-dlya-pitately/pitatel-plastinchatyy-tk-16a-dro-604/val-privodnoy-1060418000-tk15a-01-400-tk-16a-dro-604/";""
"1060418001";"нужен Wordstat";"Номер чертежа";"/catalog/zapasnye-chasti-i-komplektuyushchie/zapchasti-dlya-pitately/pitatel-plastinchatyy-tk-16a-dro-604/val-privodnoy-golyy-1060418001-tk15a-01-401-tk-16a-dro-604/";""
"1060418001 ТК-16А (ДРО-604)";"нужен Wordstat";"Номер чертежа";"/catalog/zapasnye-chasti-i-komplektuyushchie/zapchasti-dlya-pitately/pitatel-plastinchatyy-tk-16a-dro-604/val-privodnoy-golyy-1060418001-tk15a-01-401-tk-16a-dro-604/";""
"1060419000";"нужен Wordstat";"Номер чертежа";"/catalog/zapasnye-chasti-i-komplektuyushchie/zapchasti-dlya-pitately/pitatel-plastinchatyy-tk-16a-dro-604/blok-rolikov-1060419000-tk-15a-01-900-tk-16a-dro-604/";""
"1060419000 ТК-16А (ДРО-604)";"нужен Wordstat";"Номер чертежа";"/catalog/zapasnye-chasti-i-komplektuyushchie/zapchasti-dlya-pitately/pitatel-plastinchatyy-tk-16a-dro-604/blok-rolikov-1060419000-tk-15a-01-900-tk-16a-dro-604/";""
"1060422000-10";"нужен Wordstat";"Номер чертежа";"/catalog/zapasnye-chasti-i-komplektuyushchie/zapchasti-dlya-pitately/pitatel-plastinchatyy-tk-16a-dro-604/val-vedushchiy-1060422000-10-tk15a-01-300-tk-16a-dro-604/";""
"1060422000-10 ТК-16А (ДРО-604)";"нужен Wordstat";"Номер чертежа";"/catalog/zapasnye-chasti-i-komplektuyushchie/zapchasti-dlya-pitately/pitatel-plastinchatyy-tk-16a-dro-604/val-vedushchiy-1060422000-10-tk15a-01-300-tk-16a-dro-604/";""
"1060422002";"нужен Wordstat";"Номер чертежа";"/catalog/zapasnye-chasti-i-komplektuyushchie/zapchasti-dlya-pitately/pitatel-plastinchatyy-tk-16a-dro-604/korpus-podshipnika-1060422002-tk15a-01-305-tk-16a-dro-604/";""
"1060422002 ТК-16А (ДРО-604)";"нужен Wordstat";"Номер чертежа";"/catalog/zapasnye-chasti-i-komplektuyushchie/zapchasti-dlya-pitately/pitatel-plastinchatyy-tk-16a-dro-604/korpus-podshipnika-1060422002-tk15a-01-305-tk-16a-dro-604/";""
"1060422003-10";"нужен Wordstat";"Номер чертежа";"/catalog/zapasnye-chasti-i-komplektuyushchie/zapchasti-dlya-pitately/pitatel-plastinchatyy-tk-16a-dro-604/val-vedushchiy-golyy-1060422003-10-tk15a-01-301-tk-16a-dro-604/";""
"1060422003-10 ТК-16А (ДРО-604)";"нужен Wordstat";"Номер чертежа";"/catalog/zapasnye-chasti-i-komplektuyushchie/zapchasti-dlya-pitately/pitatel-plastinchatyy-tk-16a-dro-604/val-vedushchiy-golyy-1060422003-10-tk15a-01-301-tk-16a-dro-604/";""
"1060422014";"нужен Wordstat";"Номер чертежа";"/catalog/zapasnye-chasti-i-komplektuyushchie/zapchasti-dlya-pitately/pitatel-plastinchatyy-tk-16a-dro-604/shesternya-bolshaya-1060422014-s640-0-1-tk-16a-dro-604/";""
"1060422014 ТК-16А (ДРО-604)";"нужен Wordstat";"Номер чертежа";"/catalog/zapasnye-chasti-i-komplektuyushchie/zapchasti-dlya-pitately/pitatel-plastinchatyy-tk-16a-dro-604/shesternya-bolshaya-1060422014-s640-0-1-tk-16a-dro-604/";""
"1060422100";"нужен Wordstat";"Номер чертежа";"/catalog/zapasnye-chasti-i-komplektuyushchie/zapchasti-dlya-pitately/pitatel-plastinchatyy-tk-16a-dro-604/zvezdochka-vedushchaya-1060422100-tk15a-01-302-tk-16a-dro-604/";""
"1060422100 ТК-16А (ДРО-604)";"нужен Wordstat";"Номер чертежа";"/catalog/zapasnye-chasti-i-komplektuyushchie/zapchasti-dlya-pitately/pitatel-plastinchatyy-tk-16a-dro-604/zvezdochka-vedushchaya-1060422100-tk15a-01-302-tk-16a-dro-604/";""
"1060428000";"нужен Wordstat";"Номер чертежа";"/catalog/zapasnye-chasti-i-komplektuyushchie/zapchasti-dlya-pitately/pitatel-plastinchatyy-tk-16a-dro-604/bunker-1060428000-tk-16a-dro-604/";""
"1060428000 ТК-16А (ДРО-604)";"нужен Wordstat";"Номер чертежа";"/catalog/zapasnye-chasti-i-komplektuyushchie/zapchasti-dlya-pitately/pitatel-plastinchatyy-tk-16a-dro-604/bunker-1060428000-tk-16a-dro-604/";""
"1062301201";"нужен Wordstat";"Номер чертежа";"/catalog/zapasnye-chasti-i-komplektuyushchie/zapchasti-dlya-drobilok/drobilki-konusnye/smd-120a-ksd-900/shkiv-elektrodvigatelya-smd-120at-1062301201/";""
"1062301201 СМД-120А (КСД-900)";"нужен Wordstat";"Номер чертежа";"/catalog/zapasnye-chasti-i-komplektuyushchie/zapchasti-dlya-drobilok/drobilki-konusnye/smd-120a-ksd-900/shkiv-elektrodvigatelya-smd-120at-1062301201/";""
"220-2-07";"нужен Wordstat";"Номер чертежа";"/catalog/zapasnye-chasti-i-komplektuyushchie/zapchasti-dlya-drobilok/drobilki-shchekovye/smd-110a/koltso-rezinovoe-4822002007-220-2-07/";"альтернативное обозначение"
"227-4-20-1";"нужен Wordstat";"Номер чертежа";"/catalog/zapasnye-chasti-i-komplektuyushchie/zapchasti-dlya-pitately/pitatel-plastinchatyy-p-804-104920-10/plastina-4820904204-227-4-20-1-pitatelya-p-804/";"альтернативное обозначение"
"227-4-20-2";"нужен Wordstat";"Номер чертежа";"/catalog/zapasnye-chasti-i-komplektuyushchie/zapchasti-dlya-pitately/pitatel-plastinchatyy-p-804-104920-10/plastina-4820904205-227-4-20-2-pitatelya-p-804/";"альтернативное обозначение"
"244-0-0-6Б";"нужен Wordstat";"Номер чертежа";"/catalog/zapasnye-chasti-i-komplektuyushchie/zapchasti-dlya-drobilok/drobilki-shchekovye/smd-108a/pruzhina-4824400006-244-0-0-6b/";"альтернативное обозначение"
"244-0-0-6Б";"нужен Wordstat";"Номер чертежа";"/catalog/zapasnye-chasti-i-komplektuyushchie/zapchasti-dlya-drobilok/drobilki-shchekovye/smd-109a/pruzhina-smd-109a-4824400006-244-0-0-6b/";"альтернативное обозначение"
"244-0-0-6Б";"нужен Wordstat";"Номер чертежа";"/catalog/zapasnye-chasti-i-komplektuyushchie/zapchasti-dlya-drobilok/drobilki-shchekovye/smd-110a/pruzhina-smd-110a-4824400006-244-0-0-6b/";"альтернативное обозначение"
"254-2-09";"нужен Wordstat";"Номер чертежа";"/catalog/zapasnye-chasti-i-komplektuyushchie/zapchasti-dlya-drobilok/drobilki-shchekovye/smd-108a/koltso-rezinovoe-4825402009-254-2-09/";"альтернативное обозначение"
"254-2-09";"нужен Wordstat";"Номер чертежа";"/catalog/zapasnye-chasti-i-komplektuyushchie/zapchasti-dlya-drobilok/drobilki-shchekovye/smd-109a/koltso-rezinovoe-smd-109a-4825402009-254-2-09/";"альтернативное обозначение"
"297-1-0-2";"нужен Wordstat";"Номер чертежа";"/catalog/zapasnye-chasti-i-komplektuyushchie/zapchasti-dlya-drobilok/drobilki-konusnye/dro-592-ksd-600/vtulka-tsilindricheskaya-verkhnyaya-1029701002-297-1-0-2-dro-592-ksd-600/";"альтернативное обозначение"
"297-1-0-3";"нужен Wordstat";"Номер чертежа";"/catalog/zapasnye-chasti-i-komplektuyushchie/zapchasti-dlya-drobilok/drobilki-konusnye/dro-592-ksd-600/vtulka-tsilindricheskaya-nizhnyaya-1029701003-297-1-0-3-dro-592-ksd-600/";"альтернативное обозначение"
"297-2-1-2";"нужен Wordstat";"Номер чертежа";"/catalog/zapasnye-chasti-i-komplektuyushchie/zapchasti-dlya-drobilok/drobilki-konusnye/dro-592-ksd-600/konus-nepodvizhnyy-bronya-ksd-600-1029702102-297-2-1-2/";"альтернативное обозначение"
"297-4-0-1";"нужен Wordstat";"Номер чертежа";"/catalog/zapasnye-chasti-i-komplektuyushchie/zapchasti-dlya-drobilok/drobilki-konusnye/dro-592-ksd-600/konus-podvizhnyy-bronya-ksd-600-1059204001-297-4-0-1/";"альтернативное обозначение"
"297-5-0-3";"нужен Wordstat";"Номер чертежа";"/catalog/zapasnye-chasti-i-komplektuyushchie/zapchasti-dlya-drobilok/drobilki-konusnye/dro-592-ksd-600/vorotnik-protivopylnyy-1029705003-297-5-0-3-dro-592-ksd-600/";"альтернативное обозначение"
"297-6-0-2";"нужен Wordstat";"Номер чертежа";"/catalog/zapasnye-chasti-i-komplektuyushchie/zapchasti-dlya-drobilok/drobilki-konusnye/dro-592-ksd-600/vtulka-konusnaya-verkhnyaya-1029706002-297-6-0-2-dro-592-ksd-600/";"альтернативное обозначение"
"297-6-0-4";"нужен Wordstat";"Номер чертежа";"/catalog/zapasnye-chasti-i-komplektuyushchie/zapchasti-dlya-drobilok/drobilki-konusnye/dro-592-ksd-600/vtulka-konusnaya-nizhnyaya-1029706004-297-6-0-4-dro-592-ksd-600/";"альтернативное обозначение"
"297-7-0-3";"нужен Wordstat";"Номер чертежа";"/catalog/zapasnye-chasti-i-komplektuyushchie/zapchasti-dlya-drobilok/drobilki-konusnye/dro-592-ksd-600/shesternya-konicheskaya-1056107003-297-7-0-3-dro-592-ksd-600/";"альтернативное обозначение"
"3004244";"нужен Wordstat";"Номер чертежа";"/catalog/zapasnye-chasti-i-komplektuyushchie/zapchasti-dlya-drobilok/drobilki-shchekovye/smd-108a/podshipnik-3004244-/";""
"3004244";"нужен Wordstat";"Номер чертежа";"/catalog/zapasnye-chasti-i-komplektuyushchie/zapchasti-dlya-drobilok/drobilki-shchekovye/smd-109a/podshipnik-3004244-smd-109a/";""
"3004244 СМД-108А";"нужен Wordstat";"Номер чертежа";"/catalog/zapasnye-chasti-i-komplektuyushchie/zapchasti-dlya-drobilok/drobilki-shchekovye/smd-108a/podshipnik-3004244-/";""
"3004244 СМД-109А";"нужен Wordstat";"Номер чертежа";"/catalog/zapasnye-chasti-i-komplektuyushchie/zapchasti-dlya-drobilok/drobilki-shchekovye/smd-109a/podshipnik-3004244-smd-109a/";""
"305-1-0-2";"нужен Wordstat";"Номер чертежа";"/catalog/zapasnye-chasti-i-komplektuyushchie/zapchasti-dlya-drobilok/drobilki-konusnye/smd-120a-ksd-900/vtulka-tsilindricheskaya-verkhnyaya-4830501002-305-1-0-2-ksd-900/";"альтернативное обозначение"
"305-1-0-3";"нужен Wordstat";"Номер чертежа";"/catalog/zapasnye-chasti-i-komplektuyushchie/zapchasti-dlya-drobilok/drobilki-konusnye/smd-120a-ksd-900/vtulka-tsilindricheskaya-nizhnyaya-4830501003-305-1-0-3-ksd-900/";"альтернативное обозначение"
"305-6-0-3";"нужен Wordstat";"Номер чертежа";"/catalog/zapasnye-chasti-i-komplektuyushchie/zapchasti-dlya-drobilok/drobilki-konusnye/smd-120a-ksd-900/vtulka-konusnaya-verkhnyaya-4830506003-305-6-0-3-ksd-900/";"альтернативное обозначение"
"305-6-0-4";"нужен Wordstat";"Номер чертежа";"/catalog/zapasnye-chasti-i-komplektuyushchie/zapchasti-dlya-drobilok/drobilki-konusnye/smd-120a-ksd-900/vtulka-konusnaya-nizhnyaya-4830506004-305-6-0-4-ksd-900/";"альтернативное обозначение"
"409511002-03";"нужен Wordstat";"Номер чертежа";"/catalog/zapasnye-chasti-i-komplektuyushchie/zapchasti-dlya-drobilok/drobilki-shchekovye/smd-108a/bolt-krepleniya-podvizhnoy-plity-0-409511002-03/";""
"409511002-03 СМД-108А";"нужен Wordstat";"Номер чертежа";"/catalog/zapasnye-chasti-i-komplektuyushchie/zapchasti-dlya-drobilok/drobilki-shchekovye/smd-108a/bolt-krepleniya-podvizhnoy-plity-0-409511002-03/";""
"409511002-07";"нужен Wordstat";"Номер чертежа";"/catalog/zapasnye-chasti-i-komplektuyushchie/zapchasti-dlya-drobilok/drobilki-shchekovye/smd-109a/bolt-krepleniya-podvizhnoy-plity-0-409511002-07/";""
"409511002-07 СМД-109А";"нужен Wordstat";"Номер чертежа";"/catalog/zapasnye-chasti-i-komplektuyushchie/zapchasti-dlya-drobilok/drobilki-shchekovye/smd-109a/bolt-krepleniya-podvizhnoy-plity-0-409511002-07/";""
"409511002-09";"нужен Wordstat";"Номер чертежа";"/catalog/zapasnye-chasti-i-komplektuyushchie/zapchasti-dlya-drobilok/drobilki-shchekovye/smd-110a/bolt-krepleniya-podvizhnoy-plity-0-409511002-09/";""
"409511002-09 СМД-110А";"нужен Wordstat";"Номер чертежа";"/catalog/zapasnye-chasti-i-komplektuyushchie/zapchasti-dlya-drobilok/drobilki-shchekovye/smd-110a/bolt-krepleniya-podvizhnoy-plity-0-409511002-09/";""
"45.10.002";"нужен Wordstat";"Номер чертежа";"/catalog/zapasnye-chasti-i-komplektuyushchie/zapchasti-dlya-abz/zapchasti-dlya-ds-158-ds-185/bronelist-ds-158-45-10-002/";""
"45.10.002 ДС-158 / ДС-185";"нужен Wordstat";"Номер чертежа";"/catalog/zapasnye-chasti-i-komplektuyushchie/zapchasti-dlya-abz/zapchasti-dlya-ds-158-ds-185/bronelist-ds-158-45-10-002/";""
"45.10.008";"нужен Wordstat";"Номер чертежа";"/catalog/zapasnye-chasti-i-komplektuyushchie/zapchasti-dlya-abz/zapchasti-dlya-ds-158-ds-185/sektor-broni-ds-158-45-10-008/";""
"45.10.008 ДС-158 / ДС-185";"нужен Wordstat";"Номер чертежа";"/catalog/zapasnye-chasti-i-komplektuyushchie/zapchasti-dlya-abz/zapchasti-dlya-ds-158-ds-185/sektor-broni-ds-158-45-10-008/";""
"45.10.118";"нужен Wordstat";"Номер чертежа";"/catalog/zapasnye-chasti-i-komplektuyushchie/zapchasti-dlya-abz/zapchasti-dlya-ds-158-ds-185/list-bronevoy-ds-158-45-10-118/";""
"45.10.118 ДС-158 / ДС-185";"нужен Wordstat";"Номер чертежа";"/catalog/zapasnye-chasti-i-komplektuyushchie/zapchasti-dlya-abz/zapchasti-dlya-ds-158-ds-185/list-bronevoy-ds-158-45-10-118/";""
"45.10.119";"нужен Wordstat";"Номер чертежа";"/catalog/zapasnye-chasti-i-komplektuyushchie/zapchasti-dlya-abz/zapchasti-dlya-ds-158-ds-185/list-bronevoy-ds-158-45-10-119-kontsevoy/";""
"45.10.119 ДС-158 / ДС-185";"нужен Wordstat";"Номер чертежа";"/catalog/zapasnye-chasti-i-komplektuyushchie/zapchasti-dlya-abz/zapchasti-dlya-ds-158-ds-185/list-bronevoy-ds-158-45-10-119-kontsevoy/";""
"45.10.281";"нужен Wordstat";"Номер чертежа";"/catalog/zapasnye-chasti-i-komplektuyushchie/zapchasti-dlya-abz/zapchasti-dlya-ds-158-ds-185/stoyka-pravaya-ds-158-45-10-281/";""
"45.10.281 ДС-158 / ДС-185";"нужен Wordstat";"Номер чертежа";"/catalog/zapasnye-chasti-i-komplektuyushchie/zapchasti-dlya-abz/zapchasti-dlya-ds-158-ds-185/stoyka-pravaya-ds-158-45-10-281/";""
"45.10.282";"нужен Wordstat";"Номер чертежа";"/catalog/zapasnye-chasti-i-komplektuyushchie/zapchasti-dlya-abz/zapchasti-dlya-ds-158-ds-185/lopast-ds-158-45-10-282/";""
"45.10.282 ДС-158 / ДС-185";"нужен Wordstat";"Номер чертежа";"/catalog/zapasnye-chasti-i-komplektuyushchie/zapchasti-dlya-abz/zapchasti-dlya-ds-158-ds-185/lopast-ds-158-45-10-282/";""
"45.10.283";"нужен Wordstat";"Номер чертежа";"/catalog/zapasnye-chasti-i-komplektuyushchie/zapchasti-dlya-abz/zapchasti-dlya-ds-158-ds-185/stoyka-levaya-ds-158-45-10-283/";""
"45.10.283 ДС-158 / ДС-185";"нужен Wordstat";"Номер чертежа";"/catalog/zapasnye-chasti-i-komplektuyushchie/zapchasti-dlya-abz/zapchasti-dlya-ds-158-ds-185/stoyka-levaya-ds-158-45-10-283/";""
"45.12.001";"нужен Wordstat";"Номер чертежа";"/catalog/zapasnye-chasti-i-komplektuyushchie/zapchasti-dlya-abz/zapchasti-dlya-ds-158-ds-185/bronelist-ds-185-45-12-001/";""
"45.12.001 ДС-158 / ДС-185";"нужен Wordstat";"Номер чертежа";"/catalog/zapasnye-chasti-i-komplektuyushchie/zapchasti-dlya-abz/zapchasti-dlya-ds-158-ds-185/bronelist-ds-185-45-12-001/";""
"45.12.006";"нужен Wordstat";"Номер чертежа";"/catalog/zapasnye-chasti-i-komplektuyushchie/zapchasti-dlya-abz/zapchasti-dlya-ds-158-ds-185/bronelist-ds-185-45-12-006/";""
"45.12.006 ДС-158 / ДС-185";"нужен Wordstat";"Номер чертежа";"/catalog/zapasnye-chasti-i-komplektuyushchie/zapchasti-dlya-abz/zapchasti-dlya-ds-158-ds-185/bronelist-ds-185-45-12-006/";""
"45.12.040";"нужен Wordstat";"Номер чертежа";"/catalog/zapasnye-chasti-i-komplektuyushchie/zapchasti-dlya-abz/zapchasti-dlya-ds-158-ds-185/bronelist-ds-185-45-12-040-verkhniy-tortsevoy/";""
"45.12.040 ДС-158 / ДС-185";"нужен Wordstat";"Номер чертежа";"/catalog/zapasnye-chasti-i-komplektuyushchie/zapchasti-dlya-abz/zapchasti-dlya-ds-158-ds-185/bronelist-ds-185-45-12-040-verkhniy-tortsevoy/";""
"46.10.001";"нужен Wordstat";"Номер чертежа";"/catalog/zapasnye-chasti-i-komplektuyushchie/zapchasti-dlya-abz/zapchasti-dlya-ds-158-ds-185/list-bronevoy-ds-158-46-10-001-nizhniy-tortsevoy/";""
"46.10.001 ДС-158 / ДС-185";"нужен Wordstat";"Номер чертежа";"/catalog/zapasnye-chasti-i-komplektuyushchie/zapchasti-dlya-abz/zapchasti-dlya-ds-158-ds-185/list-bronevoy-ds-158-46-10-001-nizhniy-tortsevoy/";""
"46.10.002";"нужен Wordstat";"Номер чертежа";"/catalog/zapasnye-chasti-i-komplektuyushchie/zapchasti-dlya-abz/zapchasti-dlya-ds-158-ds-185/bronelist-ds-158-46-10-002-verkhniy-tortsevoy/";""
"46.10.002 ДС-158 / ДС-185";"нужен Wordstat";"Номер чертежа";"/catalog/zapasnye-chasti-i-komplektuyushchie/zapchasti-dlya-abz/zapchasti-dlya-ds-158-ds-185/bronelist-ds-158-46-10-002-verkhniy-tortsevoy/";""
"4814800007";"нужен Wordstat";"Номер чертежа";"/catalog/zapasnye-chasti-i-komplektuyushchie/zapchasti-dlya-drobilok/drobilki-shchekovye/smd-108a/bolt-spetsialnyy-4814800007/";""
"4814800007";"нужен Wordstat";"Номер чертежа";"/catalog/zapasnye-chasti-i-komplektuyushchie/zapchasti-dlya-drobilok/drobilki-shchekovye/smd-109a/bolt-spetsialnyy-smd-109a-4814800007/";""
"4814800007 СМД-108А";"нужен Wordstat";"Номер чертежа";"/catalog/zapasnye-chasti-i-komplektuyushchie/zapchasti-dlya-drobilok/drobilki-shchekovye/smd-108a/bolt-spetsialnyy-4814800007/";""
"4814800007 СМД-109А";"нужен Wordstat";"Номер чертежа";"/catalog/zapasnye-chasti-i-komplektuyushchie/zapchasti-dlya-drobilok/drobilki-shchekovye/smd-109a/bolt-spetsialnyy-smd-109a-4814800007/";""
"481480000700";"нужен Wordstat";"Номер чертежа";"/catalog/zapasnye-chasti-i-komplektuyushchie/zapchasti-dlya-drobilok/drobilki-shchekovye/smd-108a/bolt-spetsialnyy-4814800007/";"альтернативное обозначение"
"481480000700";"нужен Wordstat";"Номер чертежа";"/catalog/zapasnye-chasti-i-komplektuyushchie/zapchasti-dlya-drobilok/drobilki-shchekovye/smd-109a/bolt-spetsialnyy-smd-109a-4814800007/";"альтернативное обозначение"
"4814800008";"нужен Wordstat";"Номер чертежа";"/catalog/zapasnye-chasti-i-komplektuyushchie/zapchasti-dlya-drobilok/drobilki-shchekovye/smd-108a/shayba-4814800008/";""
"4814800008";"нужен Wordstat";"Номер чертежа";"/catalog/zapasnye-chasti-i-komplektuyushchie/zapchasti-dlya-drobilok/drobilki-shchekovye/smd-109a/shayba-smd-109a-4814800008/";""
"4814800008 СМД-108А";"нужен Wordstat";"Номер чертежа";"/catalog/zapasnye-chasti-i-komplektuyushchie/zapchasti-dlya-drobilok/drobilki-shchekovye/smd-108a/shayba-4814800008/";""
"4814800008 СМД-109А";"нужен Wordstat";"Номер чертежа";"/catalog/zapasnye-chasti-i-komplektuyushchie/zapchasti-dlya-drobilok/drobilki-shchekovye/smd-109a/shayba-smd-109a-4814800008/";""
"4816201043";"нужен Wordstat";"Номер чертежа";"/catalog/zapasnye-chasti-i-komplektuyushchie/zapchasti-dlya-drobilok/drobilki-shchekovye/smd-108a/shpilka-m48kh3-4816201043/";""
"4816201043";"нужен Wordstat";"Номер чертежа";"/catalog/zapasnye-chasti-i-komplektuyushchie/zapchasti-dlya-drobilok/drobilki-shchekovye/smd-109a/shpilka-m48kh3-smd-109a-4816201043/";""
"4816201043";"нужен Wordstat";"Номер чертежа";"/catalog/zapasnye-chasti-i-komplektuyushchie/zapchasti-dlya-drobilok/drobilki-shchekovye/smd-110a/shpilka-m48kh3-smd-110a-4816201043/";""
"4816201043 СМД-108А";"нужен Wordstat";"Номер чертежа";"/catalog/zapasnye-chasti-i-komplektuyushchie/zapchasti-dlya-drobilok/drobilki-shchekovye/smd-108a/shpilka-m48kh3-4816201043/";""
"4816201043 СМД-109А";"нужен Wordstat";"Номер чертежа";"/catalog/zapasnye-chasti-i-komplektuyushchie/zapchasti-dlya-drobilok/drobilki-shchekovye/smd-109a/shpilka-m48kh3-smd-109a-4816201043/";""
"4816201043 СМД-110А";"нужен Wordstat";"Номер чертежа";"/catalog/zapasnye-chasti-i-komplektuyushchie/zapchasti-dlya-drobilok/drobilki-shchekovye/smd-110a/shpilka-m48kh3-smd-110a-4816201043/";""
"4816201044";"нужен Wordstat";"Номер чертежа";"/catalog/zapasnye-chasti-i-komplektuyushchie/zapchasti-dlya-drobilok/drobilki-shchekovye/smd-108a/gayka-4816201044/";""
"4816201044";"нужен Wordstat";"Номер чертежа";"/catalog/zapasnye-chasti-i-komplektuyushchie/zapchasti-dlya-drobilok/drobilki-shchekovye/smd-109a/gayka-smd-109a-4816201044/";""
"4816201044";"нужен Wordstat";"Номер чертежа";"/catalog/zapasnye-chasti-i-komplektuyushchie/zapchasti-dlya-drobilok/drobilki-shchekovye/smd-110a/gayka-smd-110a-4816201044/";""
"4816201044 СМД-108А";"нужен Wordstat";"Номер чертежа";"/catalog/zapasnye-chasti-i-komplektuyushchie/zapchasti-dlya-drobilok/drobilki-shchekovye/smd-108a/gayka-4816201044/";""
"4816201044 СМД-109А";"нужен Wordstat";"Номер чертежа";"/catalog/zapasnye-chasti-i-komplektuyushchie/zapchasti-dlya-drobilok/drobilki-shchekovye/smd-109a/gayka-smd-109a-4816201044/";""
"4816201044 СМД-110А";"нужен Wordstat";"Номер чертежа";"/catalog/zapasnye-chasti-i-komplektuyushchie/zapchasti-dlya-drobilok/drobilki-shchekovye/smd-110a/gayka-smd-110a-4816201044/";""
"481620104400";"нужен Wordstat";"Номер чертежа";"/catalog/zapasnye-chasti-i-komplektuyushchie/zapchasti-dlya-drobilok/drobilki-shchekovye/smd-110a/gayka-smd-110a-4816201044/";"альтернативное обозначение"
"4816202017";"нужен Wordstat";"Номер чертежа";"/catalog/zapasnye-chasti-i-komplektuyushchie/zapchasti-dlya-drobilok/drobilki-shchekovye/smd-108a/fartuk-4816202017/";""
"4816202017";"нужен Wordstat";"Номер чертежа";"/catalog/zapasnye-chasti-i-komplektuyushchie/zapchasti-dlya-drobilok/drobilki-shchekovye/smd-109a/fartuk-smd-109a-4816202017/";""
"4816202017";"нужен Wordstat";"Номер чертежа";"/catalog/zapasnye-chasti-i-komplektuyushchie/zapchasti-dlya-drobilok/drobilki-shchekovye/smd-110a/fartuk-smd-110a-4816202017/";""
"4816202017 СМД-108А";"нужен Wordstat";"Номер чертежа";"/catalog/zapasnye-chasti-i-komplektuyushchie/zapchasti-dlya-drobilok/drobilki-shchekovye/smd-108a/fartuk-4816202017/";""
"4816202017 СМД-109А";"нужен Wordstat";"Номер чертежа";"/catalog/zapasnye-chasti-i-komplektuyushchie/zapchasti-dlya-drobilok/drobilki-shchekovye/smd-109a/fartuk-smd-109a-4816202017/";""
"4816202017 СМД-110А";"нужен Wordstat";"Номер чертежа";"/catalog/zapasnye-chasti-i-komplektuyushchie/zapchasti-dlya-drobilok/drobilki-shchekovye/smd-110a/fartuk-smd-110a-4816202017/";""
"4816204011";"нужен Wordstat";"Номер чертежа";"/catalog/zapasnye-chasti-i-komplektuyushchie/zapchasti-dlya-drobilok/drobilki-shchekovye/smd-108a/prokladka-4816204011/";""
"4816204011 СМД-108А";"нужен Wordstat";"Номер чертежа";"/catalog/zapasnye-chasti-i-komplektuyushchie/zapchasti-dlya-drobilok/drobilki-shchekovye/smd-108a/prokladka-4816204011/";""
"4816800002";"нужен Wordstat";"Номер чертежа";"/catalog/zapasnye-chasti-i-komplektuyushchie/zapchasti-dlya-drobilok/drobilki-shchekovye/smd-109a/klin-nizhniy-pravyy-4816800002/";""
"4816800002 СМД-109А";"нужен Wordstat";"Номер чертежа";"/catalog/zapasnye-chasti-i-komplektuyushchie/zapchasti-dlya-drobilok/drobilki-shchekovye/smd-109a/klin-nizhniy-pravyy-4816800002/";""
"481680000200";"нужен Wordstat";"Номер чертежа";"/catalog/zapasnye-chasti-i-komplektuyushchie/zapchasti-dlya-drobilok/drobilki-shchekovye/smd-109a/klin-nizhniy-pravyy-4816800002/";"альтернативное обозначение"
"4816800003";"нужен Wordstat";"Номер чертежа";"/catalog/zapasnye-chasti-i-komplektuyushchie/zapchasti-dlya-drobilok/drobilki-shchekovye/smd-109a/klin-nizhniy-levyy-4816800003/";""
"4816800003 СМД-109А";"нужен Wordstat";"Номер чертежа";"/catalog/zapasnye-chasti-i-komplektuyushchie/zapchasti-dlya-drobilok/drobilki-shchekovye/smd-109a/klin-nizhniy-levyy-4816800003/";""
"481680000300";"нужен Wordstat";"Номер чертежа";"/catalog/zapasnye-chasti-i-komplektuyushchie/zapchasti-dlya-drobilok/drobilki-shchekovye/smd-109a/klin-nizhniy-levyy-4816800003/";"альтернативное обозначение"
"4816800035";"нужен Wordstat";"Номер чертежа";"/catalog/zapasnye-chasti-i-komplektuyushchie/zapchasti-dlya-drobilok/drobilki-shchekovye/smd-108a/gayka-pravaya-4816800035/";""
"4816800035";"нужен Wordstat";"Номер чертежа";"/catalog/zapasnye-chasti-i-komplektuyushchie/zapchasti-dlya-drobilok/drobilki-shchekovye/smd-109a/gayka-pravaya-4816800035-smd-109/";""
"4816800035 СМД-108А";"нужен Wordstat";"Номер чертежа";"/catalog/zapasnye-chasti-i-komplektuyushchie/zapchasti-dlya-drobilok/drobilki-shchekovye/smd-108a/gayka-pravaya-4816800035/";""
"4816800035 СМД-109А";"нужен Wordstat";"Номер чертежа";"/catalog/zapasnye-chasti-i-komplektuyushchie/zapchasti-dlya-drobilok/drobilki-shchekovye/smd-109a/gayka-pravaya-4816800035-smd-109/";""
"481680003500";"нужен Wordstat";"Номер чертежа";"/catalog/zapasnye-chasti-i-komplektuyushchie/zapchasti-dlya-drobilok/drobilki-shchekovye/smd-108a/gayka-pravaya-4816800035/";"альтернативное обозначение"
"481680003500";"нужен Wordstat";"Номер чертежа";"/catalog/zapasnye-chasti-i-komplektuyushchie/zapchasti-dlya-drobilok/drobilki-shchekovye/smd-109a/gayka-pravaya-4816800035-smd-109/";"альтернативное обозначение"
"4816800036";"нужен Wordstat";"Номер чертежа";"/catalog/zapasnye-chasti-i-komplektuyushchie/zapchasti-dlya-drobilok/drobilki-shchekovye/smd-108a/gayka-levaya-4816800036/";""
"4816800036";"нужен Wordstat";"Номер чертежа";"/catalog/zapasnye-chasti-i-komplektuyushchie/zapchasti-dlya-drobilok/drobilki-shchekovye/smd-109a/gayka-levaya-4816800036-smd-109/";""
"4816800036 СМД-108А";"нужен Wordstat";"Номер чертежа";"/catalog/zapasnye-chasti-i-komplektuyushchie/zapchasti-dlya-drobilok/drobilki-shchekovye/smd-108a/gayka-levaya-4816800036/";""
"4816800036 СМД-109А";"нужен Wordstat";"Номер чертежа";"/catalog/zapasnye-chasti-i-komplektuyushchie/zapchasti-dlya-drobilok/drobilki-shchekovye/smd-109a/gayka-levaya-4816800036-smd-109/";""
"481680003600";"нужен Wordstat";"Номер чертежа";"/catalog/zapasnye-chasti-i-komplektuyushchie/zapchasti-dlya-drobilok/drobilki-shchekovye/smd-108a/gayka-levaya-4816800036/";"альтернативное обозначение"
"481680003600";"нужен Wordstat";"Номер чертежа";"/catalog/zapasnye-chasti-i-komplektuyushchie/zapchasti-dlya-drobilok/drobilki-shchekovye/smd-109a/gayka-levaya-4816800036-smd-109/";"альтернативное обозначение"
"4820904204";"нужен Wordstat";"Номер чертежа";"/catalog/zapasnye-chasti-i-komplektuyushchie/zapchasti-dlya-pitately/pitatel-plastinchatyy-p-804-104920-10/plastina-4820904204-227-4-20-1-pitatelya-p-804/";""
"4820904204 П-804 (104920-10)";"нужен Wordstat";"Номер чертежа";"/catalog/zapasnye-chasti-i-komplektuyushchie/zapchasti-dlya-pitately/pitatel-plastinchatyy-p-804-104920-10/plastina-4820904204-227-4-20-1-pitatelya-p-804/";""
"4820904205";"нужен Wordstat";"Номер чертежа";"/catalog/zapasnye-chasti-i-komplektuyushchie/zapchasti-dlya-pitately/pitatel-plastinchatyy-p-804-104920-10/plastina-4820904205-227-4-20-2-pitatelya-p-804/";""
"4820904205 П-804 (104920-10)";"нужен Wordstat";"Номер чертежа";"/catalog/zapasnye-chasti-i-komplektuyushchie/zapchasti-dlya-pitately/pitatel-plastinchatyy-p-804-104920-10/plastina-4820904205-227-4-20-2-pitatelya-p-804/";""
"4822000006";"нужен Wordstat";"Номер чертежа";"/catalog/zapasnye-chasti-i-komplektuyushchie/zapchasti-dlya-drobilok/drobilki-shchekovye/smd-108a/sukhar-k-tyage-4822000006/";""
"4822000006";"нужен Wordstat";"Номер чертежа";"/catalog/zapasnye-chasti-i-komplektuyushchie/zapchasti-dlya-drobilok/drobilki-shchekovye/smd-109a/sukhar-k-tyage-smd-109a-4822000006/";""
"4822000006";"нужен Wordstat";"Номер чертежа";"/catalog/zapasnye-chasti-i-komplektuyushchie/zapchasti-dlya-drobilok/drobilki-shchekovye/smd-110a/sukhar-k-tyage-smd-110a-4822000006/";""
"4822000006 СМД-108А";"нужен Wordstat";"Номер чертежа";"/catalog/zapasnye-chasti-i-komplektuyushchie/zapchasti-dlya-drobilok/drobilki-shchekovye/smd-108a/sukhar-k-tyage-4822000006/";""
"4822000006 СМД-109А";"нужен Wordstat";"Номер чертежа";"/catalog/zapasnye-chasti-i-komplektuyushchie/zapchasti-dlya-drobilok/drobilki-shchekovye/smd-109a/sukhar-k-tyage-smd-109a-4822000006/";""
"4822000006 СМД-110А";"нужен Wordstat";"Номер чертежа";"/catalog/zapasnye-chasti-i-komplektuyushchie/zapchasti-dlya-drobilok/drobilki-shchekovye/smd-110a/sukhar-k-tyage-smd-110a-4822000006/";""
"4822002007";"нужен Wordstat";"Номер чертежа";"/catalog/zapasnye-chasti-i-komplektuyushchie/zapchasti-dlya-drobilok/drobilki-shchekovye/smd-110a/koltso-rezinovoe-4822002007-220-2-07/";""
"4822002007 СМД-110А";"нужен Wordstat";"Номер чертежа";"/catalog/zapasnye-chasti-i-komplektuyushchie/zapchasti-dlya-drobilok/drobilki-shchekovye/smd-110a/koltso-rezinovoe-4822002007-220-2-07/";""
"482200200700";"нужен Wordstat";"Номер чертежа";"/catalog/zapasnye-chasti-i-komplektuyushchie/zapchasti-dlya-drobilok/drobilki-shchekovye/smd-110a/koltso-rezinovoe-4822002007-220-2-07/";"альтернативное обозначение"
"4822002028";"нужен Wordstat";"Номер чертежа";"/catalog/zapasnye-chasti-i-komplektuyushchie/zapchasti-dlya-drobilok/drobilki-shchekovye/smd-108a/klin-krepleniya-podvizhnoy-plity-pravyy-4822002028/";""
"4822002028";"нужен Wordstat";"Номер чертежа";"/catalog/zapasnye-chasti-i-komplektuyushchie/zapchasti-dlya-drobilok/drobilki-shchekovye/smd-109a/klin-krepleniya-podvizhnoy-plity-pravyy-smd-109a-4822002028/";""
"4822002028 СМД-108А";"нужен Wordstat";"Номер чертежа";"/catalog/zapasnye-chasti-i-komplektuyushchie/zapchasti-dlya-drobilok/drobilki-shchekovye/smd-108a/klin-krepleniya-podvizhnoy-plity-pravyy-4822002028/";""
"4822002028 СМД-109А";"нужен Wordstat";"Номер чертежа";"/catalog/zapasnye-chasti-i-komplektuyushchie/zapchasti-dlya-drobilok/drobilki-shchekovye/smd-109a/klin-krepleniya-podvizhnoy-plity-pravyy-smd-109a-4822002028/";""
"482200202800";"нужен Wordstat";"Номер чертежа";"/catalog/zapasnye-chasti-i-komplektuyushchie/zapchasti-dlya-drobilok/drobilki-shchekovye/smd-108a/klin-krepleniya-podvizhnoy-plity-pravyy-4822002028/";"альтернативное обозначение"
"482200202800";"нужен Wordstat";"Номер чертежа";"/catalog/zapasnye-chasti-i-komplektuyushchie/zapchasti-dlya-drobilok/drobilki-shchekovye/smd-109a/klin-krepleniya-podvizhnoy-plity-pravyy-smd-109a-4822002028/";"альтернативное обозначение"
"4822002035";"нужен Wordstat";"Номер чертежа";"/catalog/zapasnye-chasti-i-komplektuyushchie/zapchasti-dlya-drobilok/drobilki-shchekovye/smd-108a/klin-krepleniya-podvizhnoy-plity-levyy-4822002035/";""
"4822002035";"нужен Wordstat";"Номер чертежа";"/catalog/zapasnye-chasti-i-komplektuyushchie/zapchasti-dlya-drobilok/drobilki-shchekovye/smd-109a/klin-krepleniya-podvizhnoy-plity-levyy-smd-109a-4822002035/";""
"4822002035 СМД-108А";"нужен Wordstat";"Номер чертежа";"/catalog/zapasnye-chasti-i-komplektuyushchie/zapchasti-dlya-drobilok/drobilki-shchekovye/smd-108a/klin-krepleniya-podvizhnoy-plity-levyy-4822002035/";""
"4822002035 СМД-109А";"нужен Wordstat";"Номер чертежа";"/catalog/zapasnye-chasti-i-komplektuyushchie/zapchasti-dlya-drobilok/drobilki-shchekovye/smd-109a/klin-krepleniya-podvizhnoy-plity-levyy-smd-109a-4822002035/";""
"482200203500";"нужен Wordstat";"Номер чертежа";"/catalog/zapasnye-chasti-i-komplektuyushchie/zapchasti-dlya-drobilok/drobilki-shchekovye/smd-108a/klin-krepleniya-podvizhnoy-plity-levyy-4822002035/";"альтернативное обозначение"
"482200203500";"нужен Wordstat";"Номер чертежа";"/catalog/zapasnye-chasti-i-komplektuyushchie/zapchasti-dlya-drobilok/drobilki-shchekovye/smd-109a/klin-krepleniya-podvizhnoy-plity-levyy-smd-109a-4822002035/";"альтернативное обозначение"
"4822002047";"нужен Wordstat";"Номер чертежа";"/catalog/zapasnye-chasti-i-komplektuyushchie/zapchasti-dlya-drobilok/drobilki-shchekovye/smd-108a/planka-4822002047/";""
"4822002047";"нужен Wordstat";"Номер чертежа";"/catalog/zapasnye-chasti-i-komplektuyushchie/zapchasti-dlya-drobilok/drobilki-shchekovye/smd-109a/planka-smd-109a-4822002047/";""
"4822002047";"нужен Wordstat";"Номер чертежа";"/catalog/zapasnye-chasti-i-komplektuyushchie/zapchasti-dlya-drobilok/drobilki-shchekovye/smd-110a/planka-smd-110a-4822002047/";""
"4822002047 СМД-108А";"нужен Wordstat";"Номер чертежа";"/catalog/zapasnye-chasti-i-komplektuyushchie/zapchasti-dlya-drobilok/drobilki-shchekovye/smd-108a/planka-4822002047/";""
"4822002047 СМД-109А";"нужен Wordstat";"Номер чертежа";"/catalog/zapasnye-chasti-i-komplektuyushchie/zapchasti-dlya-drobilok/drobilki-shchekovye/smd-109a/planka-smd-109a-4822002047/";""
"4822002047 СМД-110А";"нужен Wordstat";"Номер чертежа";"/catalog/zapasnye-chasti-i-komplektuyushchie/zapchasti-dlya-drobilok/drobilki-shchekovye/smd-110a/planka-smd-110a-4822002047/";""
"4822704160";"нужен Wordstat";"Номер чертежа";"/catalog/zapasnye-chasti-i-komplektuyushchie/zapchasti-dlya-pitately/pitatel-plastinchatyy-p-804-104920-10/polotno-tsep-plastinchataya-4822704160-pitatelya-p-804/";""
"4822704160 П-804 (104920-10)";"нужен Wordstat";"Номер чертежа";"/catalog/zapasnye-chasti-i-komplektuyushchie/zapchasti-dlya-pitately/pitatel-plastinchatyy-p-804-104920-10/polotno-tsep-plastinchataya-4822704160-pitatelya-p-804/";""
"48227041700";"нужен Wordstat";"Номер чертежа";"/catalog/zapasnye-chasti-i-komplektuyushchie/zapchasti-dlya-pitately/pitatel-plastinchatyy-p-804-104920-10/tsep-polotna-plastinchataya-48227041700-pitatelya-p-804/";""
"48227041700 П-804 (104920-10)";"нужен Wordstat";"Номер чертежа";"/catalog/zapasnye-chasti-i-komplektuyushchie/zapchasti-dlya-pitately/pitatel-plastinchatyy-p-804-104920-10/tsep-polotna-plastinchataya-48227041700-pitatelya-p-804/";""
"4824400006";"нужен Wordstat";"Номер чертежа";"/catalog/zapasnye-chasti-i-komplektuyushchie/zapchasti-dlya-drobilok/drobilki-shchekovye/smd-108a/pruzhina-4824400006-244-0-0-6b/";""
"4824400006";"нужен Wordstat";"Номер чертежа";"/catalog/zapasnye-chasti-i-komplektuyushchie/zapchasti-dlya-drobilok/drobilki-shchekovye/smd-109a/pruzhina-smd-109a-4824400006-244-0-0-6b/";""
"4824400006";"нужен Wordstat";"Номер чертежа";"/catalog/zapasnye-chasti-i-komplektuyushchie/zapchasti-dlya-drobilok/drobilki-shchekovye/smd-110a/pruzhina-smd-110a-4824400006-244-0-0-6b/";""
"4824400006 СМД-108А";"нужен Wordstat";"Номер чертежа";"/catalog/zapasnye-chasti-i-komplektuyushchie/zapchasti-dlya-drobilok/drobilki-shchekovye/smd-108a/pruzhina-4824400006-244-0-0-6b/";""
"4824400006 СМД-109А";"нужен Wordstat";"Номер чертежа";"/catalog/zapasnye-chasti-i-komplektuyushchie/zapchasti-dlya-drobilok/drobilki-shchekovye/smd-109a/pruzhina-smd-109a-4824400006-244-0-0-6b/";""
"4824400006 СМД-110А";"нужен Wordstat";"Номер чертежа";"/catalog/zapasnye-chasti-i-komplektuyushchie/zapchasti-dlya-drobilok/drobilki-shchekovye/smd-110a/pruzhina-smd-110a-4824400006-244-0-0-6b/";""
"482440000600";"нужен Wordstat";"Номер чертежа";"/catalog/zapasnye-chasti-i-komplektuyushchie/zapchasti-dlya-drobilok/drobilki-shchekovye/smd-108a/pruzhina-4824400006-244-0-0-6b/";"альтернативное обозначение"
"482440000600";"нужен Wordstat";"Номер чертежа";"/catalog/zapasnye-chasti-i-komplektuyushchie/zapchasti-dlya-drobilok/drobilki-shchekovye/smd-109a/pruzhina-smd-109a-4824400006-244-0-0-6b/";"альтернативное обозначение"
"482440000600";"нужен Wordstat";"Номер чертежа";"/catalog/zapasnye-chasti-i-komplektuyushchie/zapchasti-dlya-drobilok/drobilki-shchekovye/smd-110a/pruzhina-smd-110a-4824400006-244-0-0-6b/";"альтернативное обозначение"
"4824403011";"нужен Wordstat";"Номер чертежа";"/catalog/zapasnye-chasti-i-komplektuyushchie/zapchasti-dlya-drobilok/drobilki-shchekovye/smd-110a/gayka-ustanovochnaya-4824403011/";""
"4824403011 СМД-110А";"нужен Wordstat";"Номер чертежа";"/catalog/zapasnye-chasti-i-komplektuyushchie/zapchasti-dlya-drobilok/drobilki-shchekovye/smd-110a/gayka-ustanovochnaya-4824403011/";""
"4824403026";"нужен Wordstat";"Номер чертежа";"/catalog/zapasnye-chasti-i-komplektuyushchie/zapchasti-dlya-drobilok/drobilki-shchekovye/smd-110a/shponka-tangentsialnaya-4824403026/";""
"4824403026 СМД-110А";"нужен Wordstat";"Номер чертежа";"/catalog/zapasnye-chasti-i-komplektuyushchie/zapchasti-dlya-drobilok/drobilki-shchekovye/smd-110a/shponka-tangentsialnaya-4824403026/";""
"4825400021";"нужен Wordstat";"Номер чертежа";"/catalog/zapasnye-chasti-i-komplektuyushchie/zapchasti-dlya-drobilok/drobilki-shchekovye/smd-108a/tarelka-pruzhiny-4825400021/";""
"4825400021";"нужен Wordstat";"Номер чертежа";"/catalog/zapasnye-chasti-i-komplektuyushchie/zapchasti-dlya-drobilok/drobilki-shchekovye/smd-109a/tarelka-pruzhiny-smd-109a-4825400021/";""
"4825400021";"нужен Wordstat";"Номер чертежа";"/catalog/zapasnye-chasti-i-komplektuyushchie/zapchasti-dlya-drobilok/drobilki-shchekovye/smd-110a/tarelka-pruzhiny-smd-110a-4825400021/";""
"4825400021 СМД-108А";"нужен Wordstat";"Номер чертежа";"/catalog/zapasnye-chasti-i-komplektuyushchie/zapchasti-dlya-drobilok/drobilki-shchekovye/smd-108a/tarelka-pruzhiny-4825400021/";""
"4825400021 СМД-109А";"нужен Wordstat";"Номер чертежа";"/catalog/zapasnye-chasti-i-komplektuyushchie/zapchasti-dlya-drobilok/drobilki-shchekovye/smd-109a/tarelka-pruzhiny-smd-109a-4825400021/";""
"4825400021 СМД-110А";"нужен Wordstat";"Номер чертежа";"/catalog/zapasnye-chasti-i-komplektuyushchie/zapchasti-dlya-drobilok/drobilki-shchekovye/smd-110a/tarelka-pruzhiny-smd-110a-4825400021/";""
"482540002100";"нужен Wordstat";"Номер чертежа";"/catalog/zapasnye-chasti-i-komplektuyushchie/zapchasti-dlya-drobilok/drobilki-shchekovye/smd-108a/tarelka-pruzhiny-4825400021/";"альтернативное обозначение"
"482540002100";"нужен Wordstat";"Номер чертежа";"/catalog/zapasnye-chasti-i-komplektuyushchie/zapchasti-dlya-drobilok/drobilki-shchekovye/smd-109a/tarelka-pruzhiny-smd-109a-4825400021/";"альтернативное обозначение"
"482540002100";"нужен Wordstat";"Номер чертежа";"/catalog/zapasnye-chasti-i-komplektuyushchie/zapchasti-dlya-drobilok/drobilki-shchekovye/smd-110a/tarelka-pruzhiny-smd-110a-4825400021/";"альтернативное обозначение"
"4825400200";"нужен Wordstat";"Номер чертежа";"/catalog/zapasnye-chasti-i-komplektuyushchie/zapchasti-dlya-drobilok/drobilki-shchekovye/smd-109a/tyaga-pruzhiny-smd-109a-4825400200/";""
"4825400200 СМД-109А";"нужен Wordstat";"Номер чертежа";"/catalog/zapasnye-chasti-i-komplektuyushchie/zapchasti-dlya-drobilok/drobilki-shchekovye/smd-109a/tyaga-pruzhiny-smd-109a-4825400200/";""
"482540020000";"нужен Wordstat";"Номер чертежа";"/catalog/zapasnye-chasti-i-komplektuyushchie/zapchasti-dlya-drobilok/drobilki-shchekovye/smd-109a/tyaga-pruzhiny-smd-109a-4825400200/";"альтернативное обозначение"
"4825400500";"нужен Wordstat";"Номер чертежа";"/catalog/zapasnye-chasti-i-komplektuyushchie/zapchasti-dlya-drobilok/drobilki-shchekovye/smd-108a/treshchetka-4825400500/";""
"4825400500";"нужен Wordstat";"Номер чертежа";"/catalog/zapasnye-chasti-i-komplektuyushchie/zapchasti-dlya-drobilok/drobilki-shchekovye/smd-109a/treshchetkasmd-109a-4825400500/";""
"4825400500";"нужен Wordstat";"Номер чертежа";"/catalog/zapasnye-chasti-i-komplektuyushchie/zapchasti-dlya-drobilok/drobilki-shchekovye/smd-110a/treshchetkasmd-110a-4825400500/";""
"4825400500 СМД-108А";"нужен Wordstat";"Номер чертежа";"/catalog/zapasnye-chasti-i-komplektuyushchie/zapchasti-dlya-drobilok/drobilki-shchekovye/smd-108a/treshchetka-4825400500/";""
"4825400500 СМД-109А";"нужен Wordstat";"Номер чертежа";"/catalog/zapasnye-chasti-i-komplektuyushchie/zapchasti-dlya-drobilok/drobilki-shchekovye/smd-109a/treshchetkasmd-109a-4825400500/";""
"4825400500 СМД-110А";"нужен Wordstat";"Номер чертежа";"/catalog/zapasnye-chasti-i-komplektuyushchie/zapchasti-dlya-drobilok/drobilki-shchekovye/smd-110a/treshchetkasmd-110a-4825400500/";""
"482540050000";"нужен Wordstat";"Номер чертежа";"/catalog/zapasnye-chasti-i-komplektuyushchie/zapchasti-dlya-drobilok/drobilki-shchekovye/smd-108a/treshchetka-4825400500/";"альтернативное обозначение"
"482540050000";"нужен Wordstat";"Номер чертежа";"/catalog/zapasnye-chasti-i-komplektuyushchie/zapchasti-dlya-drobilok/drobilki-shchekovye/smd-109a/treshchetkasmd-109a-4825400500/";"альтернативное обозначение"
"482540050000";"нужен Wordstat";"Номер чертежа";"/catalog/zapasnye-chasti-i-komplektuyushchie/zapchasti-dlya-drobilok/drobilki-shchekovye/smd-110a/treshchetkasmd-110a-4825400500/";"альтернативное обозначение"
"4825400700";"нужен Wordstat";"Номер чертежа";"/catalog/zapasnye-chasti-i-komplektuyushchie/zapchasti-dlya-drobilok/drobilki-shchekovye/smd-108a/ograzhdenie-pruzhiny-4825400700/";""
"4825400700";"нужен Wordstat";"Номер чертежа";"/catalog/zapasnye-chasti-i-komplektuyushchie/zapchasti-dlya-drobilok/drobilki-shchekovye/smd-109a/ograzhdenie-pruzhiny-smd-109a-4825400700/";""
"4825400700";"нужен Wordstat";"Номер чертежа";"/catalog/zapasnye-chasti-i-komplektuyushchie/zapchasti-dlya-drobilok/drobilki-shchekovye/smd-110a/ograzhdenie-pruzhiny-smd-110a-4825400700/";""
"4825400700 СМД-108А";"нужен Wordstat";"Номер чертежа";"/catalog/zapasnye-chasti-i-komplektuyushchie/zapchasti-dlya-drobilok/drobilki-shchekovye/smd-108a/ograzhdenie-pruzhiny-4825400700/";""
"4825400700 СМД-109А";"нужен Wordstat";"Номер чертежа";"/catalog/zapasnye-chasti-i-komplektuyushchie/zapchasti-dlya-drobilok/drobilki-shchekovye/smd-109a/ograzhdenie-pruzhiny-smd-109a-4825400700/";""
"4825400700 СМД-110А";"нужен Wordstat";"Номер чертежа";"/catalog/zapasnye-chasti-i-komplektuyushchie/zapchasti-dlya-drobilok/drobilki-shchekovye/smd-110a/ograzhdenie-pruzhiny-smd-110a-4825400700/";""
"4825402009";"нужен Wordstat";"Номер чертежа";"/catalog/zapasnye-chasti-i-komplektuyushchie/zapchasti-dlya-drobilok/drobilki-shchekovye/smd-108a/koltso-rezinovoe-4825402009-254-2-09/";""
"4825402009";"нужен Wordstat";"Номер чертежа";"/catalog/zapasnye-chasti-i-komplektuyushchie/zapchasti-dlya-drobilok/drobilki-shchekovye/smd-109a/koltso-rezinovoe-smd-109a-4825402009-254-2-09/";""
"4825402009 СМД-108А";"нужен Wordstat";"Номер чертежа";"/catalog/zapasnye-chasti-i-komplektuyushchie/zapchasti-dlya-drobilok/drobilki-shchekovye/smd-108a/koltso-rezinovoe-4825402009-254-2-09/";""
"4825402009 СМД-109А";"нужен Wordstat";"Номер чертежа";"/catalog/zapasnye-chasti-i-komplektuyushchie/zapchasti-dlya-drobilok/drobilki-shchekovye/smd-109a/koltso-rezinovoe-smd-109a-4825402009-254-2-09/";""
"482540200900";"нужен Wordstat";"Номер чертежа";"/catalog/zapasnye-chasti-i-komplektuyushchie/zapchasti-dlya-drobilok/drobilki-shchekovye/smd-108a/koltso-rezinovoe-4825402009-254-2-09/";"альтернативное обозначение"
"482540200900";"нужен Wordstat";"Номер чертежа";"/catalog/zapasnye-chasti-i-komplektuyushchie/zapchasti-dlya-drobilok/drobilki-shchekovye/smd-109a/koltso-rezinovoe-smd-109a-4825402009-254-2-09/";"альтернативное обозначение"
"4825402014";"нужен Wordstat";"Номер чертежа";"/catalog/zapasnye-chasti-i-komplektuyushchie/zapchasti-dlya-drobilok/drobilki-shchekovye/smd-109a/koltso-upornoe-4825402014/";""
"4825402014 СМД-109А";"нужен Wordstat";"Номер чертежа";"/catalog/zapasnye-chasti-i-komplektuyushchie/zapchasti-dlya-drobilok/drobilki-shchekovye/smd-109a/koltso-upornoe-4825402014/";""
"482540201400";"нужен Wordstat";"Номер чертежа";"/catalog/zapasnye-chasti-i-komplektuyushchie/zapchasti-dlya-drobilok/drobilki-shchekovye/smd-109a/koltso-upornoe-4825402014/";"альтернативное обозначение"
"4825408004";"нужен Wordstat";"Номер чертежа";"/catalog/zapasnye-chasti-i-komplektuyushchie/zapchasti-dlya-drobilok/drobilki-shchekovye/smd-109a/makhovik-smd-109a-4825408004/";""
"4825408004 СМД-109А";"нужен Wordstat";"Номер чертежа";"/catalog/zapasnye-chasti-i-komplektuyushchie/zapchasti-dlya-drobilok/drobilki-shchekovye/smd-109a/makhovik-smd-109a-4825408004/";""
"482540800400";"нужен Wordstat";"Номер чертежа";"/catalog/zapasnye-chasti-i-komplektuyushchie/zapchasti-dlya-drobilok/drobilki-shchekovye/smd-109a/makhovik-smd-109a-4825408004/";"альтернативное обозначение"
"4825408006";"нужен Wordstat";"Номер чертежа";"/catalog/zapasnye-chasti-i-komplektuyushchie/zapchasti-dlya-drobilok/drobilki-shchekovye/smd-108a/shponka-tangentsialnaya-4825408006/";""
"4825408006";"нужен Wordstat";"Номер чертежа";"/catalog/zapasnye-chasti-i-komplektuyushchie/zapchasti-dlya-drobilok/drobilki-shchekovye/smd-109a/shponka-tangentsialnaya-4825408006-smd-109a/";""
"4825408006 СМД-108А";"нужен Wordstat";"Номер чертежа";"/catalog/zapasnye-chasti-i-komplektuyushchie/zapchasti-dlya-drobilok/drobilki-shchekovye/smd-108a/shponka-tangentsialnaya-4825408006/";""
"4825408006 СМД-109А";"нужен Wordstat";"Номер чертежа";"/catalog/zapasnye-chasti-i-komplektuyushchie/zapchasti-dlya-drobilok/drobilki-shchekovye/smd-109a/shponka-tangentsialnaya-4825408006-smd-109a/";""
"482540800600";"нужен Wordstat";"Номер чертежа";"/catalog/zapasnye-chasti-i-komplektuyushchie/zapchasti-dlya-drobilok/drobilki-shchekovye/smd-108a/shponka-tangentsialnaya-4825408006/";"альтернативное обозначение"
"482540800600";"нужен Wordstat";"Номер чертежа";"/catalog/zapasnye-chasti-i-komplektuyushchie/zapchasti-dlya-drobilok/drobilki-shchekovye/smd-109a/shponka-tangentsialnaya-4825408006-smd-109a/";"альтернативное обозначение"
"4830501002";"нужен Wordstat";"Номер чертежа";"/catalog/zapasnye-chasti-i-komplektuyushchie/zapchasti-dlya-drobilok/drobilki-konusnye/smd-120a-ksd-900/vtulka-tsilindricheskaya-verkhnyaya-4830501002-305-1-0-2-ksd-900/";""
"4830501002 СМД-120А (КСД-900)";"нужен Wordstat";"Номер чертежа";"/catalog/zapasnye-chasti-i-komplektuyushchie/zapchasti-dlya-drobilok/drobilki-konusnye/smd-120a-ksd-900/vtulka-tsilindricheskaya-verkhnyaya-4830501002-305-1-0-2-ksd-900/";""
"4830501003";"нужен Wordstat";"Номер чертежа";"/catalog/zapasnye-chasti-i-komplektuyushchie/zapchasti-dlya-drobilok/drobilki-konusnye/smd-120a-ksd-900/vtulka-tsilindricheskaya-nizhnyaya-4830501003-305-1-0-3-ksd-900/";""
"4830501003 СМД-120А (КСД-900)";"нужен Wordstat";"Номер чертежа";"/catalog/zapasnye-chasti-i-komplektuyushchie/zapchasti-dlya-drobilok/drobilki-konusnye/smd-120a-ksd-900/vtulka-tsilindricheskaya-nizhnyaya-4830501003-305-1-0-3-ksd-900/";""
"4830504008";"нужен Wordstat";"Номер чертежа";"/catalog/zapasnye-chasti-i-komplektuyushchie/zapchasti-dlya-drobilok/drobilki-konusnye/smd-120a-ksd-900/shponka-4830504008-ksd-900/";""
"4830504008 СМД-120А (КСД-900)";"нужен Wordstat";"Номер чертежа";"/catalog/zapasnye-chasti-i-komplektuyushchie/zapchasti-dlya-drobilok/drobilki-konusnye/smd-120a-ksd-900/shponka-4830504008-ksd-900/";""
"4830505003";"нужен Wordstat";"Номер чертежа";"/catalog/zapasnye-chasti-i-komplektuyushchie/zapchasti-dlya-drobilok/drobilki-konusnye/smd-120a-ksd-900/vorotnik-protivopylnyy-4830505003-ksd-900/";""
"4830505003 СМД-120А (КСД-900)";"нужен Wordstat";"Номер чертежа";"/catalog/zapasnye-chasti-i-komplektuyushchie/zapchasti-dlya-drobilok/drobilki-konusnye/smd-120a-ksd-900/vorotnik-protivopylnyy-4830505003-ksd-900/";""
"4830505100";"нужен Wordstat";"Номер чертежа";"/catalog/zapasnye-chasti-i-komplektuyushchie/zapchasti-dlya-drobilok/drobilki-konusnye/smd-120a-ksd-900/khomut-4830505100/";""
"4830505100 СМД-120А (КСД-900)";"нужен Wordstat";"Номер чертежа";"/catalog/zapasnye-chasti-i-komplektuyushchie/zapchasti-dlya-drobilok/drobilki-konusnye/smd-120a-ksd-900/khomut-4830505100/";""
"4830506001";"нужен Wordstat";"Номер чертежа";"/catalog/zapasnye-chasti-i-komplektuyushchie/zapchasti-dlya-drobilok/drobilki-konusnye/smd-120a-ksd-900/shesternya-konicheskaya-4830506001-ksd-900/";""
"4830506001 СМД-120А (КСД-900)";"нужен Wordstat";"Номер чертежа";"/catalog/zapasnye-chasti-i-komplektuyushchie/zapchasti-dlya-drobilok/drobilki-konusnye/smd-120a-ksd-900/shesternya-konicheskaya-4830506001-ksd-900/";""
"4830506003";"нужен Wordstat";"Номер чертежа";"/catalog/zapasnye-chasti-i-komplektuyushchie/zapchasti-dlya-drobilok/drobilki-konusnye/smd-120a-ksd-900/vtulka-konusnaya-verkhnyaya-4830506003-305-6-0-3-ksd-900/";""
"4830506003 СМД-120А (КСД-900)";"нужен Wordstat";"Номер чертежа";"/catalog/zapasnye-chasti-i-komplektuyushchie/zapchasti-dlya-drobilok/drobilki-konusnye/smd-120a-ksd-900/vtulka-konusnaya-verkhnyaya-4830506003-305-6-0-3-ksd-900/";""
"4830506004";"нужен Wordstat";"Номер чертежа";"/catalog/zapasnye-chasti-i-komplektuyushchie/zapchasti-dlya-drobilok/drobilki-konusnye/smd-120a-ksd-900/vtulka-konusnaya-nizhnyaya-4830506004-305-6-0-4-ksd-900/";""
"4830506004 СМД-120А (КСД-900)";"нужен Wordstat";"Номер чертежа";"/catalog/zapasnye-chasti-i-komplektuyushchie/zapchasti-dlya-drobilok/drobilki-konusnye/smd-120a-ksd-900/vtulka-konusnaya-nizhnyaya-4830506004-305-6-0-4-ksd-900/";""
"4830506006";"нужен Wordstat";"Номер чертежа";"/catalog/zapasnye-chasti-i-komplektuyushchie/zapchasti-dlya-drobilok/drobilki-konusnye/smd-120a-ksd-900/palets-4830506006-ksd-900/";""
"4830506006 СМД-120А (КСД-900)";"нужен Wordstat";"Номер чертежа";"/catalog/zapasnye-chasti-i-komplektuyushchie/zapchasti-dlya-drobilok/drobilki-konusnye/smd-120a-ksd-900/palets-4830506006-ksd-900/";""
"4830506017";"нужен Wordstat";"Номер чертежа";"/catalog/zapasnye-chasti-i-komplektuyushchie/zapchasti-dlya-drobilok/drobilki-konusnye/smd-120a-ksd-900/shponka-spetsialnaya-4830506017-ksd-900/";""
"4830506017 СМД-120А (КСД-900)";"нужен Wordstat";"Номер чертежа";"/catalog/zapasnye-chasti-i-komplektuyushchie/zapchasti-dlya-drobilok/drobilki-konusnye/smd-120a-ksd-900/shponka-spetsialnaya-4830506017-ksd-900/";""
"4835703008";"нужен Wordstat";"Номер чертежа";"/catalog/zapasnye-chasti-i-komplektuyushchie/zapchasti-dlya-drobilok/drobilki-shchekovye/smd-108a/stopor-4835703008/";""
"4835703008";"нужен Wordstat";"Номер чертежа";"/catalog/zapasnye-chasti-i-komplektuyushchie/zapchasti-dlya-drobilok/drobilki-shchekovye/smd-109a/stopor-4835703008-smd-109a/";""
"4835703008";"нужен Wordstat";"Номер чертежа";"/catalog/zapasnye-chasti-i-komplektuyushchie/zapchasti-dlya-drobilok/drobilki-shchekovye/smd-109a/stopor-smd-109a-4835703008/";""
"4835703008";"нужен Wordstat";"Номер чертежа";"/catalog/zapasnye-chasti-i-komplektuyushchie/zapchasti-dlya-drobilok/drobilki-shchekovye/smd-110a/stopor-smd-110a-4835703008/";""
"4835703008 СМД-108А";"нужен Wordstat";"Номер чертежа";"/catalog/zapasnye-chasti-i-komplektuyushchie/zapchasti-dlya-drobilok/drobilki-shchekovye/smd-108a/stopor-4835703008/";""
"4835703008 СМД-109А";"нужен Wordstat";"Номер чертежа";"/catalog/zapasnye-chasti-i-komplektuyushchie/zapchasti-dlya-drobilok/drobilki-shchekovye/smd-109a/stopor-4835703008-smd-109a/";""
"4835703008 СМД-109А";"нужен Wordstat";"Номер чертежа";"/catalog/zapasnye-chasti-i-komplektuyushchie/zapchasti-dlya-drobilok/drobilki-shchekovye/smd-109a/stopor-smd-109a-4835703008/";""
"4835703008 СМД-110А";"нужен Wordstat";"Номер чертежа";"/catalog/zapasnye-chasti-i-komplektuyushchie/zapchasti-dlya-drobilok/drobilki-shchekovye/smd-110a/stopor-smd-110a-4835703008/";""
"4835703009";"нужен Wordstat";"Номер чертежа";"/catalog/zapasnye-chasti-i-komplektuyushchie/zapchasti-dlya-drobilok/drobilki-shchekovye/smd-108a/shayba-otgibnaya-4835703009/";""
"4835703009";"нужен Wordstat";"Номер чертежа";"/catalog/zapasnye-chasti-i-komplektuyushchie/zapchasti-dlya-drobilok/drobilki-shchekovye/smd-109a/shayba-otgibnaya-smd-109a-4835703009/";""
"4835703009";"нужен Wordstat";"Номер чертежа";"/catalog/zapasnye-chasti-i-komplektuyushchie/zapchasti-dlya-drobilok/drobilki-shchekovye/smd-110a/shayba-otgibnaya-smd-110a-4835703009/";""
"4835703009 СМД-108А";"нужен Wordstat";"Номер чертежа";"/catalog/zapasnye-chasti-i-komplektuyushchie/zapchasti-dlya-drobilok/drobilki-shchekovye/smd-108a/shayba-otgibnaya-4835703009/";""
"4835703009 СМД-109А";"нужен Wordstat";"Номер чертежа";"/catalog/zapasnye-chasti-i-komplektuyushchie/zapchasti-dlya-drobilok/drobilki-shchekovye/smd-109a/shayba-otgibnaya-smd-109a-4835703009/";""
"4835703009 СМД-110А";"нужен Wordstat";"Номер чертежа";"/catalog/zapasnye-chasti-i-komplektuyushchie/zapchasti-dlya-drobilok/drobilki-shchekovye/smd-110a/shayba-otgibnaya-smd-110a-4835703009/";""
"4836404014";"нужен Wordstat";"Номер чертежа";"/catalog/zapasnye-chasti-i-komplektuyushchie/zapchasti-dlya-drobilok/drobilki-shchekovye/smd-108a/shponka-tangentsialnaya-4836404014/";""
"4836404014";"нужен Wordstat";"Номер чертежа";"/catalog/zapasnye-chasti-i-komplektuyushchie/zapchasti-dlya-drobilok/drobilki-shchekovye/smd-109a/shponka-tangentsialnaya-4836404014-smd-109a/";""
"4836404014";"нужен Wordstat";"Номер чертежа";"/catalog/zapasnye-chasti-i-komplektuyushchie/zapchasti-dlya-drobilok/drobilki-shchekovye/smd-110a/shponka-tangentsialnaya-4836404014-smd-110a/";""
"4836404014 СМД-108А";"нужен Wordstat";"Номер чертежа";"/catalog/zapasnye-chasti-i-komplektuyushchie/zapchasti-dlya-drobilok/drobilki-shchekovye/smd-108a/shponka-tangentsialnaya-4836404014/";""
"4836404014 СМД-109А";"нужен Wordstat";"Номер чертежа";"/catalog/zapasnye-chasti-i-komplektuyushchie/zapchasti-dlya-drobilok/drobilki-shchekovye/smd-109a/shponka-tangentsialnaya-4836404014-smd-109a/";""
"4836404014 СМД-110А";"нужен Wordstat";"Номер чертежа";"/catalog/zapasnye-chasti-i-komplektuyushchie/zapchasti-dlya-drobilok/drobilki-shchekovye/smd-110a/shponka-tangentsialnaya-4836404014-smd-110a/";""
"483640401400";"нужен Wordstat";"Номер чертежа";"/catalog/zapasnye-chasti-i-komplektuyushchie/zapchasti-dlya-drobilok/drobilki-shchekovye/smd-108a/shponka-tangentsialnaya-4836404014/";"альтернативное обозначение"
"483640401400";"нужен Wordstat";"Номер чертежа";"/catalog/zapasnye-chasti-i-komplektuyushchie/zapchasti-dlya-drobilok/drobilki-shchekovye/smd-109a/shponka-tangentsialnaya-4836404014-smd-109a/";"альтернативное обозначение"
"483640401400";"нужен Wordstat";"Номер чертежа";"/catalog/zapasnye-chasti-i-komplektuyushchie/zapchasti-dlya-drobilok/drobilki-shchekovye/smd-110a/shponka-tangentsialnaya-4836404014-smd-110a/";"альтернативное обозначение"
"4842600004";"нужен Wordstat";"Номер чертежа";"/catalog/zapasnye-chasti-i-komplektuyushchie/zapchasti-dlya-drobilok/drobilki-shchekovye/smd-110a/palets-4842600004/";""
"4842600004 СМД-110А";"нужен Wordstat";"Номер чертежа";"/catalog/zapasnye-chasti-i-komplektuyushchie/zapchasti-dlya-drobilok/drobilki-shchekovye/smd-110a/palets-4842600004/";""
"484260000400";"нужен Wordstat";"Номер чертежа";"/catalog/zapasnye-chasti-i-komplektuyushchie/zapchasti-dlya-drobilok/drobilki-shchekovye/smd-110a/palets-4842600004/";"альтернативное обозначение"
"4842600012";"нужен Wordstat";"Номер чертежа";"/catalog/zapasnye-chasti-i-komplektuyushchie/zapchasti-dlya-drobilok/drobilki-shchekovye/smd-110a/gayka-pravaya-4842600012/";""
"4842600012 СМД-110А";"нужен Wordstat";"Номер чертежа";"/catalog/zapasnye-chasti-i-komplektuyushchie/zapchasti-dlya-drobilok/drobilki-shchekovye/smd-110a/gayka-pravaya-4842600012/";""
"484260001200";"нужен Wordstat";"Номер чертежа";"/catalog/zapasnye-chasti-i-komplektuyushchie/zapchasti-dlya-drobilok/drobilki-shchekovye/smd-110a/gayka-pravaya-4842600012/";"альтернативное обозначение"
"4842600015";"нужен Wordstat";"Номер чертежа";"/catalog/zapasnye-chasti-i-komplektuyushchie/zapchasti-dlya-drobilok/drobilki-shchekovye/smd-110a/gayka-levaya-4842600015/";""
"4842600015 СМД-110А";"нужен Wordstat";"Номер чертежа";"/catalog/zapasnye-chasti-i-komplektuyushchie/zapchasti-dlya-drobilok/drobilki-shchekovye/smd-110a/gayka-levaya-4842600015/";""
"484260001500";"нужен Wordstat";"Номер чертежа";"/catalog/zapasnye-chasti-i-komplektuyushchie/zapchasti-dlya-drobilok/drobilki-shchekovye/smd-110a/gayka-levaya-4842600015/";"альтернативное обозначение"
"4842600017";"нужен Wordstat";"Номер чертежа";"/catalog/zapasnye-chasti-i-komplektuyushchie/zapchasti-dlya-drobilok/drobilki-shchekovye/smd-110a/bolt-rychaga-4842600017/";""
"4842600017 СМД-110А";"нужен Wordstat";"Номер чертежа";"/catalog/zapasnye-chasti-i-komplektuyushchie/zapchasti-dlya-drobilok/drobilki-shchekovye/smd-110a/bolt-rychaga-4842600017/";""
"4844200300";"нужен Wordstat";"Номер чертежа";"/catalog/zapasnye-chasti-i-komplektuyushchie/zapchasti-dlya-drobilok/drobilki-konusnye/smd-120a-ksd-900/truboprovod-napornyy-ksd-900-4844200300/";""
"4844200300 СМД-120А (КСД-900)";"нужен Wordstat";"Номер чертежа";"/catalog/zapasnye-chasti-i-komplektuyushchie/zapchasti-dlya-drobilok/drobilki-konusnye/smd-120a-ksd-900/truboprovod-napornyy-ksd-900-4844200300/";""
"4844200400";"нужен Wordstat";"Номер чертежа";"/catalog/zapasnye-chasti-i-komplektuyushchie/zapchasti-dlya-drobilok/drobilki-konusnye/smd-120a-ksd-900/truboprovod-slivnoy-ksd-900-4844200400/";""
"4844200400 СМД-120А (КСД-900)";"нужен Wordstat";"Номер чертежа";"/catalog/zapasnye-chasti-i-komplektuyushchie/zapchasti-dlya-drobilok/drobilki-konusnye/smd-120a-ksd-900/truboprovod-slivnoy-ksd-900-4844200400/";""
"4844201001";"нужен Wordstat";"Номер чертежа";"/catalog/zapasnye-chasti-i-komplektuyushchie/zapchasti-dlya-drobilok/drobilki-konusnye/smd-120a-ksd-900/stanina-4844201001-smd-120a-ksd-900/";""
"4844201001 СМД-120А (КСД-900)";"нужен Wordstat";"Номер чертежа";"/catalog/zapasnye-chasti-i-komplektuyushchie/zapchasti-dlya-drobilok/drobilki-konusnye/smd-120a-ksd-900/stanina-4844201001-smd-120a-ksd-900/";""
"4844201002";"нужен Wordstat";"Номер чертежа";"/catalog/zapasnye-chasti-i-komplektuyushchie/zapchasti-dlya-drobilok/drobilki-konusnye/smd-120a-ksd-900/vtulka-tsilindricheskaya-tselnaya-4844201002-smd-120a-ksd-900/";""
"4844201002 СМД-120А (КСД-900)";"нужен Wordstat";"Номер чертежа";"/catalog/zapasnye-chasti-i-komplektuyushchie/zapchasti-dlya-drobilok/drobilki-konusnye/smd-120a-ksd-900/vtulka-tsilindricheskaya-tselnaya-4844201002-smd-120a-ksd-900/";""
"4844201003";"нужен Wordstat";"Номер чертежа";"/catalog/zapasnye-chasti-i-komplektuyushchie/zapchasti-dlya-drobilok/drobilki-konusnye/smd-120a-ksd-900/shponka-4844201003-smd-120a-ksd-900/";""
"4844201003 СМД-120А (КСД-900)";"нужен Wordstat";"Номер чертежа";"/catalog/zapasnye-chasti-i-komplektuyushchie/zapchasti-dlya-drobilok/drobilki-konusnye/smd-120a-ksd-900/shponka-4844201003-smd-120a-ksd-900/";""
"4844201005";"нужен Wordstat";"Номер чертежа";"/catalog/zapasnye-chasti-i-komplektuyushchie/zapchasti-dlya-drobilok/drobilki-konusnye/smd-120a-ksd-900/stopor-4844201005-smd-120a-ksd-900/";""
"4844201005 СМД-120А (КСД-900)";"нужен Wordstat";"Номер чертежа";"/catalog/zapasnye-chasti-i-komplektuyushchie/zapchasti-dlya-drobilok/drobilki-konusnye/smd-120a-ksd-900/stopor-4844201005-smd-120a-ksd-900/";""
"4844201007";"нужен Wordstat";"Номер чертежа";"/catalog/zapasnye-chasti-i-komplektuyushchie/zapchasti-dlya-drobilok/drobilki-konusnye/smd-120a-ksd-900/koltso-rezbovoe-4844201007-smd-120a-ksd-900/";""
"4844201007 СМД-120А (КСД-900)";"нужен Wordstat";"Номер чертежа";"/catalog/zapasnye-chasti-i-komplektuyushchie/zapchasti-dlya-drobilok/drobilki-konusnye/smd-120a-ksd-900/koltso-rezbovoe-4844201007-smd-120a-ksd-900/";""
"4844201008";"нужен Wordstat";"Номер чертежа";"/catalog/zapasnye-chasti-i-komplektuyushchie/zapchasti-dlya-drobilok/drobilki-konusnye/smd-120a-ksd-900/kryshka-podpyatnika-4844201008-smd-120a-ksd-900/";""
"4844201008 СМД-120А (КСД-900)";"нужен Wordstat";"Номер чертежа";"/catalog/zapasnye-chasti-i-komplektuyushchie/zapchasti-dlya-drobilok/drobilki-konusnye/smd-120a-ksd-900/kryshka-podpyatnika-4844201008-smd-120a-ksd-900/";""
"4844202012";"нужен Wordstat";"Номер чертежа";"/catalog/zapasnye-chasti-i-komplektuyushchie/zapchasti-dlya-drobilok/drobilki-konusnye/smd-120a-ksd-900/kontrgayka-ksd-900-4844202012/";""
"4844202012 СМД-120А (КСД-900)";"нужен Wordstat";"Номер чертежа";"/catalog/zapasnye-chasti-i-komplektuyushchie/zapchasti-dlya-drobilok/drobilki-konusnye/smd-120a-ksd-900/kontrgayka-ksd-900-4844202012/";""
"4844203000";"нужен Wordstat";"Номер чертежа";"/catalog/zapasnye-chasti-i-komplektuyushchie/zapchasti-dlya-drobilok/drobilki-konusnye/smd-120a-ksd-900/konus-drobyashchiy-podvizhnyy-sb-4844203000-smd-120a-ksd-900/";""
"4844203000 СМД-120А (КСД-900)";"нужен Wordstat";"Номер чертежа";"/catalog/zapasnye-chasti-i-komplektuyushchie/zapchasti-dlya-drobilok/drobilki-konusnye/smd-120a-ksd-900/konus-drobyashchiy-podvizhnyy-sb-4844203000-smd-120a-ksd-900/";""
"4844203001";"нужен Wordstat";"Номер чертежа";"/catalog/zapasnye-chasti-i-komplektuyushchie/zapchasti-dlya-drobilok/drobilki-konusnye/smd-120a-ksd-900/val-vertikalnyy-golyy-smd-120a-ksd-900-4844203001/";""
"4844203001 СМД-120А (КСД-900)";"нужен Wordstat";"Номер чертежа";"/catalog/zapasnye-chasti-i-komplektuyushchie/zapchasti-dlya-drobilok/drobilki-konusnye/smd-120a-ksd-900/val-vertikalnyy-golyy-smd-120a-ksd-900-4844203001/";""
"4844203002";"нужен Wordstat";"Номер чертежа";"/catalog/zapasnye-chasti-i-komplektuyushchie/zapchasti-dlya-drobilok/drobilki-konusnye/smd-120a-ksd-900/konus-podvizhnyy-bronya-smd-120a-ksd-900-4844203002/";""
"4844203002 СМД-120А (КСД-900)";"нужен Wordstat";"Номер чертежа";"/catalog/zapasnye-chasti-i-komplektuyushchie/zapchasti-dlya-drobilok/drobilki-konusnye/smd-120a-ksd-900/konus-podvizhnyy-bronya-smd-120a-ksd-900-4844203002/";""
"4844203003";"нужен Wordstat";"Номер чертежа";"/catalog/zapasnye-chasti-i-komplektuyushchie/zapchasti-dlya-drobilok/drobilki-konusnye/smd-120a-ksd-900/kozhukh-drobyashchiy-4844203003-smd-120a-ksd-900/";""
"4844203003 СМД-120А (КСД-900)";"нужен Wordstat";"Номер чертежа";"/catalog/zapasnye-chasti-i-komplektuyushchie/zapchasti-dlya-drobilok/drobilki-konusnye/smd-120a-ksd-900/kozhukh-drobyashchiy-4844203003-smd-120a-ksd-900/";""
"4844203004";"нужен Wordstat";"Номер чертежа";"/catalog/zapasnye-chasti-i-komplektuyushchie/zapchasti-dlya-drobilok/drobilki-konusnye/smd-120a-ksd-900/gayka-4844203004-smd-120a-ksd-900/";""
"4844203004 СМД-120А (КСД-900)";"нужен Wordstat";"Номер чертежа";"/catalog/zapasnye-chasti-i-komplektuyushchie/zapchasti-dlya-drobilok/drobilki-konusnye/smd-120a-ksd-900/gayka-4844203004-smd-120a-ksd-900/";""
"4844203005";"нужен Wordstat";"Номер чертежа";"/catalog/zapasnye-chasti-i-komplektuyushchie/zapchasti-dlya-drobilok/drobilki-konusnye/smd-120a-ksd-900/sektor-klinovoy-4844203005-smd-120a-ksd-900/";""
"4844203005 СМД-120А (КСД-900)";"нужен Wordstat";"Номер чертежа";"/catalog/zapasnye-chasti-i-komplektuyushchie/zapchasti-dlya-drobilok/drobilki-konusnye/smd-120a-ksd-900/sektor-klinovoy-4844203005-smd-120a-ksd-900/";""
"4844203007";"нужен Wordstat";"Номер чертежа";"/catalog/zapasnye-chasti-i-komplektuyushchie/zapchasti-dlya-drobilok/drobilki-konusnye/smd-120a-ksd-900/stakan-4844203007-smd-120a-ksd-900/";""
"4844203007 СМД-120А (КСД-900)";"нужен Wordstat";"Номер чертежа";"/catalog/zapasnye-chasti-i-komplektuyushchie/zapchasti-dlya-drobilok/drobilki-konusnye/smd-120a-ksd-900/stakan-4844203007-smd-120a-ksd-900/";""
"4844203008";"нужен Wordstat";"Номер чертежа";"/catalog/zapasnye-chasti-i-komplektuyushchie/zapchasti-dlya-drobilok/drobilki-konusnye/smd-120a-ksd-900/tarelka-raspredelitelnaya-4844203008-smd-120a-ksd-900/";""
"4844203008 СМД-120А (КСД-900)";"нужен Wordstat";"Номер чертежа";"/catalog/zapasnye-chasti-i-komplektuyushchie/zapchasti-dlya-drobilok/drobilki-konusnye/smd-120a-ksd-900/tarelka-raspredelitelnaya-4844203008-smd-120a-ksd-900/";""
"4844203012";"нужен Wordstat";"Номер чертежа";"/catalog/zapasnye-chasti-i-komplektuyushchie/zapchasti-dlya-drobilok/drobilki-konusnye/smd-120a-ksd-900/konus-nesushchiy-4844203012-ksd-900/";""
"4844203012 СМД-120А (КСД-900)";"нужен Wordstat";"Номер чертежа";"/catalog/zapasnye-chasti-i-komplektuyushchie/zapchasti-dlya-drobilok/drobilki-konusnye/smd-120a-ksd-900/konus-nesushchiy-4844203012-ksd-900/";""
"4844204000";"нужен Wordstat";"Номер чертежа";"/catalog/zapasnye-chasti-i-komplektuyushchie/zapchasti-dlya-drobilok/drobilki-konusnye/smd-120a-ksd-900/postel-ksd-900-sb-4844204000/";""
"4844204000 СМД-120А (КСД-900)";"нужен Wordstat";"Номер чертежа";"/catalog/zapasnye-chasti-i-komplektuyushchie/zapchasti-dlya-drobilok/drobilki-konusnye/smd-120a-ksd-900/postel-ksd-900-sb-4844204000/";""
"4844204001";"нужен Wordstat";"Номер чертежа";"/catalog/zapasnye-chasti-i-komplektuyushchie/zapchasti-dlya-drobilok/drobilki-konusnye/smd-120a-ksd-900/podpyatnik-sfericheskiy-4844204001-ksd-900/";""
"4844204001 СМД-120А (КСД-900)";"нужен Wordstat";"Номер чертежа";"/catalog/zapasnye-chasti-i-komplektuyushchie/zapchasti-dlya-drobilok/drobilki-konusnye/smd-120a-ksd-900/podpyatnik-sfericheskiy-4844204001-ksd-900/";""
"4844204002";"нужен Wordstat";"Номер чертежа";"/catalog/zapasnye-chasti-i-komplektuyushchie/zapchasti-dlya-drobilok/drobilki-konusnye/smd-120a-ksd-900/korpus-opory-4844204002-ksd-900/";""
"4844204002 СМД-120А (КСД-900)";"нужен Wordstat";"Номер чертежа";"/catalog/zapasnye-chasti-i-komplektuyushchie/zapchasti-dlya-drobilok/drobilki-konusnye/smd-120a-ksd-900/korpus-opory-4844204002-ksd-900/";""
"4844205000";"нужен Wordstat";"Номер чертежа";"/catalog/zapasnye-chasti-i-komplektuyushchie/zapchasti-dlya-drobilok/drobilki-konusnye/smd-120a-ksd-900/val-ekstsentrikovyy-ksd-900-sb-4844205000/";""
"4844205000 СМД-120А (КСД-900)";"нужен Wordstat";"Номер чертежа";"/catalog/zapasnye-chasti-i-komplektuyushchie/zapchasti-dlya-drobilok/drobilki-konusnye/smd-120a-ksd-900/val-ekstsentrikovyy-ksd-900-sb-4844205000/";""
"4844205001";"нужен Wordstat";"Номер чертежа";"/catalog/zapasnye-chasti-i-komplektuyushchie/zapchasti-dlya-drobilok/drobilki-konusnye/smd-120a-ksd-900/val-ekstsentrikovyy-golyy-ksd-900-4844205001/";""
"4844205001 СМД-120А (КСД-900)";"нужен Wordstat";"Номер чертежа";"/catalog/zapasnye-chasti-i-komplektuyushchie/zapchasti-dlya-drobilok/drobilki-konusnye/smd-120a-ksd-900/val-ekstsentrikovyy-golyy-ksd-900-4844205001/";""
"4844205002";"нужен Wordstat";"Номер чертежа";"/catalog/zapasnye-chasti-i-komplektuyushchie/zapchasti-dlya-drobilok/drobilki-konusnye/smd-120a-ksd-900/vtulka-konusnaya-tselnaya-4844205002-ksd-900/";""
"4844205002 СМД-120А (КСД-900)";"нужен Wordstat";"Номер чертежа";"/catalog/zapasnye-chasti-i-komplektuyushchie/zapchasti-dlya-drobilok/drobilki-konusnye/smd-120a-ksd-900/vtulka-konusnaya-tselnaya-4844205002-ksd-900/";""
"4844205003";"нужен Wordstat";"Номер чертежа";"/catalog/zapasnye-chasti-i-komplektuyushchie/zapchasti-dlya-drobilok/drobilki-konusnye/smd-120a-ksd-900/disk-verkhniy-4844205003-ksd-900/";""
"4844205003 СМД-120А (КСД-900)";"нужен Wordstat";"Номер чертежа";"/catalog/zapasnye-chasti-i-komplektuyushchie/zapchasti-dlya-drobilok/drobilki-konusnye/smd-120a-ksd-900/disk-verkhniy-4844205003-ksd-900/";""
"4844205005";"нужен Wordstat";"Номер чертежа";"/catalog/zapasnye-chasti-i-komplektuyushchie/zapchasti-dlya-drobilok/drobilki-konusnye/dro-592-ksd-600/stopor-4844205005-dro-592-ksd-600/";""
"4844205005";"нужен Wordstat";"Номер чертежа";"/catalog/zapasnye-chasti-i-komplektuyushchie/zapchasti-dlya-drobilok/drobilki-konusnye/smd-120a-ksd-900/stopor-4844205005-ksd-900/";""
"4844205005 ДРО-592 (КСД-600)";"нужен Wordstat";"Номер чертежа";"/catalog/zapasnye-chasti-i-komplektuyushchie/zapchasti-dlya-drobilok/drobilki-konusnye/dro-592-ksd-600/stopor-4844205005-dro-592-ksd-600/";""
"4844205005 СМД-120А (КСД-900)";"нужен Wordstat";"Номер чертежа";"/catalog/zapasnye-chasti-i-komplektuyushchie/zapchasti-dlya-drobilok/drobilki-konusnye/smd-120a-ksd-900/stopor-4844205005-ksd-900/";""
"484420600";"нужен Wordstat";"Номер чертежа";"/catalog/zapasnye-chasti-i-komplektuyushchie/zapchasti-dlya-drobilok/drobilki-konusnye/smd-120a-ksd-900/privod-sb-484420600-ksd-900/";""
"484420600 СМД-120А (КСД-900)";"нужен Wordstat";"Номер чертежа";"/catalog/zapasnye-chasti-i-komplektuyushchie/zapchasti-dlya-drobilok/drobilki-konusnye/smd-120a-ksd-900/privod-sb-484420600-ksd-900/";""
"4844206001";"нужен Wordstat";"Номер чертежа";"/catalog/zapasnye-chasti-i-komplektuyushchie/zapchasti-dlya-drobilok/drobilki-konusnye/smd-120a-ksd-900/karter-privoda-4844206001-ksd-900/";""
"4844206001 СМД-120А (КСД-900)";"нужен Wordstat";"Номер чертежа";"/catalog/zapasnye-chasti-i-komplektuyushchie/zapchasti-dlya-drobilok/drobilki-konusnye/smd-120a-ksd-900/karter-privoda-4844206001-ksd-900/";""
"4844206002";"нужен Wordstat";"Номер чертежа";"/catalog/zapasnye-chasti-i-komplektuyushchie/zapchasti-dlya-drobilok/drobilki-konusnye/smd-120a-ksd-900/val-gorizontalnyy-4844206002-ksd-900/";""
"4844206002 СМД-120А (КСД-900)";"нужен Wordstat";"Номер чертежа";"/catalog/zapasnye-chasti-i-komplektuyushchie/zapchasti-dlya-drobilok/drobilki-konusnye/smd-120a-ksd-900/val-gorizontalnyy-4844206002-ksd-900/";""
"4844206003";"нужен Wordstat";"Номер чертежа";"/catalog/zapasnye-chasti-i-komplektuyushchie/zapchasti-dlya-drobilok/drobilki-konusnye/smd-120a-ksd-900/shkiv-privoda-4844206003-ksd-900/";""
"4844206003 СМД-120А (КСД-900)";"нужен Wordstat";"Номер чертежа";"/catalog/zapasnye-chasti-i-komplektuyushchie/zapchasti-dlya-drobilok/drobilki-konusnye/smd-120a-ksd-900/shkiv-privoda-4844206003-ksd-900/";""
"4844206004-10";"нужен Wordstat";"Номер чертежа";"/catalog/zapasnye-chasti-i-komplektuyushchie/zapchasti-dlya-drobilok/drobilki-konusnye/smd-120a-ksd-900/kryshka-privoda-4844206004-10-ksd-900/";""
"4844206004-10 СМД-120А (КСД-900)";"нужен Wordstat";"Номер чертежа";"/catalog/zapasnye-chasti-i-komplektuyushchie/zapchasti-dlya-drobilok/drobilki-konusnye/smd-120a-ksd-900/kryshka-privoda-4844206004-10-ksd-900/";""
"4844206005";"нужен Wordstat";"Номер чертежа";"/catalog/zapasnye-chasti-i-komplektuyushchie/zapchasti-dlya-drobilok/drobilki-konusnye/smd-120a-ksd-900/prokladka-privoda-4844206005-ksd-900/";""
"4844206005 СМД-120А (КСД-900)";"нужен Wordstat";"Номер чертежа";"/catalog/zapasnye-chasti-i-komplektuyushchie/zapchasti-dlya-drobilok/drobilki-konusnye/smd-120a-ksd-900/prokladka-privoda-4844206005-ksd-900/";""
"4844206006";"нужен Wordstat";"Номер чертежа";"/catalog/zapasnye-chasti-i-komplektuyushchie/zapchasti-dlya-drobilok/drobilki-konusnye/smd-120a-ksd-900/vtulka-privoda-4844206006-ksd-900/";""
"4844206006 СМД-120А (КСД-900)";"нужен Wordstat";"Номер чертежа";"/catalog/zapasnye-chasti-i-komplektuyushchie/zapchasti-dlya-drobilok/drobilki-konusnye/smd-120a-ksd-900/vtulka-privoda-4844206006-ksd-900/";""
"4844206007";"нужен Wordstat";"Номер чертежа";"/catalog/zapasnye-chasti-i-komplektuyushchie/zapchasti-dlya-drobilok/drobilki-konusnye/smd-120a-ksd-900/koltso-privoda-4844206007-ksd-900/";""
"4844206007 СМД-120А (КСД-900)";"нужен Wordstat";"Номер чертежа";"/catalog/zapasnye-chasti-i-komplektuyushchie/zapchasti-dlya-drobilok/drobilki-konusnye/smd-120a-ksd-900/koltso-privoda-4844206007-ksd-900/";""
"4844206008";"нужен Wordstat";"Номер чертежа";"/catalog/zapasnye-chasti-i-komplektuyushchie/zapchasti-dlya-drobilok/drobilki-konusnye/smd-120a-ksd-900/stakan-privoda-4844206008-ksd-900/";""
"4844206008 СМД-120А (КСД-900)";"нужен Wordstat";"Номер чертежа";"/catalog/zapasnye-chasti-i-komplektuyushchie/zapchasti-dlya-drobilok/drobilki-konusnye/smd-120a-ksd-900/stakan-privoda-4844206008-ksd-900/";""
"4844206009";"нужен Wordstat";"Номер чертежа";"/catalog/zapasnye-chasti-i-komplektuyushchie/zapchasti-dlya-drobilok/drobilki-konusnye/smd-120a-ksd-900/futerovka-privoda-4844206009-ksd-900/";""
"4844206009 СМД-120А (КСД-900)";"нужен Wordstat";"Номер чертежа";"/catalog/zapasnye-chasti-i-komplektuyushchie/zapchasti-dlya-drobilok/drobilki-konusnye/smd-120a-ksd-900/futerovka-privoda-4844206009-ksd-900/";""
"4844212000-10";"нужен Wordstat";"Номер чертежа";"/catalog/zapasnye-chasti-i-komplektuyushchie/zapchasti-dlya-drobilok/drobilki-konusnye/smd-120a-ksd-900/stantsiya-smazki-maslostantsiya-ksd-900-4844212000-10/";""
"4844212000-10 СМД-120А (КСД-900)";"нужен Wordstat";"Номер чертежа";"/catalog/zapasnye-chasti-i-komplektuyushchie/zapchasti-dlya-drobilok/drobilki-konusnye/smd-120a-ksd-900/stantsiya-smazki-maslostantsiya-ksd-900-4844212000-10/";""
"4844800002";"нужен Wordstat";"Номер чертежа";"/catalog/zapasnye-chasti-i-komplektuyushchie/zapchasti-dlya-drobilok/drobilki-shchekovye/smd-108a/klin-verkhniy-pravyy-4844800002/";""
"4844800002 СМД-108А";"нужен Wordstat";"Номер чертежа";"/catalog/zapasnye-chasti-i-komplektuyushchie/zapchasti-dlya-drobilok/drobilki-shchekovye/smd-108a/klin-verkhniy-pravyy-4844800002/";""
"484480000200";"нужен Wordstat";"Номер чертежа";"/catalog/zapasnye-chasti-i-komplektuyushchie/zapchasti-dlya-drobilok/drobilki-shchekovye/smd-108a/klin-verkhniy-pravyy-4844800002/";"альтернативное обозначение"
"4844800003";"нужен Wordstat";"Номер чертежа";"/catalog/zapasnye-chasti-i-komplektuyushchie/zapchasti-dlya-drobilok/drobilki-shchekovye/smd-108a/klin-verkhniy-levyy-4844800003/";""
"4844800003 СМД-108А";"нужен Wordstat";"Номер чертежа";"/catalog/zapasnye-chasti-i-komplektuyushchie/zapchasti-dlya-drobilok/drobilki-shchekovye/smd-108a/klin-verkhniy-levyy-4844800003/";""
"484480000300";"нужен Wordstat";"Номер чертежа";"/catalog/zapasnye-chasti-i-komplektuyushchie/zapchasti-dlya-drobilok/drobilki-shchekovye/smd-108a/klin-verkhniy-levyy-4844800003/";"альтернативное обозначение"
"4844800004";"нужен Wordstat";"Номер чертежа";"/catalog/zapasnye-chasti-i-komplektuyushchie/zapchasti-dlya-drobilok/drobilki-shchekovye/smd-108a/klin-nizhniy-levyy-4844800004/";""
"4844800004 СМД-108А";"нужен Wordstat";"Номер чертежа";"/catalog/zapasnye-chasti-i-komplektuyushchie/zapchasti-dlya-drobilok/drobilki-shchekovye/smd-108a/klin-nizhniy-levyy-4844800004/";""
"484480000400";"нужен Wordstat";"Номер чертежа";"/catalog/zapasnye-chasti-i-komplektuyushchie/zapchasti-dlya-drobilok/drobilki-shchekovye/smd-108a/klin-nizhniy-levyy-4844800004/";"альтернативное обозначение"
"4844800005";"нужен Wordstat";"Номер чертежа";"/catalog/zapasnye-chasti-i-komplektuyushchie/zapchasti-dlya-drobilok/drobilki-shchekovye/smd-108a/klin-nizhniy-pravyy-4844800005/";""
"4844800005 СМД-108А";"нужен Wordstat";"Номер чертежа";"/catalog/zapasnye-chasti-i-komplektuyushchie/zapchasti-dlya-drobilok/drobilki-shchekovye/smd-108a/klin-nizhniy-pravyy-4844800005/";""
"484480000500";"нужен Wordstat";"Номер чертежа";"/catalog/zapasnye-chasti-i-komplektuyushchie/zapchasti-dlya-drobilok/drobilki-shchekovye/smd-108a/klin-nizhniy-pravyy-4844800005/";"альтернативное обозначение"
"4844800006";"нужен Wordstat";"Номер чертежа";"/catalog/zapasnye-chasti-i-komplektuyushchie/zapchasti-dlya-drobilok/drobilki-shchekovye/smd-108a/plita-raspornaya-4844800006/";""
"4844800006 СМД-108А";"нужен Wordstat";"Номер чертежа";"/catalog/zapasnye-chasti-i-komplektuyushchie/zapchasti-dlya-drobilok/drobilki-shchekovye/smd-108a/plita-raspornaya-4844800006/";""
"484480000600";"нужен Wordstat";"Номер чертежа";"/catalog/zapasnye-chasti-i-komplektuyushchie/zapchasti-dlya-drobilok/drobilki-shchekovye/smd-108a/plita-raspornaya-4844800006/";"альтернативное обозначение"
"4844800009";"нужен Wordstat";"Номер чертежа";"/catalog/zapasnye-chasti-i-komplektuyushchie/zapchasti-dlya-drobilok/drobilki-shchekovye/smd-108a/plita-drobyashchaya-nepodvizhnaya-4844800009/";""
"4844800009 СМД-108А";"нужен Wordstat";"Номер чертежа";"/catalog/zapasnye-chasti-i-komplektuyushchie/zapchasti-dlya-drobilok/drobilki-shchekovye/smd-108a/plita-drobyashchaya-nepodvizhnaya-4844800009/";""
"484480000900";"нужен Wordstat";"Номер чертежа";"/catalog/zapasnye-chasti-i-komplektuyushchie/zapchasti-dlya-drobilok/drobilki-shchekovye/smd-108a/plita-drobyashchaya-nepodvizhnaya-4844800009/";"альтернативное обозначение"
"4844802002";"нужен Wordstat";"Номер чертежа";"/catalog/zapasnye-chasti-i-komplektuyushchie/zapchasti-dlya-drobilok/drobilki-shchekovye/smd-108a/protivoves-smd-108a-4844802002/";""
"4844802002 СМД-108А";"нужен Wordstat";"Номер чертежа";"/catalog/zapasnye-chasti-i-komplektuyushchie/zapchasti-dlya-drobilok/drobilki-shchekovye/smd-108a/protivoves-smd-108a-4844802002/";""
"4844802007";"нужен Wordstat";"Номер чертежа";"/catalog/zapasnye-chasti-i-komplektuyushchie/zapchasti-dlya-drobilok/drobilki-shchekovye/smd-108a/vtulka-1048902007-4844802007/";"альтернативное обозначение"
"4844802007";"нужен Wordstat";"Номер чертежа";"/catalog/zapasnye-chasti-i-komplektuyushchie/zapchasti-dlya-drobilok/drobilki-shchekovye/smd-109a/vtulka-smd-109a-1048902007-4844802007/";"альтернативное обозначение"
"4844802017-30";"нужен Wordstat";"Номер чертежа";"/catalog/zapasnye-chasti-i-komplektuyushchie/zapchasti-dlya-drobilok/drobilki-shchekovye/smd-110a/koltso-4844802017-30/";""
"4844802017-30 СМД-110А";"нужен Wordstat";"Номер чертежа";"/catalog/zapasnye-chasti-i-komplektuyushchie/zapchasti-dlya-drobilok/drobilki-shchekovye/smd-110a/koltso-4844802017-30/";""
"4844802022";"нужен Wordstat";"Номер чертежа";"/catalog/zapasnye-chasti-i-komplektuyushchie/zapchasti-dlya-drobilok/drobilki-shchekovye/smd-108a/plita-drobyashchaya-podvizhnaya-4844802022/";""
"4844802022 СМД-108А";"нужен Wordstat";"Номер чертежа";"/catalog/zapasnye-chasti-i-komplektuyushchie/zapchasti-dlya-drobilok/drobilki-shchekovye/smd-108a/plita-drobyashchaya-podvizhnaya-4844802022/";""
"484480202200";"нужен Wordstat";"Номер чертежа";"/catalog/zapasnye-chasti-i-komplektuyushchie/zapchasti-dlya-drobilok/drobilki-shchekovye/smd-108a/plita-drobyashchaya-podvizhnaya-4844802022/";"альтернативное обозначение"
"4844802023";"нужен Wordstat";"Номер чертежа";"/catalog/zapasnye-chasti-i-komplektuyushchie/zapchasti-dlya-drobilok/drobilki-shchekovye/smd-108a/planka-4844802023/";""
"4844802023";"нужен Wordstat";"Номер чертежа";"/catalog/zapasnye-chasti-i-komplektuyushchie/zapchasti-dlya-drobilok/drobilki-shchekovye/smd-109a/planka-smd-109a-4844802023/";""
"4844802023";"нужен Wordstat";"Номер чертежа";"/catalog/zapasnye-chasti-i-komplektuyushchie/zapchasti-dlya-drobilok/drobilki-shchekovye/smd-110a/planka-smd-110a-4844802023/";""
"4844802023 СМД-108А";"нужен Wordstat";"Номер чертежа";"/catalog/zapasnye-chasti-i-komplektuyushchie/zapchasti-dlya-drobilok/drobilki-shchekovye/smd-108a/planka-4844802023/";""
"4844802023 СМД-109А";"нужен Wordstat";"Номер чертежа";"/catalog/zapasnye-chasti-i-komplektuyushchie/zapchasti-dlya-drobilok/drobilki-shchekovye/smd-109a/planka-smd-109a-4844802023/";""
"4844802023 СМД-110А";"нужен Wordstat";"Номер чертежа";"/catalog/zapasnye-chasti-i-komplektuyushchie/zapchasti-dlya-drobilok/drobilki-shchekovye/smd-110a/planka-smd-110a-4844802023/";""
"4844802029";"нужен Wordstat";"Номер чертежа";"/catalog/zapasnye-chasti-i-komplektuyushchie/zapchasti-dlya-drobilok/drobilki-shchekovye/smd-108a/sukhar-4844802029/";""
"4844802029";"нужен Wordstat";"Номер чертежа";"/catalog/zapasnye-chasti-i-komplektuyushchie/zapchasti-dlya-drobilok/drobilki-shchekovye/smd-109a/sukhar-4844802029-smd-109a/";""
"4844802029";"нужен Wordstat";"Номер чертежа";"/catalog/zapasnye-chasti-i-komplektuyushchie/zapchasti-dlya-drobilok/drobilki-shchekovye/smd-109a/sukhar-smd-109a-4844802029/";""
"4844802029";"нужен Wordstat";"Номер чертежа";"/catalog/zapasnye-chasti-i-komplektuyushchie/zapchasti-dlya-drobilok/drobilki-shchekovye/smd-110a/sukhar-4844802029-smd-110a/";""
"4844802029 СМД-108А";"нужен Wordstat";"Номер чертежа";"/catalog/zapasnye-chasti-i-komplektuyushchie/zapchasti-dlya-drobilok/drobilki-shchekovye/smd-108a/sukhar-4844802029/";""
"4844802029 СМД-109А";"нужен Wordstat";"Номер чертежа";"/catalog/zapasnye-chasti-i-komplektuyushchie/zapchasti-dlya-drobilok/drobilki-shchekovye/smd-109a/sukhar-4844802029-smd-109a/";""
"4844802029 СМД-109А";"нужен Wordstat";"Номер чертежа";"/catalog/zapasnye-chasti-i-komplektuyushchie/zapchasti-dlya-drobilok/drobilki-shchekovye/smd-109a/sukhar-smd-109a-4844802029/";""
"4844802029 СМД-110А";"нужен Wordstat";"Номер чертежа";"/catalog/zapasnye-chasti-i-komplektuyushchie/zapchasti-dlya-drobilok/drobilki-shchekovye/smd-110a/sukhar-4844802029-smd-110a/";""
"484480202900";"нужен Wordstat";"Номер чертежа";"/catalog/zapasnye-chasti-i-komplektuyushchie/zapchasti-dlya-drobilok/drobilki-shchekovye/smd-108a/sukhar-4844802029/";"альтернативное обозначение"
"484480202900";"нужен Wordstat";"Номер чертежа";"/catalog/zapasnye-chasti-i-komplektuyushchie/zapchasti-dlya-drobilok/drobilki-shchekovye/smd-109a/sukhar-4844802029-smd-109a/";"альтернативное обозначение"
"484480202900";"нужен Wordstat";"Номер чертежа";"/catalog/zapasnye-chasti-i-komplektuyushchie/zapchasti-dlya-drobilok/drobilki-shchekovye/smd-109a/sukhar-smd-109a-4844802029/";"альтернативное обозначение"
"484480202900";"нужен Wordstat";"Номер чертежа";"/catalog/zapasnye-chasti-i-komplektuyushchie/zapchasti-dlya-drobilok/drobilki-shchekovye/smd-110a/sukhar-4844802029-smd-110a/";"альтернативное обозначение"
"4844802031";"нужен Wordstat";"Номер чертежа";"/catalog/zapasnye-chasti-i-komplektuyushchie/zapchasti-dlya-drobilok/drobilki-shchekovye/smd-108a/gayka-4844802031/";""
"4844802031";"нужен Wordstat";"Номер чертежа";"/catalog/zapasnye-chasti-i-komplektuyushchie/zapchasti-dlya-drobilok/drobilki-shchekovye/smd-109a/gayka-4844802031-smd-109a/";""
"4844802031";"нужен Wordstat";"Номер чертежа";"/catalog/zapasnye-chasti-i-komplektuyushchie/zapchasti-dlya-drobilok/drobilki-shchekovye/smd-109a/gayka-smd-109a-4844802031/";""
"4844802031";"нужен Wordstat";"Номер чертежа";"/catalog/zapasnye-chasti-i-komplektuyushchie/zapchasti-dlya-drobilok/drobilki-shchekovye/smd-110a/gayka-smd-110a-4844802031/";""
"4844802031 СМД-108А";"нужен Wordstat";"Номер чертежа";"/catalog/zapasnye-chasti-i-komplektuyushchie/zapchasti-dlya-drobilok/drobilki-shchekovye/smd-108a/gayka-4844802031/";""
"4844802031 СМД-109А";"нужен Wordstat";"Номер чертежа";"/catalog/zapasnye-chasti-i-komplektuyushchie/zapchasti-dlya-drobilok/drobilki-shchekovye/smd-109a/gayka-4844802031-smd-109a/";""
"4844802031 СМД-109А";"нужен Wordstat";"Номер чертежа";"/catalog/zapasnye-chasti-i-komplektuyushchie/zapchasti-dlya-drobilok/drobilki-shchekovye/smd-109a/gayka-smd-109a-4844802031/";""
"4844802031 СМД-110А";"нужен Wordstat";"Номер чертежа";"/catalog/zapasnye-chasti-i-komplektuyushchie/zapchasti-dlya-drobilok/drobilki-shchekovye/smd-110a/gayka-smd-110a-4844802031/";""
"484480203100";"нужен Wordstat";"Номер чертежа";"/catalog/zapasnye-chasti-i-komplektuyushchie/zapchasti-dlya-drobilok/drobilki-shchekovye/smd-108a/gayka-4844802031/";"альтернативное обозначение"
"484480203100";"нужен Wordstat";"Номер чертежа";"/catalog/zapasnye-chasti-i-komplektuyushchie/zapchasti-dlya-drobilok/drobilki-shchekovye/smd-109a/gayka-4844802031-smd-109a/";"альтернативное обозначение"
"484480203100";"нужен Wordstat";"Номер чертежа";"/catalog/zapasnye-chasti-i-komplektuyushchie/zapchasti-dlya-drobilok/drobilki-shchekovye/smd-109a/gayka-smd-109a-4844802031/";"альтернативное обозначение"
"484480203100";"нужен Wordstat";"Номер чертежа";"/catalog/zapasnye-chasti-i-komplektuyushchie/zapchasti-dlya-drobilok/drobilki-shchekovye/smd-110a/gayka-smd-110a-4844802031/";"альтернативное обозначение"
"4844807000";"нужен Wordstat";"Номер чертежа";"/catalog/zapasnye-chasti-i-komplektuyushchie/zapchasti-dlya-drobilok/drobilki-shchekovye/smd-108a/kozhukh-protivovesa-smd-108a-4844807000/";""
"4844807000 СМД-108А";"нужен Wordstat";"Номер чертежа";"/catalog/zapasnye-chasti-i-komplektuyushchie/zapchasti-dlya-drobilok/drobilki-shchekovye/smd-108a/kozhukh-protivovesa-smd-108a-4844807000/";""
"4844809000";"нужен Wordstat";"Номер чертежа";"/catalog/zapasnye-chasti-i-komplektuyushchie/zapchasti-dlya-drobilok/drobilki-shchekovye/smd-108a/tyaga-pruzhiny-smd-108a-4844809000/";""
"4844809000 СМД-108А";"нужен Wordstat";"Номер чертежа";"/catalog/zapasnye-chasti-i-komplektuyushchie/zapchasti-dlya-drobilok/drobilki-shchekovye/smd-108a/tyaga-pruzhiny-smd-108a-4844809000/";""
"484480900000";"нужен Wordstat";"Номер чертежа";"/catalog/zapasnye-chasti-i-komplektuyushchie/zapchasti-dlya-drobilok/drobilki-shchekovye/smd-108a/tyaga-pruzhiny-smd-108a-4844809000/";"альтернативное обозначение"
"4844810000";"нужен Wordstat";"Номер чертежа";"/catalog/zapasnye-chasti-i-komplektuyushchie/zapchasti-dlya-drobilok/drobilki-shchekovye/smd-108a/ograzhdenie-privoda-smd-108a-4844810000/";""
"4844810000 СМД-108А";"нужен Wordstat";"Номер чертежа";"/catalog/zapasnye-chasti-i-komplektuyushchie/zapchasti-dlya-drobilok/drobilki-shchekovye/smd-108a/ograzhdenie-privoda-smd-108a-4844810000/";""
"4844900002";"нужен Wordstat";"Номер чертежа";"/catalog/zapasnye-chasti-i-komplektuyushchie/zapchasti-dlya-drobilok/drobilki-shchekovye/smd-109a/plita-drobyashchaya-nepodvizhnaya-4844900002/";""
"4844900002 СМД-109А";"нужен Wordstat";"Номер чертежа";"/catalog/zapasnye-chasti-i-komplektuyushchie/zapchasti-dlya-drobilok/drobilki-shchekovye/smd-109a/plita-drobyashchaya-nepodvizhnaya-4844900002/";""
"484490000200";"нужен Wordstat";"Номер чертежа";"/catalog/zapasnye-chasti-i-komplektuyushchie/zapchasti-dlya-drobilok/drobilki-shchekovye/smd-109a/plita-drobyashchaya-nepodvizhnaya-4844900002/";"альтернативное обозначение"
"4844900004";"нужен Wordstat";"Номер чертежа";"/catalog/zapasnye-chasti-i-komplektuyushchie/zapchasti-dlya-drobilok/drobilki-shchekovye/smd-109a/klin-verkhniy-pravyy-4844900004/";""
"4844900004 СМД-109А";"нужен Wordstat";"Номер чертежа";"/catalog/zapasnye-chasti-i-komplektuyushchie/zapchasti-dlya-drobilok/drobilki-shchekovye/smd-109a/klin-verkhniy-pravyy-4844900004/";""
"484490000400";"нужен Wordstat";"Номер чертежа";"/catalog/zapasnye-chasti-i-komplektuyushchie/zapchasti-dlya-drobilok/drobilki-shchekovye/smd-109a/klin-verkhniy-pravyy-4844900004/";"альтернативное обозначение"
"4844900005";"нужен Wordstat";"Номер чертежа";"/catalog/zapasnye-chasti-i-komplektuyushchie/zapchasti-dlya-drobilok/drobilki-shchekovye/smd-109a/klin-verkhniy-levyy-4844900005/";""
"4844900005 СМД-109А";"нужен Wordstat";"Номер чертежа";"/catalog/zapasnye-chasti-i-komplektuyushchie/zapchasti-dlya-drobilok/drobilki-shchekovye/smd-109a/klin-verkhniy-levyy-4844900005/";""
"484490000500";"нужен Wordstat";"Номер чертежа";"/catalog/zapasnye-chasti-i-komplektuyushchie/zapchasti-dlya-drobilok/drobilki-shchekovye/smd-109a/klin-verkhniy-levyy-4844900005/";"альтернативное обозначение"
"4844900006";"нужен Wordstat";"Номер чертежа";"/catalog/zapasnye-chasti-i-komplektuyushchie/zapchasti-dlya-drobilok/drobilki-shchekovye/smd-109a/plita-raspornaya-4844900006/";""
"4844900006 СМД-109А";"нужен Wordstat";"Номер чертежа";"/catalog/zapasnye-chasti-i-komplektuyushchie/zapchasti-dlya-drobilok/drobilki-shchekovye/smd-109a/plita-raspornaya-4844900006/";""
"484490000600";"нужен Wordstat";"Номер чертежа";"/catalog/zapasnye-chasti-i-komplektuyushchie/zapchasti-dlya-drobilok/drobilki-shchekovye/smd-109a/plita-raspornaya-4844900006/";"альтернативное обозначение"
"4844902011";"нужен Wordstat";"Номер чертежа";"/catalog/zapasnye-chasti-i-komplektuyushchie/zapchasti-dlya-drobilok/drobilki-shchekovye/smd-108a/koltso-4844902011/";""
"4844902011";"нужен Wordstat";"Номер чертежа";"/catalog/zapasnye-chasti-i-komplektuyushchie/zapchasti-dlya-drobilok/drobilki-shchekovye/smd-109a/koltso-smd-109a-4844902011/";""
"4844902011 СМД-108А";"нужен Wordstat";"Номер чертежа";"/catalog/zapasnye-chasti-i-komplektuyushchie/zapchasti-dlya-drobilok/drobilki-shchekovye/smd-108a/koltso-4844902011/";""
"4844902011 СМД-109А";"нужен Wordstat";"Номер чертежа";"/catalog/zapasnye-chasti-i-komplektuyushchie/zapchasti-dlya-drobilok/drobilki-shchekovye/smd-109a/koltso-smd-109a-4844902011/";""
"484490201100";"нужен Wordstat";"Номер чертежа";"/catalog/zapasnye-chasti-i-komplektuyushchie/zapchasti-dlya-drobilok/drobilki-shchekovye/smd-108a/koltso-4844902011/";"альтернативное обозначение"
"484490201100";"нужен Wordstat";"Номер чертежа";"/catalog/zapasnye-chasti-i-komplektuyushchie/zapchasti-dlya-drobilok/drobilki-shchekovye/smd-109a/koltso-smd-109a-4844902011/";"альтернативное обозначение"
"4844902014";"нужен Wordstat";"Номер чертежа";"/catalog/zapasnye-chasti-i-komplektuyushchie/zapchasti-dlya-drobilok/drobilki-shchekovye/smd-108a/vtulka-4844902014/";""
"4844902014";"нужен Wordstat";"Номер чертежа";"/catalog/zapasnye-chasti-i-komplektuyushchie/zapchasti-dlya-drobilok/drobilki-shchekovye/smd-109a/vtulka-4844902014-smd-109a/";""
"4844902014 СМД-108А";"нужен Wordstat";"Номер чертежа";"/catalog/zapasnye-chasti-i-komplektuyushchie/zapchasti-dlya-drobilok/drobilki-shchekovye/smd-108a/vtulka-4844902014/";""
"4844902014 СМД-109А";"нужен Wordstat";"Номер чертежа";"/catalog/zapasnye-chasti-i-komplektuyushchie/zapchasti-dlya-drobilok/drobilki-shchekovye/smd-109a/vtulka-4844902014-smd-109a/";""
"484490201400";"нужен Wordstat";"Номер чертежа";"/catalog/zapasnye-chasti-i-komplektuyushchie/zapchasti-dlya-drobilok/drobilki-shchekovye/smd-108a/vtulka-4844902014/";"альтернативное обозначение"
"484490201400";"нужен Wordstat";"Номер чертежа";"/catalog/zapasnye-chasti-i-komplektuyushchie/zapchasti-dlya-drobilok/drobilki-shchekovye/smd-109a/vtulka-4844902014-smd-109a/";"альтернативное обозначение"
"4844902016";"нужен Wordstat";"Номер чертежа";"/catalog/zapasnye-chasti-i-komplektuyushchie/zapchasti-dlya-drobilok/drobilki-shchekovye/smd-109a/plita-drobyashchaya-podvizhnaya-4844902016/";""
"4844902016 СМД-109А";"нужен Wordstat";"Номер чертежа";"/catalog/zapasnye-chasti-i-komplektuyushchie/zapchasti-dlya-drobilok/drobilki-shchekovye/smd-109a/plita-drobyashchaya-podvizhnaya-4844902016/";""
"484490201600";"нужен Wordstat";"Номер чертежа";"/catalog/zapasnye-chasti-i-komplektuyushchie/zapchasti-dlya-drobilok/drobilki-shchekovye/smd-109a/plita-drobyashchaya-podvizhnaya-4844902016/";"альтернативное обозначение"
"4844905000";"нужен Wordstat";"Номер чертежа";"/catalog/zapasnye-chasti-i-komplektuyushchie/zapchasti-dlya-drobilok/drobilki-shchekovye/smd-109a/privod-sb-4844905000/";""
"4844905000 СМД-109А";"нужен Wordstat";"Номер чертежа";"/catalog/zapasnye-chasti-i-komplektuyushchie/zapchasti-dlya-drobilok/drobilki-shchekovye/smd-109a/privod-sb-4844905000/";""
"4844905001";"нужен Wordstat";"Номер чертежа";"/catalog/zapasnye-chasti-i-komplektuyushchie/zapchasti-dlya-drobilok/drobilki-shchekovye/smd-108a/shkiv-elektrodvigatelya-4844905001/";""
"4844905001";"нужен Wordstat";"Номер чертежа";"/catalog/zapasnye-chasti-i-komplektuyushchie/zapchasti-dlya-drobilok/drobilki-shchekovye/smd-109a/shkiv-elektrodvigatelya-4844905001-smd-109a/";""
"4844905001 СМД-108А";"нужен Wordstat";"Номер чертежа";"/catalog/zapasnye-chasti-i-komplektuyushchie/zapchasti-dlya-drobilok/drobilki-shchekovye/smd-108a/shkiv-elektrodvigatelya-4844905001/";""
"4844905001 СМД-109А";"нужен Wordstat";"Номер чертежа";"/catalog/zapasnye-chasti-i-komplektuyushchie/zapchasti-dlya-drobilok/drobilki-shchekovye/smd-109a/shkiv-elektrodvigatelya-4844905001-smd-109a/";""
"484490500100";"нужен Wordstat";"Номер чертежа";"/catalog/zapasnye-chasti-i-komplektuyushchie/zapchasti-dlya-drobilok/drobilki-shchekovye/smd-108a/shkiv-elektrodvigatelya-4844905001/";"альтернативное обозначение"
"484490500100";"нужен Wordstat";"Номер чертежа";"/catalog/zapasnye-chasti-i-komplektuyushchie/zapchasti-dlya-drobilok/drobilki-shchekovye/smd-109a/shkiv-elektrodvigatelya-4844905001-smd-109a/";"альтернативное обозначение"
"4844905100";"нужен Wordstat";"Номер чертежа";"/catalog/zapasnye-chasti-i-komplektuyushchie/zapchasti-dlya-drobilok/drobilki-shchekovye/smd-109a/salazki-4844905100/";""
"4844905100 СМД-109А";"нужен Wordstat";"Номер чертежа";"/catalog/zapasnye-chasti-i-komplektuyushchie/zapchasti-dlya-drobilok/drobilki-shchekovye/smd-109a/salazki-4844905100/";""
"484490510000";"нужен Wordstat";"Номер чертежа";"/catalog/zapasnye-chasti-i-komplektuyushchie/zapchasti-dlya-drobilok/drobilki-shchekovye/smd-109a/salazki-4844905100/";"альтернативное обозначение"
"4844906000";"нужен Wordstat";"Номер чертежа";"/catalog/zapasnye-chasti-i-komplektuyushchie/zapchasti-dlya-drobilok/drobilki-shchekovye/smd-108a/privod-sb-4844906000/";""
"4844906000";"нужен Wordstat";"Номер чертежа";"/catalog/zapasnye-chasti-i-komplektuyushchie/zapchasti-dlya-drobilok/drobilki-shchekovye/smd-109a/privod-sb-smd-109a-4844906000/";""
"4844906000 СМД-108А";"нужен Wordstat";"Номер чертежа";"/catalog/zapasnye-chasti-i-komplektuyushchie/zapchasti-dlya-drobilok/drobilki-shchekovye/smd-108a/privod-sb-4844906000/";""
"4844906000 СМД-109А";"нужен Wordstat";"Номер чертежа";"/catalog/zapasnye-chasti-i-komplektuyushchie/zapchasti-dlya-drobilok/drobilki-shchekovye/smd-109a/privod-sb-smd-109a-4844906000/";""
"4844906100";"нужен Wordstat";"Номер чертежа";"/catalog/zapasnye-chasti-i-komplektuyushchie/zapchasti-dlya-drobilok/drobilki-shchekovye/smd-108a/salazki-4844906100/";""
"4844906100 СМД-108А";"нужен Wordstat";"Номер чертежа";"/catalog/zapasnye-chasti-i-komplektuyushchie/zapchasti-dlya-drobilok/drobilki-shchekovye/smd-108a/salazki-4844906100/";""
"4844907000";"нужен Wordstat";"Номер чертежа";"/catalog/zapasnye-chasti-i-komplektuyushchie/zapchasti-dlya-drobilok/drobilki-shchekovye/smd-109a/ograzhdenie-makhovika-smd-109a-4844907000/";""
"4844907000 СМД-109А";"нужен Wordstat";"Номер чертежа";"/catalog/zapasnye-chasti-i-komplektuyushchie/zapchasti-dlya-drobilok/drobilki-shchekovye/smd-109a/ograzhdenie-makhovika-smd-109a-4844907000/";""
"4844910000";"нужен Wordstat";"Номер чертежа";"/catalog/zapasnye-chasti-i-komplektuyushchie/zapchasti-dlya-drobilok/drobilki-shchekovye/smd-109a/ograzhdenie-privoda-smd-109a-4844910000/";""
"4844910000 СМД-109А";"нужен Wordstat";"Номер чертежа";"/catalog/zapasnye-chasti-i-komplektuyushchie/zapchasti-dlya-drobilok/drobilki-shchekovye/smd-109a/ograzhdenie-privoda-smd-109a-4844910000/";""
"4845000002";"нужен Wordstat";"Номер чертежа";"/catalog/zapasnye-chasti-i-komplektuyushchie/zapchasti-dlya-drobilok/drobilki-shchekovye/smd-110a/plita-drobyashchaya-nepodvizhnaya-4845000002/";""
"4845000002 СМД-110А";"нужен Wordstat";"Номер чертежа";"/catalog/zapasnye-chasti-i-komplektuyushchie/zapchasti-dlya-drobilok/drobilki-shchekovye/smd-110a/plita-drobyashchaya-nepodvizhnaya-4845000002/";""
"484500000200";"нужен Wordstat";"Номер чертежа";"/catalog/zapasnye-chasti-i-komplektuyushchie/zapchasti-dlya-drobilok/drobilki-shchekovye/smd-110a/plita-drobyashchaya-nepodvizhnaya-4845000002/";"альтернативное обозначение"
"4845000012";"нужен Wordstat";"Номер чертежа";"/catalog/zapasnye-chasti-i-komplektuyushchie/zapchasti-dlya-drobilok/drobilki-shchekovye/smd-110a/rychag-4845000012/";""
"4845000012 СМД-110А";"нужен Wordstat";"Номер чертежа";"/catalog/zapasnye-chasti-i-komplektuyushchie/zapchasti-dlya-drobilok/drobilki-shchekovye/smd-110a/rychag-4845000012/";""
"484500001200";"нужен Wordstat";"Номер чертежа";"/catalog/zapasnye-chasti-i-komplektuyushchie/zapchasti-dlya-drobilok/drobilki-shchekovye/smd-110a/rychag-4845000012/";"альтернативное обозначение"
"4845000013";"нужен Wordstat";"Номер чертежа";"/catalog/zapasnye-chasti-i-komplektuyushchie/zapchasti-dlya-drobilok/drobilki-shchekovye/smd-110a/bolt-spetsialnyy-4845000013/";""
"4845000013 СМД-110А";"нужен Wordstat";"Номер чертежа";"/catalog/zapasnye-chasti-i-komplektuyushchie/zapchasti-dlya-drobilok/drobilki-shchekovye/smd-110a/bolt-spetsialnyy-4845000013/";""
"484500001300";"нужен Wordstat";"Номер чертежа";"/catalog/zapasnye-chasti-i-komplektuyushchie/zapchasti-dlya-drobilok/drobilki-shchekovye/smd-110a/bolt-spetsialnyy-4845000013/";"альтернативное обозначение"
"4845000018";"нужен Wordstat";"Номер чертежа";"/catalog/zapasnye-chasti-i-komplektuyushchie/zapchasti-dlya-drobilok/drobilki-shchekovye/smd-110a/klin-verkhniy-pravyy-4845000018/";""
"4845000018 СМД-110А";"нужен Wordstat";"Номер чертежа";"/catalog/zapasnye-chasti-i-komplektuyushchie/zapchasti-dlya-drobilok/drobilki-shchekovye/smd-110a/klin-verkhniy-pravyy-4845000018/";""
"484500001800";"нужен Wordstat";"Номер чертежа";"/catalog/zapasnye-chasti-i-komplektuyushchie/zapchasti-dlya-drobilok/drobilki-shchekovye/smd-110a/klin-verkhniy-pravyy-4845000018/";"альтернативное обозначение"
"4845000019";"нужен Wordstat";"Номер чертежа";"/catalog/zapasnye-chasti-i-komplektuyushchie/zapchasti-dlya-drobilok/drobilki-shchekovye/smd-110a/klin-verkhniy-levyy-4845000019/";""
"4845000019 СМД-110А";"нужен Wordstat";"Номер чертежа";"/catalog/zapasnye-chasti-i-komplektuyushchie/zapchasti-dlya-drobilok/drobilki-shchekovye/smd-110a/klin-verkhniy-levyy-4845000019/";""
"484500001900";"нужен Wordstat";"Номер чертежа";"/catalog/zapasnye-chasti-i-komplektuyushchie/zapchasti-dlya-drobilok/drobilki-shchekovye/smd-110a/klin-verkhniy-levyy-4845000019/";"альтернативное обозначение"
"4845000021";"нужен Wordstat";"Номер чертежа";"/catalog/zapasnye-chasti-i-komplektuyushchie/zapchasti-dlya-drobilok/drobilki-shchekovye/smd-110a/klin-nizhniy-pravyy-4845000021/";""
"4845000021 СМД-110А";"нужен Wordstat";"Номер чертежа";"/catalog/zapasnye-chasti-i-komplektuyushchie/zapchasti-dlya-drobilok/drobilki-shchekovye/smd-110a/klin-nizhniy-pravyy-4845000021/";""
"484500002100";"нужен Wordstat";"Номер чертежа";"/catalog/zapasnye-chasti-i-komplektuyushchie/zapchasti-dlya-drobilok/drobilki-shchekovye/smd-110a/klin-nizhniy-pravyy-4845000021/";"альтернативное обозначение"
"4845000022";"нужен Wordstat";"Номер чертежа";"/catalog/zapasnye-chasti-i-komplektuyushchie/zapchasti-dlya-drobilok/drobilki-shchekovye/smd-110a/klin-nizhniy-levyy-4845000022/";""
"4845000022 СМД-110А";"нужен Wordstat";"Номер чертежа";"/catalog/zapasnye-chasti-i-komplektuyushchie/zapchasti-dlya-drobilok/drobilki-shchekovye/smd-110a/klin-nizhniy-levyy-4845000022/";""
"484500002200";"нужен Wordstat";"Номер чертежа";"/catalog/zapasnye-chasti-i-komplektuyushchie/zapchasti-dlya-drobilok/drobilki-shchekovye/smd-110a/klin-nizhniy-levyy-4845000022/";"альтернативное обозначение"
"4845000025";"нужен Wordstat";"Номер чертежа";"/catalog/zapasnye-chasti-i-komplektuyushchie/zapchasti-dlya-drobilok/drobilki-shchekovye/smd-110a/plita-raspornaya-4845000025/";""
"4845000025 СМД-110А";"нужен Wordstat";"Номер чертежа";"/catalog/zapasnye-chasti-i-komplektuyushchie/zapchasti-dlya-drobilok/drobilki-shchekovye/smd-110a/plita-raspornaya-4845000025/";""
"484500002500";"нужен Wordstat";"Номер чертежа";"/catalog/zapasnye-chasti-i-komplektuyushchie/zapchasti-dlya-drobilok/drobilki-shchekovye/smd-110a/plita-raspornaya-4845000025/";"альтернативное обозначение"
"4845002002";"нужен Wordstat";"Номер чертежа";"/catalog/zapasnye-chasti-i-komplektuyushchie/zapchasti-dlya-drobilok/drobilki-shchekovye/smd-110a/makhovik-smd-110a-4845002002/";""
"4845002002 СМД-110А";"нужен Wordstat";"Номер чертежа";"/catalog/zapasnye-chasti-i-komplektuyushchie/zapchasti-dlya-drobilok/drobilki-shchekovye/smd-110a/makhovik-smd-110a-4845002002/";""
"484500200200";"нужен Wordstat";"Номер чертежа";"/catalog/zapasnye-chasti-i-komplektuyushchie/zapchasti-dlya-drobilok/drobilki-shchekovye/smd-110a/makhovik-smd-110a-4845002002/";"альтернативное обозначение"
"4845002022";"нужен Wordstat";"Номер чертежа";"/catalog/zapasnye-chasti-i-komplektuyushchie/zapchasti-dlya-drobilok/drobilki-shchekovye/smd-110a/shayba-4845002022/";""
"4845002022 СМД-110А";"нужен Wordstat";"Номер чертежа";"/catalog/zapasnye-chasti-i-komplektuyushchie/zapchasti-dlya-drobilok/drobilki-shchekovye/smd-110a/shayba-4845002022/";""
"4845005000";"нужен Wordstat";"Номер чертежа";"/catalog/zapasnye-chasti-i-komplektuyushchie/zapchasti-dlya-drobilok/drobilki-shchekovye/smd-110a/ograzhdenie-makhovika-smd-110a-4845005000/";""
"4845005000 СМД-110А";"нужен Wordstat";"Номер чертежа";"/catalog/zapasnye-chasti-i-komplektuyushchie/zapchasti-dlya-drobilok/drobilki-shchekovye/smd-110a/ograzhdenie-makhovika-smd-110a-4845005000/";""
"4845006000";"нужен Wordstat";"Номер чертежа";"/catalog/zapasnye-chasti-i-komplektuyushchie/zapchasti-dlya-drobilok/drobilki-shchekovye/smd-110a/ograzhdenie-privoda-smd-110a-4845006000/";""
"4845006000 СМД-110А";"нужен Wordstat";"Номер чертежа";"/catalog/zapasnye-chasti-i-komplektuyushchie/zapchasti-dlya-drobilok/drobilki-shchekovye/smd-110a/ograzhdenie-privoda-smd-110a-4845006000/";""
"4845007000";"нужен Wordstat";"Номер чертежа";"/catalog/zapasnye-chasti-i-komplektuyushchie/zapchasti-dlya-drobilok/drobilki-shchekovye/smd-110a/tyaga-pruzhiny-smd-110a-4845007000/";""
"4845007000 СМД-110А";"нужен Wordstat";"Номер чертежа";"/catalog/zapasnye-chasti-i-komplektuyushchie/zapchasti-dlya-drobilok/drobilki-shchekovye/smd-110a/tyaga-pruzhiny-smd-110a-4845007000/";""
"484500700000";"нужен Wordstat";"Номер чертежа";"/catalog/zapasnye-chasti-i-komplektuyushchie/zapchasti-dlya-drobilok/drobilki-shchekovye/smd-110a/tyaga-pruzhiny-smd-110a-4845007000/";"альтернативное обозначение"
"4845008000";"нужен Wordstat";"Номер чертежа";"/catalog/zapasnye-chasti-i-komplektuyushchie/zapchasti-dlya-drobilok/drobilki-shchekovye/smd-110a/privod-sb-4845008000/";""
"4845008000 СМД-110А";"нужен Wordstat";"Номер чертежа";"/catalog/zapasnye-chasti-i-komplektuyushchie/zapchasti-dlya-drobilok/drobilki-shchekovye/smd-110a/privod-sb-4845008000/";""
"4845008003";"нужен Wordstat";"Номер чертежа";"/catalog/zapasnye-chasti-i-komplektuyushchie/zapchasti-dlya-drobilok/drobilki-shchekovye/smd-110a/shkiv-elektrodvigatelya-4845008003/";""
"4845008003 СМД-110А";"нужен Wordstat";"Номер чертежа";"/catalog/zapasnye-chasti-i-komplektuyushchie/zapchasti-dlya-drobilok/drobilki-shchekovye/smd-110a/shkiv-elektrodvigatelya-4845008003/";""
"484500800300";"нужен Wordstat";"Номер чертежа";"/catalog/zapasnye-chasti-i-komplektuyushchie/zapchasti-dlya-drobilok/drobilki-shchekovye/smd-110a/shkiv-elektrodvigatelya-4845008003/";"альтернативное обозначение"
"4845008100-20";"нужен Wordstat";"Номер чертежа";"/catalog/zapasnye-chasti-i-komplektuyushchie/zapchasti-dlya-drobilok/drobilki-konusnye/smd-120a-ksd-900/salazki-smd-120a-4845008100-20/";""
"4845008100-20 СМД-120А (КСД-900)";"нужен Wordstat";"Номер чертежа";"/catalog/zapasnye-chasti-i-komplektuyushchie/zapchasti-dlya-drobilok/drobilki-konusnye/smd-120a-ksd-900/salazki-smd-120a-4845008100-20/";""
"4845008100-30";"нужен Wordstat";"Номер чертежа";"/catalog/zapasnye-chasti-i-komplektuyushchie/zapchasti-dlya-drobilok/drobilki-konusnye/smd-120a-ksd-900/salazki-smd-120at-4845008100-30/";""
"4845008100-30";"нужен Wordstat";"Номер чертежа";"/catalog/zapasnye-chasti-i-komplektuyushchie/zapchasti-dlya-drobilok/drobilki-shchekovye/smd-110a/salazki-4845008100-30/";""
"4845008100-30 СМД-110А";"нужен Wordstat";"Номер чертежа";"/catalog/zapasnye-chasti-i-komplektuyushchie/zapchasti-dlya-drobilok/drobilki-shchekovye/smd-110a/salazki-4845008100-30/";""
"4845008100-30 СМД-120А (КСД-900)";"нужен Wordstat";"Номер чертежа";"/catalog/zapasnye-chasti-i-komplektuyushchie/zapchasti-dlya-drobilok/drobilki-konusnye/smd-120a-ksd-900/salazki-smd-120at-4845008100-30/";""
"4845011001";"нужен Wordstat";"Номер чертежа";"/catalog/zapasnye-chasti-i-komplektuyushchie/zapchasti-dlya-drobilok/drobilki-shchekovye/smd-110a/val-ekstsentrikovyy-smd-110a-4845011001/";""
"4845011001 СМД-110А";"нужен Wordstat";"Номер чертежа";"/catalog/zapasnye-chasti-i-komplektuyushchie/zapchasti-dlya-drobilok/drobilki-shchekovye/smd-110a/val-ekstsentrikovyy-smd-110a-4845011001/";""
"484501100100";"нужен Wordstat";"Номер чертежа";"/catalog/zapasnye-chasti-i-komplektuyushchie/zapchasti-dlya-drobilok/drobilki-shchekovye/smd-110a/val-ekstsentrikovyy-smd-110a-4845011001/";"альтернативное обозначение"
"4845011002";"нужен Wordstat";"Номер чертежа";"/catalog/zapasnye-chasti-i-komplektuyushchie/zapchasti-dlya-drobilok/drobilki-shchekovye/smd-110a/vtulka-4845011002/";""
"4845011002 СМД-110А";"нужен Wordstat";"Номер чертежа";"/catalog/zapasnye-chasti-i-komplektuyushchie/zapchasti-dlya-drobilok/drobilki-shchekovye/smd-110a/vtulka-4845011002/";""
"484501100200";"нужен Wordstat";"Номер чертежа";"/catalog/zapasnye-chasti-i-komplektuyushchie/zapchasti-dlya-drobilok/drobilki-shchekovye/smd-110a/vtulka-4845011002/";"альтернативное обозначение"
"4845011009-10";"нужен Wordstat";"Номер чертежа";"/catalog/zapasnye-chasti-i-komplektuyushchie/zapchasti-dlya-drobilok/drobilki-shchekovye/smd-110a/koltso-4845011009-10/";""
"4845011009-10 СМД-110А";"нужен Wordstat";"Номер чертежа";"/catalog/zapasnye-chasti-i-komplektuyushchie/zapchasti-dlya-drobilok/drobilki-shchekovye/smd-110a/koltso-4845011009-10/";""
"4845011011-10";"нужен Wordstat";"Номер чертежа";"/catalog/zapasnye-chasti-i-komplektuyushchie/zapchasti-dlya-drobilok/drobilki-shchekovye/smd-110a/koltso-4845011011-10/";""
"4845011011-10 СМД-110А";"нужен Wordstat";"Номер чертежа";"/catalog/zapasnye-chasti-i-komplektuyushchie/zapchasti-dlya-drobilok/drobilki-shchekovye/smd-110a/koltso-4845011011-10/";""
"4845011016";"нужен Wordstat";"Номер чертежа";"/catalog/zapasnye-chasti-i-komplektuyushchie/zapchasti-dlya-drobilok/drobilki-shchekovye/smd-110a/plita-drobyashchaya-podvizhnaya-4845011016/";""
"4845011016 СМД-110А";"нужен Wordstat";"Номер чертежа";"/catalog/zapasnye-chasti-i-komplektuyushchie/zapchasti-dlya-drobilok/drobilki-shchekovye/smd-110a/plita-drobyashchaya-podvizhnaya-4845011016/";""
"484501101600";"нужен Wordstat";"Номер чертежа";"/catalog/zapasnye-chasti-i-komplektuyushchie/zapchasti-dlya-drobilok/drobilki-shchekovye/smd-110a/plita-drobyashchaya-podvizhnaya-4845011016/";"альтернативное обозначение"
"4856001013";"нужен Wordstat";"Номер чертежа";"/catalog/zapasnye-chasti-i-komplektuyushchie/zapchasti-dlya-drobilok/drobilki-konusnye/smd-120a-ksd-900/futerovka-4856001013-smd-120a-ksd-900/";""
"4856001013 СМД-120А (КСД-900)";"нужен Wordstat";"Номер чертежа";"/catalog/zapasnye-chasti-i-komplektuyushchie/zapchasti-dlya-drobilok/drobilki-konusnye/smd-120a-ksd-900/futerovka-4856001013-smd-120a-ksd-900/";""
"4856001018";"нужен Wordstat";"Номер чертежа";"/catalog/zapasnye-chasti-i-komplektuyushchie/zapchasti-dlya-drobilok/drobilki-konusnye/smd-120a-ksd-900/pruzhina-4856001018-smd-120a-ksd-900/";""
"4856001018 СМД-120А (КСД-900)";"нужен Wordstat";"Номер чертежа";"/catalog/zapasnye-chasti-i-komplektuyushchie/zapchasti-dlya-drobilok/drobilki-konusnye/smd-120a-ksd-900/pruzhina-4856001018-smd-120a-ksd-900/";""
"4856001028";"нужен Wordstat";"Номер чертежа";"/catalog/zapasnye-chasti-i-komplektuyushchie/zapchasti-dlya-drobilok/drobilki-konusnye/smd-120a-ksd-900/shponka-4856001028-smd-120a-ksd-900/";""
"4856001028 СМД-120А (КСД-900)";"нужен Wordstat";"Номер чертежа";"/catalog/zapasnye-chasti-i-komplektuyushchie/zapchasti-dlya-drobilok/drobilki-konusnye/smd-120a-ksd-900/shponka-4856001028-smd-120a-ksd-900/";""
"4856001800";"нужен Wordstat";"Номер чертежа";"/catalog/zapasnye-chasti-i-komplektuyushchie/zapchasti-dlya-drobilok/drobilki-konusnye/smd-120a-ksd-900/tarelka-pruzhiny-4856001800-smd-120a-ksd-900/";""
"4856001800 СМД-120А (КСД-900)";"нужен Wordstat";"Номер чертежа";"/catalog/zapasnye-chasti-i-komplektuyushchie/zapchasti-dlya-drobilok/drobilki-konusnye/smd-120a-ksd-900/tarelka-pruzhiny-4856001800-smd-120a-ksd-900/";""
"4856002004";"нужен Wordstat";"Номер чертежа";"/catalog/zapasnye-chasti-i-komplektuyushchie/zapchasti-dlya-drobilok/drobilki-shchekovye/smd-108a/pruzhina-4856002004-sm560-2-0-4a/";""
"4856002004";"нужен Wordstat";"Номер чертежа";"/catalog/zapasnye-chasti-i-komplektuyushchie/zapchasti-dlya-drobilok/drobilki-shchekovye/smd-109a/pruzhina-smd-109a-4856002004-sm560-2-0-4a/";""
"4856002004";"нужен Wordstat";"Номер чертежа";"/catalog/zapasnye-chasti-i-komplektuyushchie/zapchasti-dlya-drobilok/drobilki-shchekovye/smd-110a/pruzhina-smd-110a-4856002004-sm560-2-0-4a/";""
"4856002004 СМД-108А";"нужен Wordstat";"Номер чертежа";"/catalog/zapasnye-chasti-i-komplektuyushchie/zapchasti-dlya-drobilok/drobilki-shchekovye/smd-108a/pruzhina-4856002004-sm560-2-0-4a/";""
"4856002004 СМД-109А";"нужен Wordstat";"Номер чертежа";"/catalog/zapasnye-chasti-i-komplektuyushchie/zapchasti-dlya-drobilok/drobilki-shchekovye/smd-109a/pruzhina-smd-109a-4856002004-sm560-2-0-4a/";""
"4856002004 СМД-110А";"нужен Wordstat";"Номер чертежа";"/catalog/zapasnye-chasti-i-komplektuyushchie/zapchasti-dlya-drobilok/drobilki-shchekovye/smd-110a/pruzhina-smd-110a-4856002004-sm560-2-0-4a/";""
"485600200400";"нужен Wordstat";"Номер чертежа";"/catalog/zapasnye-chasti-i-komplektuyushchie/zapchasti-dlya-drobilok/drobilki-shchekovye/smd-108a/pruzhina-4856002004-sm560-2-0-4a/";"альтернативное обозначение"
"485600200400";"нужен Wordstat";"Номер чертежа";"/catalog/zapasnye-chasti-i-komplektuyushchie/zapchasti-dlya-drobilok/drobilki-shchekovye/smd-109a/pruzhina-smd-109a-4856002004-sm560-2-0-4a/";"альтернативное обозначение"
"485600200400";"нужен Wordstat";"Номер чертежа";"/catalog/zapasnye-chasti-i-komplektuyushchie/zapchasti-dlya-drobilok/drobilki-shchekovye/smd-110a/pruzhina-smd-110a-4856002004-sm560-2-0-4a/";"альтернативное обозначение"
"4856006005";"нужен Wordstat";"Номер чертежа";"/catalog/zapasnye-chasti-i-komplektuyushchie/zapchasti-dlya-drobilok/drobilki-konusnye/smd-120a-ksd-900/shayba-tekstolitovaya-4856006005-ksd-900/";""
"4856006005 СМД-120А (КСД-900)";"нужен Wordstat";"Номер чертежа";"/catalog/zapasnye-chasti-i-komplektuyushchie/zapchasti-dlya-drobilok/drobilki-konusnye/smd-120a-ksd-900/shayba-tekstolitovaya-4856006005-ksd-900/";""
"4856006013";"нужен Wordstat";"Номер чертежа";"/catalog/zapasnye-chasti-i-komplektuyushchie/zapchasti-dlya-drobilok/drobilki-konusnye/smd-120a-ksd-900/prokladka-4856006013-ksd-900/";""
"4856006013 СМД-120А (КСД-900)";"нужен Wordstat";"Номер чертежа";"/catalog/zapasnye-chasti-i-komplektuyushchie/zapchasti-dlya-drobilok/drobilki-konusnye/smd-120a-ksd-900/prokladka-4856006013-ksd-900/";""
"4856006015";"нужен Wordstat";"Номер чертежа";"/catalog/zapasnye-chasti-i-komplektuyushchie/zapchasti-dlya-drobilok/drobilki-konusnye/smd-120a-ksd-900/plita-podpyatnika-4856006015-ksd-900/";""
"4856006015 СМД-120А (КСД-900)";"нужен Wordstat";"Номер чертежа";"/catalog/zapasnye-chasti-i-komplektuyushchie/zapchasti-dlya-drobilok/drobilki-konusnye/smd-120a-ksd-900/plita-podpyatnika-4856006015-ksd-900/";""
"4856007024";"нужен Wordstat";"Номер чертежа";"/catalog/zapasnye-chasti-i-komplektuyushchie/zapchasti-dlya-drobilok/drobilki-konusnye/smd-120a-ksd-900/shesternya-konicheskaya-4856007024-ksd-900/";""
"4856007024 СМД-120А (КСД-900)";"нужен Wordstat";"Номер чертежа";"/catalog/zapasnye-chasti-i-komplektuyushchie/zapchasti-dlya-drobilok/drobilki-konusnye/smd-120a-ksd-900/shesternya-konicheskaya-4856007024-ksd-900/";""
"ДРО-604";"нужен Wordstat";"Номер чертежа";"/catalog/zapasnye-chasti-i-komplektuyushchie/zapchasti-dlya-pitately/pitatel-plastinchatyy-tk-16a-dro-604/blok-rolikov-1060419000-tk-15a-01-900-tk-16a-dro-604/";"альтернативное обозначение"
"ДРО-604";"нужен Wordstat";"Номер чертежа";"/catalog/zapasnye-chasti-i-komplektuyushchie/zapchasti-dlya-pitately/pitatel-plastinchatyy-tk-16a-dro-604/bunker-1060428000-tk-16a-dro-604/";"альтернативное обозначение"
"ДРО-604";"нужен Wordstat";"Номер чертежа";"/catalog/zapasnye-chasti-i-komplektuyushchie/zapchasti-dlya-pitately/pitatel-plastinchatyy-tk-16a-dro-604/val-vedomyy-1060417000-10-tk15a-01-500-tk-16a-dro-604/";"альтернативное обозначение"
"ДРО-604";"нужен Wordstat";"Номер чертежа";"/catalog/zapasnye-chasti-i-komplektuyushchie/zapchasti-dlya-pitately/pitatel-plastinchatyy-tk-16a-dro-604/val-vedomyy-golyy-1060417002-10-tk15a-01-501-tk-16a-dro-604/";"альтернативное обозначение"
"ДРО-604";"нужен Wordstat";"Номер чертежа";"/catalog/zapasnye-chasti-i-komplektuyushchie/zapchasti-dlya-pitately/pitatel-plastinchatyy-tk-16a-dro-604/val-vedushchiy-1060422000-10-tk15a-01-300-tk-16a-dro-604/";"альтернативное обозначение"
"ДРО-604";"нужен Wordstat";"Номер чертежа";"/catalog/zapasnye-chasti-i-komplektuyushchie/zapchasti-dlya-pitately/pitatel-plastinchatyy-tk-16a-dro-604/val-vedushchiy-golyy-1060422003-10-tk15a-01-301-tk-16a-dro-604/";"альтернативное обозначение"
"ДРО-604";"нужен Wordstat";"Номер чертежа";"/catalog/zapasnye-chasti-i-komplektuyushchie/zapchasti-dlya-pitately/pitatel-plastinchatyy-tk-16a-dro-604/val-privodnoy-1060418000-tk15a-01-400-tk-16a-dro-604/";"альтернативное обозначение"
"ДРО-604";"нужен Wordstat";"Номер чертежа";"/catalog/zapasnye-chasti-i-komplektuyushchie/zapchasti-dlya-pitately/pitatel-plastinchatyy-tk-16a-dro-604/val-privodnoy-golyy-1060418001-tk15a-01-401-tk-16a-dro-604/";"альтернативное обозначение"
"ДРО-604";"нужен Wordstat";"Номер чертежа";"/catalog/zapasnye-chasti-i-komplektuyushchie/zapchasti-dlya-pitately/pitatel-plastinchatyy-tk-16a-dro-604/zvezdochka-vedushchaya-1060422100-tk15a-01-302-tk-16a-dro-604/";"альтернативное обозначение"
"ДРО-604";"нужен Wordstat";"Номер чертежа";"/catalog/zapasnye-chasti-i-komplektuyushchie/zapchasti-dlya-pitately/pitatel-plastinchatyy-tk-16a-dro-604/koleso-natyazhnoe-1060417100-tk15a-01-502-tk-16a-dro-604/";"альтернативное обозначение"
"ДРО-604";"нужен Wordstat";"Номер чертежа";"/catalog/zapasnye-chasti-i-komplektuyushchie/zapchasti-dlya-pitately/pitatel-plastinchatyy-tk-16a-dro-604/korpus-podshipnika-1060422002-tk15a-01-305-tk-16a-dro-604/";"альтернативное обозначение"
"ДРО-604";"нужен Wordstat";"Номер чертежа";"/catalog/zapasnye-chasti-i-komplektuyushchie/zapchasti-dlya-pitately/pitatel-plastinchatyy-tk-16a-dro-604/palets-1060411002-tk15a-01-202-tk-16a-dro-604/";"альтернативное обозначение"
"ДРО-604";"нужен Wordstat";"Номер чертежа";"/catalog/zapasnye-chasti-i-komplektuyushchie/zapchasti-dlya-pitately/pitatel-plastinchatyy-tk-16a-dro-604/plastina-1060411001-tk15a-01-201-tk-16a-dro-604/";"альтернативное обозначение"
"ДРО-604";"нужен Wordstat";"Номер чертежа";"/catalog/zapasnye-chasti-i-komplektuyushchie/zapchasti-dlya-pitately/pitatel-plastinchatyy-tk-16a-dro-604/polotno-plastin-1060411000-tk15a-01-200-tk-16a-dro-604/";"альтернативное обозначение"
"ДРО-604";"нужен Wordstat";"Номер чертежа";"/catalog/zapasnye-chasti-i-komplektuyushchie/zapchasti-dlya-pitately/pitatel-plastinchatyy-tk-16a-dro-604/rolik-opornyy-1060413000-tk15a-01-600-tk-16a-dro-604/";"альтернативное обозначение"
"ДРО-604";"нужен Wordstat";"Номер чертежа";"/catalog/zapasnye-chasti-i-komplektuyushchie/zapchasti-dlya-pitately/pitatel-plastinchatyy-tk-16a-dro-604/shesternya-bolshaya-1060422014-s640-0-1-tk-16a-dro-604/";"альтернативное обозначение"
"ДРО-604";"нужен Wordstat";"Номер чертежа";"/catalog/zapasnye-chasti-i-komplektuyushchie/zapchasti-dlya-pitately/pitatel-plastinchatyy-tk-16a-dro-604/shesternya-malaya-106041005-10-s704-0-5-tk-16a-dro-604/";"альтернативное обозначение"
"КМД-900";"нужен Wordstat";"Номер чертежа";"/catalog/zapasnye-chasti-i-komplektuyushchie/zapchasti-dlya-drobilok/drobilki-konusnye/smd-120a-ksd-900/val-vertikalnyy-golyy-smd-120at-kmd-900-1051003001/";"альтернативное обозначение"
"КМД-900";"нужен Wordstat";"Номер чертежа";"/catalog/zapasnye-chasti-i-komplektuyushchie/zapchasti-dlya-drobilok/drobilki-konusnye/smd-120a-ksd-900/gayka-shlitsevaya-1051003004-smd-120at-kmd-900/";"альтернативное обозначение"
"КМД-900";"нужен Wordstat";"Номер чертежа";"/catalog/zapasnye-chasti-i-komplektuyushchie/zapchasti-dlya-drobilok/drobilki-konusnye/smd-120a-ksd-900/kozhukh-drobyashchiy-1051005002-smd-120at-kmd-900/";"альтернативное обозначение"
"КМД-900";"нужен Wordstat";"Номер чертежа";"/catalog/zapasnye-chasti-i-komplektuyushchie/zapchasti-dlya-drobilok/drobilki-konusnye/smd-120a-ksd-900/konus-drobyashchiy-nepodvizhnyy-sb-1051004000-40-smd-120at-kmd-900/";"альтернативное обозначение"
"КМД-900";"нужен Wordstat";"Номер чертежа";"/catalog/zapasnye-chasti-i-komplektuyushchie/zapchasti-dlya-drobilok/drobilki-konusnye/smd-120a-ksd-900/konus-drobyashchiy-podvizhnyy-sb-1051005000-smd-120at-kmd-900/";"альтернативное обозначение"
"КМД-900";"нужен Wordstat";"Номер чертежа";"/catalog/zapasnye-chasti-i-komplektuyushchie/zapchasti-dlya-drobilok/drobilki-konusnye/smd-120a-ksd-900/konus-nepodvizhnyy-bronya-smd-120at-kmd-900-1051004001/";"альтернативное обозначение"
"КМД-900";"нужен Wordstat";"Номер чертежа";"/catalog/zapasnye-chasti-i-komplektuyushchie/zapchasti-dlya-drobilok/drobilki-konusnye/smd-120a-ksd-900/konus-podvizhnyy-bronya-smd-120at-kmd-900-1051005001/";"альтернативное обозначение"
"КМД-900";"нужен Wordstat";"Номер чертежа";"/catalog/zapasnye-chasti-i-komplektuyushchie/zapchasti-dlya-drobilok/drobilki-konusnye/smd-120a-ksd-900/prokladka-1051003006-smd-120at-kmd-900/";"альтернативное обозначение"
"КМД-900";"нужен Wordstat";"Номер чертежа";"/catalog/zapasnye-chasti-i-komplektuyushchie/zapchasti-dlya-drobilok/drobilki-konusnye/smd-120a-ksd-900/tarelka-raspredelitelnaya-1060103003-smd-120at-kmd-900/";"альтернативное обозначение"
"КСД-600";"нужен Wordstat";"Номер чертежа";"/catalog/zapasnye-chasti-i-komplektuyushchie/zapchasti-dlya-drobilok/drobilki-konusnye/dro-592-ksd-600/bolt-1059201030-dro-592-ksd-600/";"альтернативное обозначение"
"КСД-600";"нужен Wordstat";"Номер чертежа";"/catalog/zapasnye-chasti-i-komplektuyushchie/zapchasti-dlya-drobilok/drobilki-konusnye/dro-592-ksd-600/bolt-m24kh165-1029702105-dro-592-ksd-600/";"альтернативное обозначение"
"КСД-600";"нужен Wordstat";"Номер чертежа";"/catalog/zapasnye-chasti-i-komplektuyushchie/zapchasti-dlya-drobilok/drobilki-konusnye/dro-592-ksd-600/bolt-m30kh180-1029702001-dro-592-ksd-600/";"альтернативное обозначение"
"КСД-600";"нужен Wordstat";"Номер чертежа";"/catalog/zapasnye-chasti-i-komplektuyushchie/zapchasti-dlya-drobilok/drobilki-konusnye/dro-592-ksd-600/bolt-1059201020-dro-592-ksd-600/";"альтернативное обозначение"
"КСД-600";"нужен Wordstat";"Номер чертежа";"/catalog/zapasnye-chasti-i-komplektuyushchie/zapchasti-dlya-drobilok/drobilki-konusnye/dro-592-ksd-600/val-privoda-1056107017-dro-592-ksd-600/";"альтернативное обозначение"
"КСД-600";"нужен Wordstat";"Номер чертежа";"/catalog/zapasnye-chasti-i-komplektuyushchie/zapchasti-dlya-drobilok/drobilki-konusnye/dro-592-ksd-600/vorotnik-protivopylnyy-1029705003-297-5-0-3-dro-592-ksd-600/";"альтернативное обозначение"
"КСД-600";"нужен Wordstat";"Номер чертежа";"/catalog/zapasnye-chasti-i-komplektuyushchie/zapchasti-dlya-drobilok/drobilki-konusnye/dro-592-ksd-600/vtulka-konusnaya-verkhnyaya-1029706002-297-6-0-2-dro-592-ksd-600/";"альтернативное обозначение"
"КСД-600";"нужен Wordstat";"Номер чертежа";"/catalog/zapasnye-chasti-i-komplektuyushchie/zapchasti-dlya-drobilok/drobilki-konusnye/dro-592-ksd-600/vtulka-konusnaya-nizhnyaya-1029706004-297-6-0-4-dro-592-ksd-600/";"альтернативное обозначение"
"КСД-600";"нужен Wordstat";"Номер чертежа";"/catalog/zapasnye-chasti-i-komplektuyushchie/zapchasti-dlya-drobilok/drobilki-konusnye/dro-592-ksd-600/vtulka-konusnaya-tselnaya-1059206002-dro-592-ksd-600/";"альтернативное обозначение"
"КСД-600";"нужен Wordstat";"Номер чертежа";"/catalog/zapasnye-chasti-i-komplektuyushchie/zapchasti-dlya-drobilok/drobilki-konusnye/dro-592-ksd-600/vtulka-tsilindricheskaya-verkhnyaya-1029701002-297-1-0-2-dro-592-ksd-600/";"альтернативное обозначение"
"КСД-600";"нужен Wordstat";"Номер чертежа";"/catalog/zapasnye-chasti-i-komplektuyushchie/zapchasti-dlya-drobilok/drobilki-konusnye/dro-592-ksd-600/vtulka-tsilindricheskaya-nizhnyaya-1029701003-297-1-0-3-dro-592-ksd-600/";"альтернативное обозначение"
"КСД-600";"нужен Wordstat";"Номер чертежа";"/catalog/zapasnye-chasti-i-komplektuyushchie/zapchasti-dlya-drobilok/drobilki-konusnye/dro-592-ksd-600/vtulka-tsilindricheskaya-tselnaya-1059201002-dro-592-ksd-600/";"альтернативное обозначение"
"КСД-600";"нужен Wordstat";"Номер чертежа";"/catalog/zapasnye-chasti-i-komplektuyushchie/zapchasti-dlya-drobilok/drobilki-konusnye/dro-592-ksd-600/golovka-kozhukha-1029704100-dro-592-ksd-600/";"альтернативное обозначение"
"КСД-600";"нужен Wordstat";"Номер чертежа";"/catalog/zapasnye-chasti-i-komplektuyushchie/zapchasti-dlya-drobilok/drobilki-konusnye/dro-592-ksd-600/disk-verkhniy-1029706005-dro-592-ksd-600/";"альтернативное обозначение"
"КСД-600";"нужен Wordstat";"Номер чертежа";"/catalog/zapasnye-chasti-i-komplektuyushchie/zapchasti-dlya-drobilok/drobilki-konusnye/dro-592-ksd-600/karter-privoda-1059207001-dro-592-ksd-600/";"альтернативное обозначение"
"КСД-600";"нужен Wordstat";"Номер чертежа";"/catalog/zapasnye-chasti-i-komplektuyushchie/zapchasti-dlya-drobilok/drobilki-konusnye/dro-592-ksd-600/kozhukh-drobyashchiy-1029704300-dro-592-ksd-600/";"альтернативное обозначение"
"КСД-600";"нужен Wordstat";"Номер чертежа";"/catalog/zapasnye-chasti-i-komplektuyushchie/zapchasti-dlya-drobilok/drobilki-konusnye/dro-592-ksd-600/koleso-zubchatoe-1029706001-dro-592-ksd-600/";"альтернативное обозначение"
"КСД-600";"нужен Wordstat";"Номер чертежа";"/catalog/zapasnye-chasti-i-komplektuyushchie/zapchasti-dlya-drobilok/drobilki-konusnye/dro-592-ksd-600/koltso-1059201010-dro-592-ksd-600/";"альтернативное обозначение"
"КСД-600";"нужен Wordstat";"Номер чертежа";"/catalog/zapasnye-chasti-i-komplektuyushchie/zapchasti-dlya-drobilok/drobilki-konusnye/dro-592-ksd-600/konus-nesushchiy-1059204200-dro-592-ksd-600/";"альтернативное обозначение"
"КСД-600";"нужен Wordstat";"Номер чертежа";"/catalog/zapasnye-chasti-i-komplektuyushchie/zapchasti-dlya-drobilok/drobilki-konusnye/dro-592-ksd-600/kryshka-podpyatnika-1059201005-dro-592-ksd-600/";"альтернативное обозначение"
"КСД-600";"нужен Wordstat";"Номер чертежа";"/catalog/zapasnye-chasti-i-komplektuyushchie/zapchasti-dlya-drobilok/drobilki-konusnye/dro-592-ksd-600/kryshka-privoda-1056107014-dro-592-ksd-600/";"альтернативное обозначение"
"КСД-600";"нужен Wordstat";"Номер чертежа";"/catalog/zapasnye-chasti-i-komplektuyushchie/zapchasti-dlya-drobilok/drobilki-konusnye/dro-592-ksd-600/kryshka-privoda-1059207004-dro-592-ksd-600/";"альтернативное обозначение"
"КСД-600";"нужен Wordstat";"Номер чертежа";"/catalog/zapasnye-chasti-i-komplektuyushchie/zapchasti-dlya-drobilok/drobilki-konusnye/dro-592-ksd-600/mekhanizm-regulirovaniya-shcheli-1059209000-dro-592-ksd-600/";"альтернативное обозначение"
"КСД-600";"нужен Wordstat";"Номер чертежа";"/catalog/zapasnye-chasti-i-komplektuyushchie/zapchasti-dlya-drobilok/drobilki-konusnye/dro-592-ksd-600/osnovanie-podpyatnika-1059205002-dro-592-ksd-600/";"альтернативное обозначение"
"КСД-600";"нужен Wordstat";"Номер чертежа";"/catalog/zapasnye-chasti-i-komplektuyushchie/zapchasti-dlya-drobilok/drobilki-konusnye/dro-592-ksd-600/palets-1056106008-dro-592-ksd-600/";"альтернативное обозначение"
"КСД-600";"нужен Wordstat";"Номер чертежа";"/catalog/zapasnye-chasti-i-komplektuyushchie/zapchasti-dlya-drobilok/drobilki-konusnye/dro-592-ksd-600/palets-1059201004-dro-592-ksd-600/";"альтернативное обозначение"
"КСД-600";"нужен Wordstat";"Номер чертежа";"/catalog/zapasnye-chasti-i-komplektuyushchie/zapchasti-dlya-drobilok/drobilki-konusnye/dro-592-ksd-600/plita-podpyatnika-nizhnyaya-1056106015-dro-592-ksd-600/";"альтернативное обозначение"
"КСД-600";"нужен Wordstat";"Номер чертежа";"/catalog/zapasnye-chasti-i-komplektuyushchie/zapchasti-dlya-drobilok/drobilki-konusnye/dro-592-ksd-600/podpyatnik-sfericheskiy-bez-burta-1056105008-sm561-5-0-8-dro-592-ksd-600/";"альтернативное обозначение"
"КСД-600";"нужен Wordstat";"Номер чертежа";"/catalog/zapasnye-chasti-i-komplektuyushchie/zapchasti-dlya-drobilok/drobilki-konusnye/dro-592-ksd-600/podpyatnik-sfericheskiy-s-burtom-1059205001-dro-592-ksd-600/";"альтернативное обозначение"
"КСД-600";"нужен Wordstat";"Номер чертежа";"/catalog/zapasnye-chasti-i-komplektuyushchie/zapchasti-dlya-drobilok/drobilki-konusnye/dro-592-ksd-600/privod-sb-1059207000-dro-592-ksd-600/";"альтернативное обозначение"
"КСД-600";"нужен Wordstat";"Номер чертежа";"/catalog/zapasnye-chasti-i-komplektuyushchie/zapchasti-dlya-drobilok/drobilki-konusnye/dro-592-ksd-600/pruzhina-1056101004-dro-592-ksd-600/";"альтернативное обозначение"
"КСД-600";"нужен Wordstat";"Номер чертежа";"/catalog/zapasnye-chasti-i-komplektuyushchie/zapchasti-dlya-drobilok/drobilki-konusnye/dro-592-ksd-600/stanina-1059201001-dro-592-ksd-600/";"альтернативное обозначение"
"КСД-600";"нужен Wordstat";"Номер чертежа";"/catalog/zapasnye-chasti-i-komplektuyushchie/zapchasti-dlya-drobilok/drobilki-konusnye/dro-592-ksd-600/stopor-1056101021-dro-592-ksd-600/";"альтернативное обозначение"
"КСД-600";"нужен Wordstat";"Номер чертежа";"/catalog/zapasnye-chasti-i-komplektuyushchie/zapchasti-dlya-drobilok/drobilki-konusnye/dro-592-ksd-600/stopor-4844205005-dro-592-ksd-600/";"альтернативное обозначение"
"КСД-600";"нужен Wordstat";"Номер чертежа";"/catalog/zapasnye-chasti-i-komplektuyushchie/zapchasti-dlya-drobilok/drobilki-konusnye/dro-592-ksd-600/tarelka-pruzhiny-1056101040-dro-592-ksd-600/";"альтернативное обозначение"
"КСД-600";"нужен Wordstat";"Номер чертежа";"/catalog/zapasnye-chasti-i-komplektuyushchie/zapchasti-dlya-drobilok/drobilki-konusnye/dro-592-ksd-600/futerovka-1029701007-dro-592-ksd-600/";"альтернативное обозначение"
"КСД-600";"нужен Wordstat";"Номер чертежа";"/catalog/zapasnye-chasti-i-komplektuyushchie/zapchasti-dlya-drobilok/drobilki-konusnye/dro-592-ksd-600/futerovka-1056107016-dro-592-ksd-600/";"альтернативное обозначение"
"КСД-600";"нужен Wordstat";"Номер чертежа";"/catalog/zapasnye-chasti-i-komplektuyushchie/zapchasti-dlya-drobilok/drobilki-konusnye/dro-592-ksd-600/shayba-tekstolitovaya-1056106005-dro-592-ksd-600/";"альтернативное обозначение"
"КСД-600";"нужен Wordstat";"Номер чертежа";"/catalog/zapasnye-chasti-i-komplektuyushchie/zapchasti-dlya-drobilok/drobilki-konusnye/dro-592-ksd-600/shesternya-konicheskaya-1056107003-297-7-0-3-dro-592-ksd-600/";"альтернативное обозначение"
"КСД-600";"нужен Wordstat";"Номер чертежа";"/catalog/zapasnye-chasti-i-komplektuyushchie/zapchasti-dlya-drobilok/drobilki-konusnye/dro-592-ksd-600/shkiv-privoda-1029707004-dro-592-ksd-600/";"альтернативное обозначение"
"КСД-600";"нужен Wordstat";"Номер чертежа";"/catalog/zapasnye-chasti-i-komplektuyushchie/zapchasti-dlya-drobilok/drobilki-konusnye/dro-592-ksd-600/shkiv-elektrodvigatelya-1048800006-10-dro-592-ksd-600/";"альтернативное обозначение"
"КСД-600";"нужен Wordstat";"Номер чертежа";"/catalog/zapasnye-chasti-i-komplektuyushchie/zapchasti-dlya-drobilok/drobilki-konusnye/dro-592-ksd-600/shpilka-1029701011-dro-592-ksd-600/";"альтернативное обозначение"
"КСД-600";"нужен Wordstat";"Номер чертежа";"/catalog/zapasnye-chasti-i-komplektuyushchie/zapchasti-dlya-drobilok/drobilki-konusnye/dro-592-ksd-600/shponka-1029706009-dro-592-ksd-600/";"альтернативное обозначение"
"КСД-600";"нужен Wordstat";"Номер чертежа";"/catalog/zapasnye-chasti-i-komplektuyushchie/zapchasti-dlya-drobilok/drobilki-konusnye/dro-592-ksd-600/shponka-1059201003-dro-592-ksd-600/";"альтернативное обозначение"
"КСД-600";"нужен Wordstat";"Номер чертежа";"/catalog/zapasnye-chasti-i-komplektuyushchie/zapchasti-dlya-drobilok/drobilki-konusnye/dro-592-ksd-600/shponka-privoda-1059207005-dro-592-ksd-600/";"альтернативное обозначение"
"КСД-900";"нужен Wordstat";"Номер чертежа";"/catalog/zapasnye-chasti-i-komplektuyushchie/zapchasti-dlya-drobilok/drobilki-konusnye/smd-120a-ksd-900/val-vertikalnyy-golyy-smd-120a-ksd-900-4844203001/";"альтернативное обозначение"
"КСД-900";"нужен Wordstat";"Номер чертежа";"/catalog/zapasnye-chasti-i-komplektuyushchie/zapchasti-dlya-drobilok/drobilki-konusnye/smd-120a-ksd-900/vtulka-tsilindricheskaya-tselnaya-4844201002-smd-120a-ksd-900/";"альтернативное обозначение"
"КСД-900";"нужен Wordstat";"Номер чертежа";"/catalog/zapasnye-chasti-i-komplektuyushchie/zapchasti-dlya-drobilok/drobilki-konusnye/smd-120a-ksd-900/gayka-4844203004-smd-120a-ksd-900/";"альтернативное обозначение"
"КСД-900";"нужен Wordstat";"Номер чертежа";"/catalog/zapasnye-chasti-i-komplektuyushchie/zapchasti-dlya-drobilok/drobilki-konusnye/smd-120a-ksd-900/kozhukh-drobyashchiy-4844203003-smd-120a-ksd-900/";"альтернативное обозначение"
"КСД-900";"нужен Wordstat";"Номер чертежа";"/catalog/zapasnye-chasti-i-komplektuyushchie/zapchasti-dlya-drobilok/drobilki-konusnye/smd-120a-ksd-900/koltso-rezbovoe-4844201007-smd-120a-ksd-900/";"альтернативное обозначение"
"КСД-900";"нужен Wordstat";"Номер чертежа";"/catalog/zapasnye-chasti-i-komplektuyushchie/zapchasti-dlya-drobilok/drobilki-konusnye/smd-120a-ksd-900/konus-drobyashchiy-nepodvizhnyy-sb-1051002000-20-smd-120a-ksd-900/";"альтернативное обозначение"
"КСД-900";"нужен Wordstat";"Номер чертежа";"/catalog/zapasnye-chasti-i-komplektuyushchie/zapchasti-dlya-drobilok/drobilki-konusnye/smd-120a-ksd-900/konus-drobyashchiy-podvizhnyy-sb-4844203000-smd-120a-ksd-900/";"альтернативное обозначение"
"КСД-900";"нужен Wordstat";"Номер чертежа";"/catalog/zapasnye-chasti-i-komplektuyushchie/zapchasti-dlya-drobilok/drobilki-konusnye/smd-120a-ksd-900/konus-nepodvizhnyy-bronya-smd-120a-ksd-900-1051002003/";"альтернативное обозначение"
"КСД-900";"нужен Wordstat";"Номер чертежа";"/catalog/zapasnye-chasti-i-komplektuyushchie/zapchasti-dlya-drobilok/drobilki-konusnye/smd-120a-ksd-900/konus-podvizhnyy-bronya-smd-120a-ksd-900-4844203002/";"альтернативное обозначение"
"КСД-900";"нужен Wordstat";"Номер чертежа";"/catalog/zapasnye-chasti-i-komplektuyushchie/zapchasti-dlya-drobilok/drobilki-konusnye/smd-120a-ksd-900/kryshka-podpyatnika-4844201008-smd-120a-ksd-900/";"альтернативное обозначение"
"КСД-900";"нужен Wordstat";"Номер чертежа";"/catalog/zapasnye-chasti-i-komplektuyushchie/zapchasti-dlya-drobilok/drobilki-konusnye/smd-120a-ksd-900/pruzhina-4856001018-smd-120a-ksd-900/";"альтернативное обозначение"
"КСД-900";"нужен Wordstat";"Номер чертежа";"/catalog/zapasnye-chasti-i-komplektuyushchie/zapchasti-dlya-drobilok/drobilki-konusnye/smd-120a-ksd-900/sektor-klinovoy-4844203005-smd-120a-ksd-900/";"альтернативное обозначение"
"КСД-900";"нужен Wordstat";"Номер чертежа";"/catalog/zapasnye-chasti-i-komplektuyushchie/zapchasti-dlya-drobilok/drobilki-konusnye/smd-120a-ksd-900/skoba-smd-120a-ksd-900-1051002004/";"альтернативное обозначение"
"КСД-900";"нужен Wordstat";"Номер чертежа";"/catalog/zapasnye-chasti-i-komplektuyushchie/zapchasti-dlya-drobilok/drobilki-konusnye/smd-120a-ksd-900/stakan-4844203007-smd-120a-ksd-900/";"альтернативное обозначение"
"КСД-900";"нужен Wordstat";"Номер чертежа";"/catalog/zapasnye-chasti-i-komplektuyushchie/zapchasti-dlya-drobilok/drobilki-konusnye/smd-120a-ksd-900/stanina-4844201001-smd-120a-ksd-900/";"альтернативное обозначение"
"КСД-900";"нужен Wordstat";"Номер чертежа";"/catalog/zapasnye-chasti-i-komplektuyushchie/zapchasti-dlya-drobilok/drobilki-konusnye/smd-120a-ksd-900/stopor-4844201005-smd-120a-ksd-900/";"альтернативное обозначение"
"КСД-900";"нужен Wordstat";"Номер чертежа";"/catalog/zapasnye-chasti-i-komplektuyushchie/zapchasti-dlya-drobilok/drobilki-konusnye/smd-120a-ksd-900/tarelka-pruzhiny-4856001800-smd-120a-ksd-900/";"альтернативное обозначение"
"КСД-900";"нужен Wordstat";"Номер чертежа";"/catalog/zapasnye-chasti-i-komplektuyushchie/zapchasti-dlya-drobilok/drobilki-konusnye/smd-120a-ksd-900/tarelka-raspredelitelnaya-4844203008-smd-120a-ksd-900/";"альтернативное обозначение"
"КСД-900";"нужен Wordstat";"Номер чертежа";"/catalog/zapasnye-chasti-i-komplektuyushchie/zapchasti-dlya-drobilok/drobilki-konusnye/smd-120a-ksd-900/futerovka-4856001013-smd-120a-ksd-900/";"альтернативное обозначение"
"КСД-900";"нужен Wordstat";"Номер чертежа";"/catalog/zapasnye-chasti-i-komplektuyushchie/zapchasti-dlya-drobilok/drobilki-konusnye/smd-120a-ksd-900/shponka-4844201003-smd-120a-ksd-900/";"альтернативное обозначение"
"КСД-900";"нужен Wordstat";"Номер чертежа";"/catalog/zapasnye-chasti-i-komplektuyushchie/zapchasti-dlya-drobilok/drobilki-konusnye/smd-120a-ksd-900/shponka-4856001028-smd-120a-ksd-900/";"альтернативное обозначение"
"маслостанция КСД-600";"нужен Wordstat";"Номер чертежа";"/catalog/zapasnye-chasti-i-komplektuyushchie/zapchasti-dlya-drobilok/drobilki-konusnye/dro-592-ksd-600/stantsiya-smazki-1059208000-maslostantsiya-ksd-600/";"альтернативное обозначение"
"С640-0-1";"нужен Wordstat";"Номер чертежа";"/catalog/zapasnye-chasti-i-komplektuyushchie/zapchasti-dlya-pitately/pitatel-plastinchatyy-tk-16a-dro-604/shesternya-bolshaya-1060422014-s640-0-1-tk-16a-dro-604/";"альтернативное обозначение"
"С704-0-5";"нужен Wordstat";"Номер чертежа";"/catalog/zapasnye-chasti-i-komplektuyushchie/zapchasti-dlya-pitately/pitatel-plastinchatyy-tk-16a-dro-604/shesternya-malaya-106041005-10-s704-0-5-tk-16a-dro-604/";"альтернативное обозначение"
"СМ560-2-0-4А";"нужен Wordstat";"Номер чертежа";"/catalog/zapasnye-chasti-i-komplektuyushchie/zapchasti-dlya-drobilok/drobilki-shchekovye/smd-108a/pruzhina-4856002004-sm560-2-0-4a/";"альтернативное обозначение"
"СМ560-2-0-4А";"нужен Wordstat";"Номер чертежа";"/catalog/zapasnye-chasti-i-komplektuyushchie/zapchasti-dlya-drobilok/drobilki-shchekovye/smd-109a/pruzhina-smd-109a-4856002004-sm560-2-0-4a/";"альтернативное обозначение"
"СМ560-2-0-4А";"нужен Wordstat";"Номер чертежа";"/catalog/zapasnye-chasti-i-komplektuyushchie/zapchasti-dlya-drobilok/drobilki-shchekovye/smd-110a/pruzhina-smd-110a-4856002004-sm560-2-0-4a/";"альтернативное обозначение"
"СМ561-5-0-8";"нужен Wordstat";"Номер чертежа";"/catalog/zapasnye-chasti-i-komplektuyushchie/zapchasti-dlya-drobilok/drobilki-konusnye/dro-592-ksd-600/podpyatnik-sfericheskiy-bez-burta-1056105008-sm561-5-0-8-dro-592-ksd-600/";"альтернативное обозначение"
"СМД-109А";"нужен Wordstat";"Номер чертежа";"/catalog/zapasnye-chasti-i-komplektuyushchie/zapchasti-dlya-drobilok/drobilki-shchekovye/smd-109a/vtulka-4844902014-smd-109a/";"альтернативное обозначение"
"СМД-109А";"нужен Wordstat";"Номер чертежа";"/catalog/zapasnye-chasti-i-komplektuyushchie/zapchasti-dlya-drobilok/drobilki-shchekovye/smd-109a/podshipnik-3004244-smd-109a/";"альтернативное обозначение"
"СМД-109А";"нужен Wordstat";"Номер чертежа";"/catalog/zapasnye-chasti-i-komplektuyushchie/zapchasti-dlya-drobilok/drobilki-shchekovye/smd-109a/prokladka-1049002007-smd-109a/";"альтернативное обозначение"
"СМД-109А";"нужен Wordstat";"Номер чертежа";"/catalog/zapasnye-chasti-i-komplektuyushchie/zapchasti-dlya-drobilok/drobilki-shchekovye/smd-109a/stopor-4835703008-smd-109a/";"альтернативное обозначение"
"СМД-109А";"нужен Wordstat";"Номер чертежа";"/catalog/zapasnye-chasti-i-komplektuyushchie/zapchasti-dlya-drobilok/drobilki-shchekovye/smd-109a/shkiv-elektrodvigatelya-4844905001-smd-109a/";"альтернативное обозначение"
"СМД-109А";"нужен Wordstat";"Номер чертежа";"/catalog/zapasnye-chasti-i-komplektuyushchie/zapchasti-dlya-drobilok/drobilki-shchekovye/smd-109a/shponka-tangentsialnaya-4825408006-smd-109a/";"альтернативное обозначение"
"СМД-109А";"нужен Wordstat";"Номер чертежа";"/catalog/zapasnye-chasti-i-komplektuyushchie/zapchasti-dlya-drobilok/drobilki-shchekovye/smd-109a/shponka-tangentsialnaya-4836404014-smd-109a/";"альтернативное обозначение"
"СМД-110А";"нужен Wordstat";"Номер чертежа";"/catalog/zapasnye-chasti-i-komplektuyushchie/zapchasti-dlya-drobilok/drobilki-shchekovye/smd-110a/shponka-tangentsialnaya-4836404014-smd-110a/";"альтернативное обозначение"
"ТК-15А. 01.900";"нужен Wordstat";"Номер чертежа";"/catalog/zapasnye-chasti-i-komplektuyushchie/zapchasti-dlya-pitately/pitatel-plastinchatyy-tk-16a-dro-604/blok-rolikov-1060419000-tk-15a-01-900-tk-16a-dro-604/";"альтернативное обозначение"
"ТК15А.01.200";"нужен Wordstat";"Номер чертежа";"/catalog/zapasnye-chasti-i-komplektuyushchie/zapchasti-dlya-pitately/pitatel-plastinchatyy-tk-16a-dro-604/polotno-plastin-1060411000-tk15a-01-200-tk-16a-dro-604/";"альтернативное обозначение"
"ТК15А.01.201";"нужен Wordstat";"Номер чертежа";"/catalog/zapasnye-chasti-i-komplektuyushchie/zapchasti-dlya-pitately/pitatel-plastinchatyy-tk-16a-dro-604/plastina-1060411001-tk15a-01-201-tk-16a-dro-604/";"альтернативное обозначение"
"ТК15А.01.202";"нужен Wordstat";"Номер чертежа";"/catalog/zapasnye-chasti-i-komplektuyushchie/zapchasti-dlya-pitately/pitatel-plastinchatyy-tk-16a-dro-604/palets-1060411002-tk15a-01-202-tk-16a-dro-604/";"альтернативное обозначение"
"ТК15А.01.300";"нужен Wordstat";"Номер чертежа";"/catalog/zapasnye-chasti-i-komplektuyushchie/zapchasti-dlya-pitately/pitatel-plastinchatyy-tk-16a-dro-604/val-vedushchiy-1060422000-10-tk15a-01-300-tk-16a-dro-604/";"альтернативное обозначение"
"ТК15А.01.301";"нужен Wordstat";"Номер чертежа";"/catalog/zapasnye-chasti-i-komplektuyushchie/zapchasti-dlya-pitately/pitatel-plastinchatyy-tk-16a-dro-604/val-vedushchiy-golyy-1060422003-10-tk15a-01-301-tk-16a-dro-604/";"альтернативное обозначение"
"ТК15А.01.302";"нужен Wordstat";"Номер чертежа";"/catalog/zapasnye-chasti-i-komplektuyushchie/zapchasti-dlya-pitately/pitatel-plastinchatyy-tk-16a-dro-604/zvezdochka-vedushchaya-1060422100-tk15a-01-302-tk-16a-dro-604/";"альтернативное обозначение"
"ТК15А.01.305";"нужен Wordstat";"Номер чертежа";"/catalog/zapasnye-chasti-i-komplektuyushchie/zapchasti-dlya-pitately/pitatel-plastinchatyy-tk-16a-dro-604/korpus-podshipnika-1060422002-tk15a-01-305-tk-16a-dro-604/";"альтернативное обозначение"
"ТК15А.01.400";"нужен Wordstat";"Номер чертежа";"/catalog/zapasnye-chasti-i-komplektuyushchie/zapchasti-dlya-pitately/pitatel-plastinchatyy-tk-16a-dro-604/val-privodnoy-1060418000-tk15a-01-400-tk-16a-dro-604/";"альтернативное обозначение"
"ТК15А.01.401";"нужен Wordstat";"Номер чертежа";"/catalog/zapasnye-chasti-i-komplektuyushchie/zapchasti-dlya-pitately/pitatel-plastinchatyy-tk-16a-dro-604/val-privodnoy-golyy-1060418001-tk15a-01-401-tk-16a-dro-604/";"альтернативное обозначение"
"ТК15А.01.500";"нужен Wordstat";"Номер чертежа";"/catalog/zapasnye-chasti-i-komplektuyushchie/zapchasti-dlya-pitately/pitatel-plastinchatyy-tk-16a-dro-604/val-vedomyy-1060417000-10-tk15a-01-500-tk-16a-dro-604/";"альтернативное обозначение"
"ТК15А.01.501";"нужен Wordstat";"Номер чертежа";"/catalog/zapasnye-chasti-i-komplektuyushchie/zapchasti-dlya-pitately/pitatel-plastinchatyy-tk-16a-dro-604/val-vedomyy-golyy-1060417002-10-tk15a-01-501-tk-16a-dro-604/";"альтернативное обозначение"
"ТК15А.01.502";"нужен Wordstat";"Номер чертежа";"/catalog/zapasnye-chasti-i-komplektuyushchie/zapchasti-dlya-pitately/pitatel-plastinchatyy-tk-16a-dro-604/koleso-natyazhnoe-1060417100-tk15a-01-502-tk-16a-dro-604/";"альтернативное обозначение"
"ТК15А.01.600";"нужен Wordstat";"Номер чертежа";"/catalog/zapasnye-chasti-i-komplektuyushchie/zapchasti-dlya-pitately/pitatel-plastinchatyy-tk-16a-dro-604/rolik-opornyy-1060413000-tk15a-01-600-tk-16a-dro-604/";"альтернативное обозначение"
"бронеболт купить";"нужен Wordstat";"Общий коммерческий";"/";""
"завод дробильно-сортировочного оборудования";"нужен Wordstat";"Общий коммерческий";"/";""
"запчасти для грохотов";"нужен Wordstat";"Общий коммерческий";"/";""
"запчасти для дробилок челябинск";"нужен Wordstat";"Общий коммерческий";"/";""
"запчасти для питателей";"нужен Wordstat";"Общий коммерческий";"/";""
"запчасти дробильного оборудования";"нужен Wordstat";"Общий коммерческий";"/";""
"компаунд fillbond 17";"нужен Wordstat";"Общий коммерческий";"/";""
"ролики конвейерные купить";"нужен Wordstat";"Общий коммерческий";"/";""
"футеровочный болт м30";"нужен Wordstat";"Общий коммерческий";"/";""
"грохота";"нужен Wordstat";"Раздел каталога";"/catalog/drobilno-sortirovochnoe-oborudovanie/grokhota/";""
"грохота купить";"нужен Wordstat";"Раздел каталога";"/catalog/drobilno-sortirovochnoe-oborudovanie/grokhota/";""
"дро-592 (ксд-600)";"нужен Wordstat";"Раздел каталога";"/catalog/zapasnye-chasti-i-komplektuyushchie/zapchasti-dlya-drobilok/drobilki-konusnye/dro-592-ksd-600/";""
"дро-592 (ксд-600) купить";"нужен Wordstat";"Раздел каталога";"/catalog/zapasnye-chasti-i-komplektuyushchie/zapchasti-dlya-drobilok/drobilki-konusnye/dro-592-ksd-600/";""
"дробилки";"нужен Wordstat";"Раздел каталога";"/catalog/drobilno-sortirovochnoe-oborudovanie/drobilki/";""
"дробилки конусные";"нужен Wordstat";"Раздел каталога";"/catalog/zapasnye-chasti-i-komplektuyushchie/zapchasti-dlya-drobilok/drobilki-konusnye/";""
"дробилки конусные купить";"нужен Wordstat";"Раздел каталога";"/catalog/zapasnye-chasti-i-komplektuyushchie/zapchasti-dlya-drobilok/drobilki-konusnye/";""
"дробилки купить";"нужен Wordstat";"Раздел каталога";"/catalog/drobilno-sortirovochnoe-oborudovanie/drobilki/";""
"дробилки щековые";"нужен Wordstat";"Раздел каталога";"/catalog/zapasnye-chasti-i-komplektuyushchie/zapchasti-dlya-drobilok/drobilki-shchekovye/";""
"дробилки щековые купить";"нужен Wordstat";"Раздел каталога";"/catalog/zapasnye-chasti-i-komplektuyushchie/zapchasti-dlya-drobilok/drobilki-shchekovye/";""
"дробильно-сортировочное оборудование";"нужен Wordstat";"Раздел каталога";"/catalog/drobilno-sortirovochnoe-oborudovanie/";""
"дробильно-сортировочное оборудование купить";"нужен Wordstat";"Раздел каталога";"/catalog/drobilno-sortirovochnoe-oborudovanie/";""
"запасные части и комплектующие";"нужен Wordstat";"Раздел каталога";"/catalog/zapasnye-chasti-i-komplektuyushchie/";""
"запасные части и комплектующие купить";"нужен Wordstat";"Раздел каталога";"/catalog/zapasnye-chasti-i-komplektuyushchie/";""
"запчасти для абз";"нужен Wordstat";"Раздел каталога";"/catalog/zapasnye-chasti-i-komplektuyushchie/zapchasti-dlya-abz/";""
"запчасти для абз купить";"нужен Wordstat";"Раздел каталога";"/catalog/zapasnye-chasti-i-komplektuyushchie/zapchasti-dlya-abz/";""
"запчасти для грохотов";"нужен Wordstat";"Раздел каталога";"/catalog/zapasnye-chasti-i-komplektuyushchie/zapchasti-dlya-grokhotov/";""
"запчасти для грохотов купить";"нужен Wordstat";"Раздел каталога";"/catalog/zapasnye-chasti-i-komplektuyushchie/zapchasti-dlya-grokhotov/";""
"запчасти для дробилок";"нужен Wordstat";"Раздел каталога";"/catalog/zapasnye-chasti-i-komplektuyushchie/zapchasti-dlya-drobilok/";""
"запчасти для дробилок купить";"нужен Wordstat";"Раздел каталога";"/catalog/zapasnye-chasti-i-komplektuyushchie/zapchasti-dlya-drobilok/";""
"запчасти для дс-158 и дс-185";"нужен Wordstat";"Раздел каталога";"/catalog/zapasnye-chasti-i-komplektuyushchie/zapchasti-dlya-abz/zapchasti-dlya-ds-158-ds-185/";""
"запчасти для дс-158 и дс-185 купить";"нужен Wordstat";"Раздел каталога";"/catalog/zapasnye-chasti-i-komplektuyushchie/zapchasti-dlya-abz/zapchasti-dlya-ds-158-ds-185/";""
"запчасти для конвейеров";"нужен Wordstat";"Раздел каталога";"/catalog/zapasnye-chasti-i-komplektuyushchie/zapchasti-dlya-konveyerov/";""
"запчасти для конвейеров купить";"нужен Wordstat";"Раздел каталога";"/catalog/zapasnye-chasti-i-komplektuyushchie/zapchasti-dlya-konveyerov/";""
"запчасти для питателей";"нужен Wordstat";"Раздел каталога";"/catalog/zapasnye-chasti-i-komplektuyushchie/zapchasti-dlya-pitately/";""
"запчасти для питателей купить";"нужен Wordstat";"Раздел каталога";"/catalog/zapasnye-chasti-i-komplektuyushchie/zapchasti-dlya-pitately/";""
"компаунд эпоксидный двухкомпонентный fillbond 17";"нужен Wordstat";"Раздел каталога";"/catalog/kompaund-epoksidnyy-dvukhkomponentnyy-fillbond-17/";""
"компаунд эпоксидный двухкомпонентный fillbond 17 купить";"нужен Wordstat";"Раздел каталога";"/catalog/kompaund-epoksidnyy-dvukhkomponentnyy-fillbond-17/";""
"конвейеры";"нужен Wordstat";"Раздел каталога";"/catalog/drobilno-sortirovochnoe-oborudovanie/konveyera/";""
"конвейеры купить";"нужен Wordstat";"Раздел каталога";"/catalog/drobilno-sortirovochnoe-oborudovanie/konveyera/";""
"конусные дробилки";"нужен Wordstat";"Раздел каталога";"/catalog/drobilno-sortirovochnoe-oborudovanie/drobilki/konusnye-drobilki/";""
"конусные дробилки купить";"нужен Wordstat";"Раздел каталога";"/catalog/drobilno-sortirovochnoe-oborudovanie/drobilki/konusnye-drobilki/";""
"ксд-1200 и кмд-1200";"нужен Wordstat";"Раздел каталога";"/catalog/zapasnye-chasti-i-komplektuyushchie/zapchasti-dlya-drobilok/drobilki-konusnye/ksd-1200-i-kmd-1200/";""
"ксд-1200 и кмд-1200 купить";"нужен Wordstat";"Раздел каталога";"/catalog/zapasnye-chasti-i-komplektuyushchie/zapchasti-dlya-drobilok/drobilki-konusnye/ksd-1200-i-kmd-1200/";""
"питатели";"нужен Wordstat";"Раздел каталога";"/catalog/drobilno-sortirovochnoe-oborudovanie/pitateli/";""
"питатели купить";"нужен Wordstat";"Раздел каталога";"/catalog/drobilno-sortirovochnoe-oborudovanie/pitateli/";""
"питатель пластинчатый п-804 (104920-10)";"нужен Wordstat";"Раздел каталога";"/catalog/zapasnye-chasti-i-komplektuyushchie/zapchasti-dlya-pitately/pitatel-plastinchatyy-p-804-104920-10/";""
"питатель пластинчатый п-804 (104920-10) купить";"нужен Wordstat";"Раздел каталога";"/catalog/zapasnye-chasti-i-komplektuyushchie/zapchasti-dlya-pitately/pitatel-plastinchatyy-p-804-104920-10/";""
"питатель пластинчатый тк-16а (дро-604)";"нужен Wordstat";"Раздел каталога";"/catalog/zapasnye-chasti-i-komplektuyushchie/zapchasti-dlya-pitately/pitatel-plastinchatyy-tk-16a-dro-604/";""
"питатель пластинчатый тк-16а (дро-604) купить";"нужен Wordstat";"Раздел каталога";"/catalog/zapasnye-chasti-i-komplektuyushchie/zapchasti-dlya-pitately/pitatel-plastinchatyy-tk-16a-dro-604/";""
"роторные дробилки";"нужен Wordstat";"Раздел каталога";"/catalog/drobilno-sortirovochnoe-oborudovanie/drobilki/rotornye-drobilki/";""
"роторные дробилки купить";"нужен Wordstat";"Раздел каталога";"/catalog/drobilno-sortirovochnoe-oborudovanie/drobilki/rotornye-drobilki/";""
"сетка рифлёная (канилированная) для грохотов из российской стали";"нужен Wordstat";"Раздел каталога";"/catalog/zapasnye-chasti-i-komplektuyushchie/zapchasti-dlya-grokhotov/setka-riflenaya-dlya-grokhotov/setka-riflenaya-dlya-grokhotov-iz-rossiyskoy-stali/";""
"сетка рифлёная (канилированная) для грохотов из российской стали купить";"нужен Wordstat";"Раздел каталога";"/catalog/zapasnye-chasti-i-komplektuyushchie/zapchasti-dlya-grokhotov/setka-riflenaya-dlya-grokhotov/setka-riflenaya-dlya-grokhotov-iz-rossiyskoy-stali/";""
"сетка рифлёная для грохотов";"нужен Wordstat";"Раздел каталога";"/catalog/zapasnye-chasti-i-komplektuyushchie/zapchasti-dlya-grokhotov/setka-riflenaya-dlya-grokhotov/";""
"сетка рифлёная для грохотов из немецкой пружинной стали";"нужен Wordstat";"Раздел каталога";"/catalog/zapasnye-chasti-i-komplektuyushchie/zapchasti-dlya-grokhotov/setka-riflenaya-dlya-grokhotov/setka-riflenaya-dlya-grokhotov-iz-nemetskoy-pruzhinnoy-stali/";""
"сетка рифлёная для грохотов из немецкой пружинной стали купить";"нужен Wordstat";"Раздел каталога";"/catalog/zapasnye-chasti-i-komplektuyushchie/zapchasti-dlya-grokhotov/setka-riflenaya-dlya-grokhotov/setka-riflenaya-dlya-grokhotov-iz-nemetskoy-pruzhinnoy-stali/";""
"сетка рифлёная для грохотов купить";"нужен Wordstat";"Раздел каталога";"/catalog/zapasnye-chasti-i-komplektuyushchie/zapchasti-dlya-grokhotov/setka-riflenaya-dlya-grokhotov/";""
"смд-108а";"нужен Wordstat";"Раздел каталога";"/catalog/zapasnye-chasti-i-komplektuyushchie/zapchasti-dlya-drobilok/drobilki-shchekovye/smd-108a/";""
"смд-108а купить";"нужен Wordstat";"Раздел каталога";"/catalog/zapasnye-chasti-i-komplektuyushchie/zapchasti-dlya-drobilok/drobilki-shchekovye/smd-108a/";""
"смд-109а";"нужен Wordstat";"Раздел каталога";"/catalog/zapasnye-chasti-i-komplektuyushchie/zapchasti-dlya-drobilok/drobilki-shchekovye/smd-109a/";""
"смд-109а купить";"нужен Wordstat";"Раздел каталога";"/catalog/zapasnye-chasti-i-komplektuyushchie/zapchasti-dlya-drobilok/drobilki-shchekovye/smd-109a/";""
"смд-110а";"нужен Wordstat";"Раздел каталога";"/catalog/zapasnye-chasti-i-komplektuyushchie/zapchasti-dlya-drobilok/drobilki-shchekovye/smd-110a/";""
"смд-110а купить";"нужен Wordstat";"Раздел каталога";"/catalog/zapasnye-chasti-i-komplektuyushchie/zapchasti-dlya-drobilok/drobilki-shchekovye/smd-110a/";""
"смд-120а (ксд-900)";"нужен Wordstat";"Раздел каталога";"/catalog/zapasnye-chasti-i-komplektuyushchie/zapchasti-dlya-drobilok/drobilki-konusnye/smd-120a-ksd-900/";""
"смд-120а (ксд-900) купить";"нужен Wordstat";"Раздел каталога";"/catalog/zapasnye-chasti-i-komplektuyushchie/zapchasti-dlya-drobilok/drobilki-konusnye/smd-120a-ksd-900/";""
"футеровочные болты (бронеболты)";"нужен Wordstat";"Раздел каталога";"/catalog/futerovochnye-bolty-bronebolty/";""
"футеровочные болты (бронеболты) купить";"нужен Wordstat";"Раздел каталога";"/catalog/futerovochnye-bolty-bronebolty/";""
"футеровочный болт (бронеболт) с квадратной головкой";"нужен Wordstat";"Раздел каталога";"/catalog/futerovochnye-bolty-bronebolty/futerovochnyy-bolt-bronebolt-s-kvadratnoy-golovkoy/";""
"футеровочный болт (бронеболт) с квадратной головкой купить";"нужен Wordstat";"Раздел каталога";"/catalog/futerovochnye-bolty-bronebolty/futerovochnyy-bolt-bronebolt-s-kvadratnoy-golovkoy/";""
"футеровочный болт (бронеболт) с овальной головкой";"нужен Wordstat";"Раздел каталога";"/catalog/futerovochnye-bolty-bronebolty/futerovochnyy-bolt-bronebolt-s-ovalnoy-golovkoy/";""
"футеровочный болт (бронеболт) с овальной головкой купить";"нужен Wordstat";"Раздел каталога";"/catalog/futerovochnye-bolty-bronebolty/futerovochnyy-bolt-bronebolt-s-ovalnoy-golovkoy/";""
"щековые дробилки";"нужен Wordstat";"Раздел каталога";"/catalog/drobilno-sortirovochnoe-oborudovanie/drobilki/shchekovye-drobilki/";""
"щековые дробилки купить";"нужен Wordstat";"Раздел каталога";"/catalog/drobilno-sortirovochnoe-oborudovanie/drobilki/shchekovye-drobilki/";""
"блок роликов тк-16а";"нужен Wordstat";"Тип детали";"/catalog/zapasnye-chasti-i-komplektuyushchie/zapchasti-dlya-pitately/pitatel-plastinchatyy-tk-16a-dro-604/";""
"блок роликов тк-16а купить";"нужен Wordstat";"Тип детали";"/catalog/zapasnye-chasti-i-komplektuyushchie/zapchasti-dlya-pitately/pitatel-plastinchatyy-tk-16a-dro-604/";""
"болт крепления подвижной плиты смд-108а";"нужен Wordstat";"Тип детали";"/catalog/zapasnye-chasti-i-komplektuyushchie/zapchasti-dlya-drobilok/drobilki-shchekovye/smd-108a/";""
"болт крепления подвижной плиты смд-108а купить";"нужен Wordstat";"Тип детали";"/catalog/zapasnye-chasti-i-komplektuyushchie/zapchasti-dlya-drobilok/drobilki-shchekovye/smd-108a/";""
"болт крепления подвижной плиты смд-109а";"нужен Wordstat";"Тип детали";"/catalog/zapasnye-chasti-i-komplektuyushchie/zapchasti-dlya-drobilok/drobilki-shchekovye/smd-109a/";""
"болт крепления подвижной плиты смд-109а купить";"нужен Wordstat";"Тип детали";"/catalog/zapasnye-chasti-i-komplektuyushchie/zapchasti-dlya-drobilok/drobilki-shchekovye/smd-109a/";""
"болт крепления подвижной плиты смд-110а";"нужен Wordstat";"Тип детали";"/catalog/zapasnye-chasti-i-komplektuyushchie/zapchasti-dlya-drobilok/drobilki-shchekovye/smd-110a/";""
"болт крепления подвижной плиты смд-110а купить";"нужен Wordstat";"Тип детали";"/catalog/zapasnye-chasti-i-komplektuyushchie/zapchasti-dlya-drobilok/drobilki-shchekovye/smd-110a/";""
"болт м24х165 дро-592";"нужен Wordstat";"Тип детали";"/catalog/zapasnye-chasti-i-komplektuyushchie/zapchasti-dlya-drobilok/drobilki-konusnye/dro-592-ksd-600/";""
"болт м24х165 дро-592 купить";"нужен Wordstat";"Тип детали";"/catalog/zapasnye-chasti-i-komplektuyushchie/zapchasti-dlya-drobilok/drobilki-konusnye/dro-592-ksd-600/";""
"болт м30х180 дро-592";"нужен Wordstat";"Тип детали";"/catalog/zapasnye-chasti-i-komplektuyushchie/zapchasti-dlya-drobilok/drobilki-konusnye/dro-592-ksd-600/";""
"болт м30х180 дро-592 купить";"нужен Wordstat";"Тип детали";"/catalog/zapasnye-chasti-i-komplektuyushchie/zapchasti-dlya-drobilok/drobilki-konusnye/dro-592-ksd-600/";""
"болт м36х520 дро-592";"нужен Wordstat";"Тип детали";"/catalog/zapasnye-chasti-i-komplektuyushchie/zapchasti-dlya-drobilok/drobilki-konusnye/dro-592-ksd-600/";""
"болт м36х520 дро-592 купить";"нужен Wordstat";"Тип детали";"/catalog/zapasnye-chasti-i-komplektuyushchie/zapchasti-dlya-drobilok/drobilki-konusnye/dro-592-ksd-600/";""
"болт рычага смд-110а";"нужен Wordstat";"Тип детали";"/catalog/zapasnye-chasti-i-komplektuyushchie/zapchasti-dlya-drobilok/drobilki-shchekovye/smd-110a/";""
"болт рычага смд-110а купить";"нужен Wordstat";"Тип детали";"/catalog/zapasnye-chasti-i-komplektuyushchie/zapchasti-dlya-drobilok/drobilki-shchekovye/smd-110a/";""
"болт специальный смд-108а";"нужен Wordstat";"Тип детали";"/catalog/zapasnye-chasti-i-komplektuyushchie/zapchasti-dlya-drobilok/drobilki-shchekovye/smd-108a/";""
"болт специальный смд-108а купить";"нужен Wordstat";"Тип детали";"/catalog/zapasnye-chasti-i-komplektuyushchie/zapchasti-dlya-drobilok/drobilki-shchekovye/smd-108a/";""
"болт специальный смд-109а смд-109а";"нужен Wordstat";"Тип детали";"/catalog/zapasnye-chasti-i-komplektuyushchie/zapchasti-dlya-drobilok/drobilki-shchekovye/smd-109a/";""
"болт специальный смд-109а смд-109а купить";"нужен Wordstat";"Тип детали";"/catalog/zapasnye-chasti-i-komplektuyushchie/zapchasti-dlya-drobilok/drobilki-shchekovye/smd-109a/";""
"болт специальный смд-110а";"нужен Wordstat";"Тип детали";"/catalog/zapasnye-chasti-i-komplektuyushchie/zapchasti-dlya-drobilok/drobilki-shchekovye/smd-110a/";""
"болт специальный смд-110а купить";"нужен Wordstat";"Тип детали";"/catalog/zapasnye-chasti-i-komplektuyushchie/zapchasti-dlya-drobilok/drobilki-shchekovye/smd-110a/";""
"бронелист дс-158 дс-158 / дс-185";"нужен Wordstat";"Тип детали";"/catalog/zapasnye-chasti-i-komplektuyushchie/zapchasti-dlya-abz/zapchasti-dlya-ds-158-ds-185/";""
"бронелист дс-158 дс-158 / дс-185 купить";"нужен Wordstat";"Тип детали";"/catalog/zapasnye-chasti-i-komplektuyushchie/zapchasti-dlya-abz/zapchasti-dlya-ds-158-ds-185/";""
"бронелист дс-185 дс-158 / дс-185";"нужен Wordstat";"Тип детали";"/catalog/zapasnye-chasti-i-komplektuyushchie/zapchasti-dlya-abz/zapchasti-dlya-ds-158-ds-185/";""
"бронелист дс-185 дс-158 / дс-185 купить";"нужен Wordstat";"Тип детали";"/catalog/zapasnye-chasti-i-komplektuyushchie/zapchasti-dlya-abz/zapchasti-dlya-ds-158-ds-185/";""
"броня конуса неподвижная ксд-1200 и кмд-1200";"нужен Wordstat";"Тип детали";"/catalog/zapasnye-chasti-i-komplektuyushchie/zapchasti-dlya-drobilok/drobilki-konusnye/ksd-1200-i-kmd-1200/";""
"броня конуса неподвижная ксд-1200 и кмд-1200 купить";"нужен Wordstat";"Тип детали";"/catalog/zapasnye-chasti-i-komplektuyushchie/zapchasti-dlya-drobilok/drobilki-konusnye/ksd-1200-i-kmd-1200/";""
"броня конуса подвижная ксд-1200 и кмд-1200";"нужен Wordstat";"Тип детали";"/catalog/zapasnye-chasti-i-komplektuyushchie/zapchasti-dlya-drobilok/drobilki-konusnye/ksd-1200-i-kmd-1200/";""
"броня конуса подвижная ксд-1200 и кмд-1200 купить";"нужен Wordstat";"Тип детали";"/catalog/zapasnye-chasti-i-komplektuyushchie/zapchasti-dlya-drobilok/drobilki-konusnye/ksd-1200-i-kmd-1200/";""
"броня привода ксд-1200 и кмд-1200";"нужен Wordstat";"Тип детали";"/catalog/zapasnye-chasti-i-komplektuyushchie/zapchasti-dlya-drobilok/drobilki-konusnye/ksd-1200-i-kmd-1200/";""
"броня привода ксд-1200 и кмд-1200 купить";"нужен Wordstat";"Тип детали";"/catalog/zapasnye-chasti-i-komplektuyushchie/zapchasti-dlya-drobilok/drobilki-konusnye/ksd-1200-i-kmd-1200/";""
"броня ребра ксд-1200 и кмд-1200";"нужен Wordstat";"Тип детали";"/catalog/zapasnye-chasti-i-komplektuyushchie/zapchasti-dlya-drobilok/drobilki-konusnye/ksd-1200-i-kmd-1200/";""
"броня ребра ксд-1200 и кмд-1200 купить";"нужен Wordstat";"Тип детали";"/catalog/zapasnye-chasti-i-komplektuyushchie/zapchasti-dlya-drobilok/drobilki-konusnye/ksd-1200-i-kmd-1200/";""
"бункер неподвижного конуса ксд-900 смд-120а";"нужен Wordstat";"Тип детали";"/catalog/zapasnye-chasti-i-komplektuyushchie/zapchasti-dlya-drobilok/drobilki-konusnye/smd-120a-ksd-900/";""
"бункер неподвижного конуса ксд-900 смд-120а купить";"нужен Wordstat";"Тип детали";"/catalog/zapasnye-chasti-i-komplektuyushchie/zapchasti-dlya-drobilok/drobilki-konusnye/smd-120a-ksd-900/";""
"бункер тк-16а";"нужен Wordstat";"Тип детали";"/catalog/zapasnye-chasti-i-komplektuyushchie/zapchasti-dlya-pitately/pitatel-plastinchatyy-tk-16a-dro-604/";""
"бункер тк-16а купить";"нужен Wordstat";"Тип детали";"/catalog/zapasnye-chasti-i-komplektuyushchie/zapchasti-dlya-pitately/pitatel-plastinchatyy-tk-16a-dro-604/";""
"вал ведомый голый тк-16а";"нужен Wordstat";"Тип детали";"/catalog/zapasnye-chasti-i-komplektuyushchie/zapchasti-dlya-pitately/pitatel-plastinchatyy-tk-16a-dro-604/";""
"вал ведомый голый тк-16а купить";"нужен Wordstat";"Тип детали";"/catalog/zapasnye-chasti-i-komplektuyushchie/zapchasti-dlya-pitately/pitatel-plastinchatyy-tk-16a-dro-604/";""
"вал ведомый тк-16а";"нужен Wordstat";"Тип детали";"/catalog/zapasnye-chasti-i-komplektuyushchie/zapchasti-dlya-pitately/pitatel-plastinchatyy-tk-16a-dro-604/";""
"вал ведомый тк-16а купить";"нужен Wordstat";"Тип детали";"/catalog/zapasnye-chasti-i-komplektuyushchie/zapchasti-dlya-pitately/pitatel-plastinchatyy-tk-16a-dro-604/";""
"вал ведущий голый тк-16а";"нужен Wordstat";"Тип детали";"/catalog/zapasnye-chasti-i-komplektuyushchie/zapchasti-dlya-pitately/pitatel-plastinchatyy-tk-16a-dro-604/";""
"вал ведущий голый тк-16а купить";"нужен Wordstat";"Тип детали";"/catalog/zapasnye-chasti-i-komplektuyushchie/zapchasti-dlya-pitately/pitatel-plastinchatyy-tk-16a-dro-604/";""
"вал ведущий тк-16а";"нужен Wordstat";"Тип детали";"/catalog/zapasnye-chasti-i-komplektuyushchie/zapchasti-dlya-pitately/pitatel-plastinchatyy-tk-16a-dro-604/";""
"вал ведущий тк-16а купить";"нужен Wordstat";"Тип детали";"/catalog/zapasnye-chasti-i-komplektuyushchie/zapchasti-dlya-pitately/pitatel-plastinchatyy-tk-16a-dro-604/";""
"вал вертикальный голый ксд-1200 и кмд-1200";"нужен Wordstat";"Тип детали";"/catalog/zapasnye-chasti-i-komplektuyushchie/zapchasti-dlya-drobilok/drobilki-konusnye/ksd-1200-i-kmd-1200/";""
"вал вертикальный голый ксд-1200 и кмд-1200 купить";"нужен Wordstat";"Тип детали";"/catalog/zapasnye-chasti-i-komplektuyushchie/zapchasti-dlya-drobilok/drobilki-konusnye/ksd-1200-i-kmd-1200/";""
"вал вертикальный голый ксд-600 дро-592";"нужен Wordstat";"Тип детали";"/catalog/zapasnye-chasti-i-komplektuyushchie/zapchasti-dlya-drobilok/drobilki-konusnye/dro-592-ksd-600/";""
"вал вертикальный голый ксд-600 дро-592 купить";"нужен Wordstat";"Тип детали";"/catalog/zapasnye-chasti-i-komplektuyushchie/zapchasti-dlya-drobilok/drobilki-konusnye/dro-592-ksd-600/";""
"вал вертикальный голый смд-120а смд-120а";"нужен Wordstat";"Тип детали";"/catalog/zapasnye-chasti-i-komplektuyushchie/zapchasti-dlya-drobilok/drobilki-konusnye/smd-120a-ksd-900/";""
"вал вертикальный голый смд-120а смд-120а купить";"нужен Wordstat";"Тип детали";"/catalog/zapasnye-chasti-i-komplektuyushchie/zapchasti-dlya-drobilok/drobilki-konusnye/smd-120a-ksd-900/";""
"вал вертикальный голый смд-120ат смд-120а";"нужен Wordstat";"Тип детали";"/catalog/zapasnye-chasti-i-komplektuyushchie/zapchasti-dlya-drobilok/drobilki-konusnye/smd-120a-ksd-900/";""
"вал вертикальный голый смд-120ат смд-120а купить";"нужен Wordstat";"Тип детали";"/catalog/zapasnye-chasti-i-komplektuyushchie/zapchasti-dlya-drobilok/drobilki-konusnye/smd-120a-ksd-900/";""
"вал горизонтальный смд-120а";"нужен Wordstat";"Тип детали";"/catalog/zapasnye-chasti-i-komplektuyushchie/zapchasti-dlya-drobilok/drobilki-konusnye/smd-120a-ksd-900/";""
"вал горизонтальный смд-120а купить";"нужен Wordstat";"Тип детали";"/catalog/zapasnye-chasti-i-komplektuyushchie/zapchasti-dlya-drobilok/drobilki-konusnye/smd-120a-ksd-900/";""
"вал привода голый ксд-1200 и кмд-1200";"нужен Wordstat";"Тип детали";"/catalog/zapasnye-chasti-i-komplektuyushchie/zapchasti-dlya-drobilok/drobilki-konusnye/ksd-1200-i-kmd-1200/";""
"вал привода голый ксд-1200 и кмд-1200 купить";"нужен Wordstat";"Тип детали";"/catalog/zapasnye-chasti-i-komplektuyushchie/zapchasti-dlya-drobilok/drobilki-konusnye/ksd-1200-i-kmd-1200/";""
"вал привода дро-592";"нужен Wordstat";"Тип детали";"/catalog/zapasnye-chasti-i-komplektuyushchie/zapchasti-dlya-drobilok/drobilki-konusnye/dro-592-ksd-600/";""
"вал привода дро-592 купить";"нужен Wordstat";"Тип детали";"/catalog/zapasnye-chasti-i-komplektuyushchie/zapchasti-dlya-drobilok/drobilki-konusnye/dro-592-ksd-600/";""
"вал приводной голый тк-16а";"нужен Wordstat";"Тип детали";"/catalog/zapasnye-chasti-i-komplektuyushchie/zapchasti-dlya-pitately/pitatel-plastinchatyy-tk-16a-dro-604/";""
"вал приводной голый тк-16а купить";"нужен Wordstat";"Тип детали";"/catalog/zapasnye-chasti-i-komplektuyushchie/zapchasti-dlya-pitately/pitatel-plastinchatyy-tk-16a-dro-604/";""
"вал приводной сб ксд-1200 и кмд-1200";"нужен Wordstat";"Тип детали";"/catalog/zapasnye-chasti-i-komplektuyushchie/zapchasti-dlya-drobilok/drobilki-konusnye/ksd-1200-i-kmd-1200/";""
"вал приводной сб ксд-1200 и кмд-1200 купить";"нужен Wordstat";"Тип детали";"/catalog/zapasnye-chasti-i-komplektuyushchie/zapchasti-dlya-drobilok/drobilki-konusnye/ksd-1200-i-kmd-1200/";""
"вал приводной тк-16а";"нужен Wordstat";"Тип детали";"/catalog/zapasnye-chasti-i-komplektuyushchie/zapchasti-dlya-pitately/pitatel-plastinchatyy-tk-16a-dro-604/";""
"вал приводной тк-16а купить";"нужен Wordstat";"Тип детали";"/catalog/zapasnye-chasti-i-komplektuyushchie/zapchasti-dlya-pitately/pitatel-plastinchatyy-tk-16a-dro-604/";""
"вал эксцентриковый голый ксд-600 дро-592";"нужен Wordstat";"Тип детали";"/catalog/zapasnye-chasti-i-komplektuyushchie/zapchasti-dlya-drobilok/drobilki-konusnye/dro-592-ksd-600/";""
"вал эксцентриковый голый ксд-600 дро-592 купить";"нужен Wordstat";"Тип детали";"/catalog/zapasnye-chasti-i-komplektuyushchie/zapchasti-dlya-drobilok/drobilki-konusnye/dro-592-ksd-600/";""
"вал эксцентриковый голый ксд-900 смд-120а";"нужен Wordstat";"Тип детали";"/catalog/zapasnye-chasti-i-komplektuyushchie/zapchasti-dlya-drobilok/drobilki-konusnye/smd-120a-ksd-900/";""
"вал эксцентриковый голый ксд-900 смд-120а купить";"нужен Wordstat";"Тип детали";"/catalog/zapasnye-chasti-i-komplektuyushchie/zapchasti-dlya-drobilok/drobilki-konusnye/smd-120a-ksd-900/";""
"вал эксцентриковый ксд-600 сб дро-592";"нужен Wordstat";"Тип детали";"/catalog/zapasnye-chasti-i-komplektuyushchie/zapchasti-dlya-drobilok/drobilki-konusnye/dro-592-ksd-600/";""
"вал эксцентриковый ксд-600 сб дро-592 купить";"нужен Wordstat";"Тип детали";"/catalog/zapasnye-chasti-i-komplektuyushchie/zapchasti-dlya-drobilok/drobilki-konusnye/dro-592-ksd-600/";""
"вал эксцентриковый ксд-900 сб смд-120а";"нужен Wordstat";"Тип детали";"/catalog/zapasnye-chasti-i-komplektuyushchie/zapchasti-dlya-drobilok/drobilki-konusnye/smd-120a-ksd-900/";""
"вал эксцентриковый ксд-900 сб смд-120а купить";"нужен Wordstat";"Тип детали";"/catalog/zapasnye-chasti-i-komplektuyushchie/zapchasti-dlya-drobilok/drobilki-konusnye/smd-120a-ksd-900/";""
"вал эксцентриковый сб ксд-1200 и кмд-1200";"нужен Wordstat";"Тип детали";"/catalog/zapasnye-chasti-i-komplektuyushchie/zapchasti-dlya-drobilok/drobilki-konusnye/ksd-1200-i-kmd-1200/";""
"вал эксцентриковый сб ксд-1200 и кмд-1200 купить";"нужен Wordstat";"Тип детали";"/catalog/zapasnye-chasti-i-komplektuyushchie/zapchasti-dlya-drobilok/drobilki-konusnye/ksd-1200-i-kmd-1200/";""
"вал эксцентриковый смд-108а";"нужен Wordstat";"Тип детали";"/catalog/zapasnye-chasti-i-komplektuyushchie/zapchasti-dlya-drobilok/drobilki-shchekovye/smd-108a/";""
"вал эксцентриковый смд-108а купить";"нужен Wordstat";"Тип детали";"/catalog/zapasnye-chasti-i-komplektuyushchie/zapchasti-dlya-drobilok/drobilki-shchekovye/smd-108a/";""
"вал эксцентриковый смд-109а смд-109а";"нужен Wordstat";"Тип детали";"/catalog/zapasnye-chasti-i-komplektuyushchie/zapchasti-dlya-drobilok/drobilki-shchekovye/smd-109a/";""
"вал эксцентриковый смд-109а смд-109а купить";"нужен Wordstat";"Тип детали";"/catalog/zapasnye-chasti-i-komplektuyushchie/zapchasti-dlya-drobilok/drobilki-shchekovye/smd-109a/";""
"вал эксцентриковый смд-110а смд-110а";"нужен Wordstat";"Тип детали";"/catalog/zapasnye-chasti-i-komplektuyushchie/zapchasti-dlya-drobilok/drobilki-shchekovye/smd-110a/";""
"вал эксцентриковый смд-110а смд-110а купить";"нужен Wordstat";"Тип детали";"/catalog/zapasnye-chasti-i-komplektuyushchie/zapchasti-dlya-drobilok/drobilki-shchekovye/smd-110a/";""
"винт регулировочный смд-108а";"нужен Wordstat";"Тип детали";"/catalog/zapasnye-chasti-i-komplektuyushchie/zapchasti-dlya-drobilok/drobilki-shchekovye/smd-108a/";""
"винт регулировочный смд-108а купить";"нужен Wordstat";"Тип детали";"/catalog/zapasnye-chasti-i-komplektuyushchie/zapchasti-dlya-drobilok/drobilki-shchekovye/smd-108a/";""
"винт регулировочный смд-109а";"нужен Wordstat";"Тип детали";"/catalog/zapasnye-chasti-i-komplektuyushchie/zapchasti-dlya-drobilok/drobilki-shchekovye/smd-109a/";""
"винт регулировочный смд-109а купить";"нужен Wordstat";"Тип детали";"/catalog/zapasnye-chasti-i-komplektuyushchie/zapchasti-dlya-drobilok/drobilki-shchekovye/smd-109a/";""
"винт регулировочный смд-110а";"нужен Wordstat";"Тип детали";"/catalog/zapasnye-chasti-i-komplektuyushchie/zapchasti-dlya-drobilok/drobilki-shchekovye/smd-110a/";""
"винт регулировочный смд-110а купить";"нужен Wordstat";"Тип детали";"/catalog/zapasnye-chasti-i-komplektuyushchie/zapchasti-dlya-drobilok/drobilki-shchekovye/smd-110a/";""
"винтовой механизм сб ксд-900 смд-120а";"нужен Wordstat";"Тип детали";"/catalog/zapasnye-chasti-i-komplektuyushchie/zapchasti-dlya-drobilok/drobilki-konusnye/smd-120a-ksd-900/";""
"винтовой механизм сб ксд-900 смд-120а купить";"нужен Wordstat";"Тип детали";"/catalog/zapasnye-chasti-i-komplektuyushchie/zapchasti-dlya-drobilok/drobilki-konusnye/smd-120a-ksd-900/";""
"воронка дро-592";"нужен Wordstat";"Тип детали";"/catalog/zapasnye-chasti-i-komplektuyushchie/zapchasti-dlya-drobilok/drobilki-konusnye/dro-592-ksd-600/";""
"воронка дро-592 купить";"нужен Wordstat";"Тип детали";"/catalog/zapasnye-chasti-i-komplektuyushchie/zapchasti-dlya-drobilok/drobilki-konusnye/dro-592-ksd-600/";""
"воронка кольца регулирующего ксд-1200 и кмд-1200";"нужен Wordstat";"Тип детали";"/catalog/zapasnye-chasti-i-komplektuyushchie/zapchasti-dlya-drobilok/drobilki-konusnye/ksd-1200-i-kmd-1200/";""
"воронка кольца регулирующего ксд-1200 и кмд-1200 купить";"нужен Wordstat";"Тип детали";"/catalog/zapasnye-chasti-i-komplektuyushchie/zapchasti-dlya-drobilok/drobilki-konusnye/ksd-1200-i-kmd-1200/";""
"воронка приемная ксд-1200 и кмд-1200";"нужен Wordstat";"Тип детали";"/catalog/zapasnye-chasti-i-komplektuyushchie/zapchasti-dlya-drobilok/drobilki-konusnye/ksd-1200-i-kmd-1200/";""
"воронка приемная ксд-1200 и кмд-1200 купить";"нужен Wordstat";"Тип детали";"/catalog/zapasnye-chasti-i-komplektuyushchie/zapchasti-dlya-drobilok/drobilki-konusnye/ksd-1200-i-kmd-1200/";""
"воротник кольца регулирующего ксд-1200 и кмд-1200";"нужен Wordstat";"Тип детали";"/catalog/zapasnye-chasti-i-komplektuyushchie/zapchasti-dlya-drobilok/drobilki-konusnye/ksd-1200-i-kmd-1200/";""
"воротник кольца регулирующего ксд-1200 и кмд-1200 купить";"нужен Wordstat";"Тип детали";"/catalog/zapasnye-chasti-i-komplektuyushchie/zapchasti-dlya-drobilok/drobilki-konusnye/ksd-1200-i-kmd-1200/";""
"воротник ксд-1200 и кмд-1200";"нужен Wordstat";"Тип детали";"/catalog/zapasnye-chasti-i-komplektuyushchie/zapchasti-dlya-drobilok/drobilki-konusnye/ksd-1200-i-kmd-1200/";""
"воротник ксд-1200 и кмд-1200 купить";"нужен Wordstat";"Тип детали";"/catalog/zapasnye-chasti-i-komplektuyushchie/zapchasti-dlya-drobilok/drobilki-konusnye/ksd-1200-i-kmd-1200/";""
"воротник противопыльный дро-592";"нужен Wordstat";"Тип детали";"/catalog/zapasnye-chasti-i-komplektuyushchie/zapchasti-dlya-drobilok/drobilki-konusnye/dro-592-ksd-600/";""
"воротник противопыльный дро-592 купить";"нужен Wordstat";"Тип детали";"/catalog/zapasnye-chasti-i-komplektuyushchie/zapchasti-dlya-drobilok/drobilki-konusnye/dro-592-ksd-600/";""
"воротник противопыльный смд-120а";"нужен Wordstat";"Тип детали";"/catalog/zapasnye-chasti-i-komplektuyushchie/zapchasti-dlya-drobilok/drobilki-konusnye/smd-120a-ksd-900/";""
"воротник противопыльный смд-120а купить";"нужен Wordstat";"Тип детали";"/catalog/zapasnye-chasti-i-komplektuyushchie/zapchasti-dlya-drobilok/drobilki-konusnye/smd-120a-ksd-900/";""
"втулка конусная верхняя дро-592";"нужен Wordstat";"Тип детали";"/catalog/zapasnye-chasti-i-komplektuyushchie/zapchasti-dlya-drobilok/drobilki-konusnye/dro-592-ksd-600/";""
"втулка конусная верхняя дро-592 купить";"нужен Wordstat";"Тип детали";"/catalog/zapasnye-chasti-i-komplektuyushchie/zapchasti-dlya-drobilok/drobilki-konusnye/dro-592-ksd-600/";""
"втулка конусная верхняя ксд-1200 и кмд-1200";"нужен Wordstat";"Тип детали";"/catalog/zapasnye-chasti-i-komplektuyushchie/zapchasti-dlya-drobilok/drobilki-konusnye/ksd-1200-i-kmd-1200/";""
"втулка конусная верхняя ксд-1200 и кмд-1200 купить";"нужен Wordstat";"Тип детали";"/catalog/zapasnye-chasti-i-komplektuyushchie/zapchasti-dlya-drobilok/drobilki-konusnye/ksd-1200-i-kmd-1200/";""
"втулка конусная верхняя смд-120а";"нужен Wordstat";"Тип детали";"/catalog/zapasnye-chasti-i-komplektuyushchie/zapchasti-dlya-drobilok/drobilki-konusnye/smd-120a-ksd-900/";""
"втулка конусная верхняя смд-120а купить";"нужен Wordstat";"Тип детали";"/catalog/zapasnye-chasti-i-komplektuyushchie/zapchasti-dlya-drobilok/drobilki-konusnye/smd-120a-ksd-900/";""
"втулка конусная нижняя дро-592";"нужен Wordstat";"Тип детали";"/catalog/zapasnye-chasti-i-komplektuyushchie/zapchasti-dlya-drobilok/drobilki-konusnye/dro-592-ksd-600/";""
"втулка конусная нижняя дро-592 купить";"нужен Wordstat";"Тип детали";"/catalog/zapasnye-chasti-i-komplektuyushchie/zapchasti-dlya-drobilok/drobilki-konusnye/dro-592-ksd-600/";""
"втулка конусная нижняя ксд-1200 и кмд-1200";"нужен Wordstat";"Тип детали";"/catalog/zapasnye-chasti-i-komplektuyushchie/zapchasti-dlya-drobilok/drobilki-konusnye/ksd-1200-i-kmd-1200/";""
"втулка конусная нижняя ксд-1200 и кмд-1200 купить";"нужен Wordstat";"Тип детали";"/catalog/zapasnye-chasti-i-komplektuyushchie/zapchasti-dlya-drobilok/drobilki-konusnye/ksd-1200-i-kmd-1200/";""
"втулка конусная нижняя смд-120а";"нужен Wordstat";"Тип детали";"/catalog/zapasnye-chasti-i-komplektuyushchie/zapchasti-dlya-drobilok/drobilki-konusnye/smd-120a-ksd-900/";""
"втулка конусная нижняя смд-120а купить";"нужен Wordstat";"Тип детали";"/catalog/zapasnye-chasti-i-komplektuyushchie/zapchasti-dlya-drobilok/drobilki-konusnye/smd-120a-ksd-900/";""
"втулка конусная цельная дро-592";"нужен Wordstat";"Тип детали";"/catalog/zapasnye-chasti-i-komplektuyushchie/zapchasti-dlya-drobilok/drobilki-konusnye/dro-592-ksd-600/";""
"втулка конусная цельная дро-592 купить";"нужен Wordstat";"Тип детали";"/catalog/zapasnye-chasti-i-komplektuyushchie/zapchasti-dlya-drobilok/drobilki-konusnye/dro-592-ksd-600/";""
"втулка конусная цельная ксд-1200 и кмд-1200";"нужен Wordstat";"Тип детали";"/catalog/zapasnye-chasti-i-komplektuyushchie/zapchasti-dlya-drobilok/drobilki-konusnye/ksd-1200-i-kmd-1200/";""
"втулка конусная цельная ксд-1200 и кмд-1200 купить";"нужен Wordstat";"Тип детали";"/catalog/zapasnye-chasti-i-komplektuyushchie/zapchasti-dlya-drobilok/drobilki-konusnye/ksd-1200-i-kmd-1200/";""
"втулка конусная цельная смд-120а";"нужен Wordstat";"Тип детали";"/catalog/zapasnye-chasti-i-komplektuyushchie/zapchasti-dlya-drobilok/drobilki-konusnye/smd-120a-ksd-900/";""
"втулка конусная цельная смд-120а купить";"нужен Wordstat";"Тип детали";"/catalog/zapasnye-chasti-i-komplektuyushchie/zapchasti-dlya-drobilok/drobilki-konusnye/smd-120a-ksd-900/";""
"втулка предохранительная ксд-1200 и кмд-1200";"нужен Wordstat";"Тип детали";"/catalog/zapasnye-chasti-i-komplektuyushchie/zapchasti-dlya-drobilok/drobilki-konusnye/ksd-1200-i-kmd-1200/";""
"втулка предохранительная ксд-1200 и кмд-1200 купить";"нужен Wordstat";"Тип детали";"/catalog/zapasnye-chasti-i-komplektuyushchie/zapchasti-dlya-drobilok/drobilki-konusnye/ksd-1200-i-kmd-1200/";""
"втулка привода ксд-1200 и кмд-1200";"нужен Wordstat";"Тип детали";"/catalog/zapasnye-chasti-i-komplektuyushchie/zapchasti-dlya-drobilok/drobilki-konusnye/ksd-1200-i-kmd-1200/";""
"втулка привода ксд-1200 и кмд-1200 купить";"нужен Wordstat";"Тип детали";"/catalog/zapasnye-chasti-i-komplektuyushchie/zapchasti-dlya-drobilok/drobilki-konusnye/ksd-1200-i-kmd-1200/";""
"втулка привода смд-120а";"нужен Wordstat";"Тип детали";"/catalog/zapasnye-chasti-i-komplektuyushchie/zapchasti-dlya-drobilok/drobilki-konusnye/smd-120a-ksd-900/";""
"втулка привода смд-120а купить";"нужен Wordstat";"Тип детали";"/catalog/zapasnye-chasti-i-komplektuyushchie/zapchasti-dlya-drobilok/drobilki-konusnye/smd-120a-ksd-900/";""
"втулка промежуточная ксд-1200 и кмд-1200";"нужен Wordstat";"Тип детали";"/catalog/zapasnye-chasti-i-komplektuyushchie/zapchasti-dlya-drobilok/drobilki-konusnye/ksd-1200-i-kmd-1200/";""
"втулка промежуточная ксд-1200 и кмд-1200 купить";"нужен Wordstat";"Тип детали";"/catalog/zapasnye-chasti-i-komplektuyushchie/zapchasti-dlya-drobilok/drobilki-konusnye/ksd-1200-i-kmd-1200/";""
"втулка смд-108а";"нужен Wordstat";"Тип детали";"/catalog/zapasnye-chasti-i-komplektuyushchie/zapchasti-dlya-drobilok/drobilki-shchekovye/smd-108a/";""
"втулка смд-108а купить";"нужен Wordstat";"Тип детали";"/catalog/zapasnye-chasti-i-komplektuyushchie/zapchasti-dlya-drobilok/drobilki-shchekovye/smd-108a/";""
"втулка смд-109а";"нужен Wordstat";"Тип детали";"/catalog/zapasnye-chasti-i-komplektuyushchie/zapchasti-dlya-drobilok/drobilki-shchekovye/smd-109a/";""
"втулка смд-109а купить";"нужен Wordstat";"Тип детали";"/catalog/zapasnye-chasti-i-komplektuyushchie/zapchasti-dlya-drobilok/drobilki-shchekovye/smd-109a/";""
"втулка смд-109а смд-109а";"нужен Wordstat";"Тип детали";"/catalog/zapasnye-chasti-i-komplektuyushchie/zapchasti-dlya-drobilok/drobilki-shchekovye/smd-109a/";""
"втулка смд-109а смд-109а купить";"нужен Wordstat";"Тип детали";"/catalog/zapasnye-chasti-i-komplektuyushchie/zapchasti-dlya-drobilok/drobilki-shchekovye/smd-109a/";""
"втулка смд-110а";"нужен Wordstat";"Тип детали";"/catalog/zapasnye-chasti-i-komplektuyushchie/zapchasti-dlya-drobilok/drobilki-shchekovye/smd-110a/";""
"втулка смд-110а купить";"нужен Wordstat";"Тип детали";"/catalog/zapasnye-chasti-i-komplektuyushchie/zapchasti-dlya-drobilok/drobilki-shchekovye/smd-110a/";""
"втулка цилиндрическая верхняя дро-592";"нужен Wordstat";"Тип детали";"/catalog/zapasnye-chasti-i-komplektuyushchie/zapchasti-dlya-drobilok/drobilki-konusnye/dro-592-ksd-600/";""
"втулка цилиндрическая верхняя дро-592 купить";"нужен Wordstat";"Тип детали";"/catalog/zapasnye-chasti-i-komplektuyushchie/zapchasti-dlya-drobilok/drobilki-konusnye/dro-592-ksd-600/";""
"втулка цилиндрическая верхняя ксд-1200 и кмд-1200";"нужен Wordstat";"Тип детали";"/catalog/zapasnye-chasti-i-komplektuyushchie/zapchasti-dlya-drobilok/drobilki-konusnye/ksd-1200-i-kmd-1200/";""
"втулка цилиндрическая верхняя ксд-1200 и кмд-1200 купить";"нужен Wordstat";"Тип детали";"/catalog/zapasnye-chasti-i-komplektuyushchie/zapchasti-dlya-drobilok/drobilki-konusnye/ksd-1200-i-kmd-1200/";""
"втулка цилиндрическая верхняя смд-120а";"нужен Wordstat";"Тип детали";"/catalog/zapasnye-chasti-i-komplektuyushchie/zapchasti-dlya-drobilok/drobilki-konusnye/smd-120a-ksd-900/";""
"втулка цилиндрическая верхняя смд-120а купить";"нужен Wordstat";"Тип детали";"/catalog/zapasnye-chasti-i-komplektuyushchie/zapchasti-dlya-drobilok/drobilki-konusnye/smd-120a-ksd-900/";""
"втулка цилиндрическая нижняя дро-592";"нужен Wordstat";"Тип детали";"/catalog/zapasnye-chasti-i-komplektuyushchie/zapchasti-dlya-drobilok/drobilki-konusnye/dro-592-ksd-600/";""
"втулка цилиндрическая нижняя дро-592 купить";"нужен Wordstat";"Тип детали";"/catalog/zapasnye-chasti-i-komplektuyushchie/zapchasti-dlya-drobilok/drobilki-konusnye/dro-592-ksd-600/";""
"втулка цилиндрическая нижняя ксд-1200 и кмд-1200";"нужен Wordstat";"Тип детали";"/catalog/zapasnye-chasti-i-komplektuyushchie/zapchasti-dlya-drobilok/drobilki-konusnye/ksd-1200-i-kmd-1200/";""
"втулка цилиндрическая нижняя ксд-1200 и кмд-1200 купить";"нужен Wordstat";"Тип детали";"/catalog/zapasnye-chasti-i-komplektuyushchie/zapchasti-dlya-drobilok/drobilki-konusnye/ksd-1200-i-kmd-1200/";""
"втулка цилиндрическая нижняя смд-120а";"нужен Wordstat";"Тип детали";"/catalog/zapasnye-chasti-i-komplektuyushchie/zapchasti-dlya-drobilok/drobilki-konusnye/smd-120a-ksd-900/";""
"втулка цилиндрическая нижняя смд-120а купить";"нужен Wordstat";"Тип детали";"/catalog/zapasnye-chasti-i-komplektuyushchie/zapchasti-dlya-drobilok/drobilki-konusnye/smd-120a-ksd-900/";""
"втулка цилиндрическая цельная дро-592";"нужен Wordstat";"Тип детали";"/catalog/zapasnye-chasti-i-komplektuyushchie/zapchasti-dlya-drobilok/drobilki-konusnye/dro-592-ksd-600/";""
"втулка цилиндрическая цельная дро-592 купить";"нужен Wordstat";"Тип детали";"/catalog/zapasnye-chasti-i-komplektuyushchie/zapchasti-dlya-drobilok/drobilki-konusnye/dro-592-ksd-600/";""
"втулка цилиндрическая цельная смд-120а";"нужен Wordstat";"Тип детали";"/catalog/zapasnye-chasti-i-komplektuyushchie/zapchasti-dlya-drobilok/drobilki-konusnye/smd-120a-ksd-900/";""
"втулка цилиндрическая цельная смд-120а купить";"нужен Wordstat";"Тип детали";"/catalog/zapasnye-chasti-i-komplektuyushchie/zapchasti-dlya-drobilok/drobilki-konusnye/smd-120a-ksd-900/";""
"гайка дро-592";"нужен Wordstat";"Тип детали";"/catalog/zapasnye-chasti-i-komplektuyushchie/zapchasti-dlya-drobilok/drobilki-konusnye/dro-592-ksd-600/";""
"гайка дро-592 купить";"нужен Wordstat";"Тип детали";"/catalog/zapasnye-chasti-i-komplektuyushchie/zapchasti-dlya-drobilok/drobilki-konusnye/dro-592-ksd-600/";""
"гайка левая смд-108а";"нужен Wordstat";"Тип детали";"/catalog/zapasnye-chasti-i-komplektuyushchie/zapchasti-dlya-drobilok/drobilki-shchekovye/smd-108a/";""
"гайка левая смд-108а купить";"нужен Wordstat";"Тип детали";"/catalog/zapasnye-chasti-i-komplektuyushchie/zapchasti-dlya-drobilok/drobilki-shchekovye/smd-108a/";""
"гайка левая смд-109а";"нужен Wordstat";"Тип детали";"/catalog/zapasnye-chasti-i-komplektuyushchie/zapchasti-dlya-drobilok/drobilki-shchekovye/smd-109a/";""
"гайка левая смд-109а купить";"нужен Wordstat";"Тип детали";"/catalog/zapasnye-chasti-i-komplektuyushchie/zapchasti-dlya-drobilok/drobilki-shchekovye/smd-109a/";""
"гайка левая смд-110а";"нужен Wordstat";"Тип детали";"/catalog/zapasnye-chasti-i-komplektuyushchie/zapchasti-dlya-drobilok/drobilki-shchekovye/smd-110a/";""
"гайка левая смд-110а купить";"нужен Wordstat";"Тип детали";"/catalog/zapasnye-chasti-i-komplektuyushchie/zapchasti-dlya-drobilok/drobilki-shchekovye/smd-110a/";""
"гайка м180х3-6н гост смд-108а";"нужен Wordstat";"Тип детали";"/catalog/zapasnye-chasti-i-komplektuyushchie/zapchasti-dlya-drobilok/drobilki-shchekovye/smd-108a/";""
"гайка м180х3-6н гост смд-108а купить";"нужен Wordstat";"Тип детали";"/catalog/zapasnye-chasti-i-komplektuyushchie/zapchasti-dlya-drobilok/drobilki-shchekovye/smd-108a/";""
"гайка правая смд-108а";"нужен Wordstat";"Тип детали";"/catalog/zapasnye-chasti-i-komplektuyushchie/zapchasti-dlya-drobilok/drobilki-shchekovye/smd-108a/";""
"гайка правая смд-108а купить";"нужен Wordstat";"Тип детали";"/catalog/zapasnye-chasti-i-komplektuyushchie/zapchasti-dlya-drobilok/drobilki-shchekovye/smd-108a/";""
"гайка правая смд-109а";"нужен Wordstat";"Тип детали";"/catalog/zapasnye-chasti-i-komplektuyushchie/zapchasti-dlya-drobilok/drobilki-shchekovye/smd-109a/";""
"гайка правая смд-109а купить";"нужен Wordstat";"Тип детали";"/catalog/zapasnye-chasti-i-komplektuyushchie/zapchasti-dlya-drobilok/drobilki-shchekovye/smd-109a/";""
"гайка правая смд-110а";"нужен Wordstat";"Тип детали";"/catalog/zapasnye-chasti-i-komplektuyushchie/zapchasti-dlya-drobilok/drobilki-shchekovye/smd-110a/";""
"гайка правая смд-110а купить";"нужен Wordstat";"Тип детали";"/catalog/zapasnye-chasti-i-komplektuyushchie/zapchasti-dlya-drobilok/drobilki-shchekovye/smd-110a/";""
"гайка смд-108а";"нужен Wordstat";"Тип детали";"/catalog/zapasnye-chasti-i-komplektuyushchie/zapchasti-dlya-drobilok/drobilki-shchekovye/smd-108a/";""
"гайка смд-108а купить";"нужен Wordstat";"Тип детали";"/catalog/zapasnye-chasti-i-komplektuyushchie/zapchasti-dlya-drobilok/drobilki-shchekovye/smd-108a/";""
"гайка смд-109а";"нужен Wordstat";"Тип детали";"/catalog/zapasnye-chasti-i-komplektuyushchie/zapchasti-dlya-drobilok/drobilki-shchekovye/smd-109a/";""
"гайка смд-109а купить";"нужен Wordstat";"Тип детали";"/catalog/zapasnye-chasti-i-komplektuyushchie/zapchasti-dlya-drobilok/drobilki-shchekovye/smd-109a/";""
"гайка смд-109а смд-109а";"нужен Wordstat";"Тип детали";"/catalog/zapasnye-chasti-i-komplektuyushchie/zapchasti-dlya-drobilok/drobilki-shchekovye/smd-109a/";""
"гайка смд-109а смд-109а купить";"нужен Wordstat";"Тип детали";"/catalog/zapasnye-chasti-i-komplektuyushchie/zapchasti-dlya-drobilok/drobilki-shchekovye/smd-109a/";""
"гайка смд-110а смд-110а";"нужен Wordstat";"Тип детали";"/catalog/zapasnye-chasti-i-komplektuyushchie/zapchasti-dlya-drobilok/drobilki-shchekovye/smd-110a/";""
"гайка смд-110а смд-110а купить";"нужен Wordstat";"Тип детали";"/catalog/zapasnye-chasti-i-komplektuyushchie/zapchasti-dlya-drobilok/drobilki-shchekovye/smd-110a/";""
"гайка смд-120а";"нужен Wordstat";"Тип детали";"/catalog/zapasnye-chasti-i-komplektuyushchie/zapchasti-dlya-drobilok/drobilki-konusnye/smd-120a-ksd-900/";""
"гайка смд-120а купить";"нужен Wordstat";"Тип детали";"/catalog/zapasnye-chasti-i-komplektuyushchie/zapchasti-dlya-drobilok/drobilki-konusnye/smd-120a-ksd-900/";""
"гайка установочная смд-110а";"нужен Wordstat";"Тип детали";"/catalog/zapasnye-chasti-i-komplektuyushchie/zapchasti-dlya-drobilok/drobilki-shchekovye/smd-110a/";""
"гайка установочная смд-110а купить";"нужен Wordstat";"Тип детали";"/catalog/zapasnye-chasti-i-komplektuyushchie/zapchasti-dlya-drobilok/drobilki-shchekovye/smd-110a/";""
"гайка шлицевая смд-120а";"нужен Wordstat";"Тип детали";"/catalog/zapasnye-chasti-i-komplektuyushchie/zapchasti-dlya-drobilok/drobilki-konusnye/smd-120a-ksd-900/";""
"гайка шлицевая смд-120а купить";"нужен Wordstat";"Тип детали";"/catalog/zapasnye-chasti-i-komplektuyushchie/zapchasti-dlya-drobilok/drobilki-konusnye/smd-120a-ksd-900/";""
"головка кожуха дро-592";"нужен Wordstat";"Тип детали";"/catalog/zapasnye-chasti-i-komplektuyushchie/zapchasti-dlya-drobilok/drobilki-konusnye/dro-592-ksd-600/";""
"головка кожуха дро-592 купить";"нужен Wordstat";"Тип детали";"/catalog/zapasnye-chasti-i-komplektuyushchie/zapchasti-dlya-drobilok/drobilki-konusnye/dro-592-ksd-600/";""
"диск верхний дро-592";"нужен Wordstat";"Тип детали";"/catalog/zapasnye-chasti-i-komplektuyushchie/zapchasti-dlya-drobilok/drobilki-konusnye/dro-592-ksd-600/";""
"диск верхний дро-592 купить";"нужен Wordstat";"Тип детали";"/catalog/zapasnye-chasti-i-komplektuyushchie/zapchasti-dlya-drobilok/drobilki-konusnye/dro-592-ksd-600/";""
"диск верхний смд-120а";"нужен Wordstat";"Тип детали";"/catalog/zapasnye-chasti-i-komplektuyushchie/zapchasti-dlya-drobilok/drobilki-konusnye/smd-120a-ksd-900/";""
"диск верхний смд-120а купить";"нужен Wordstat";"Тип детали";"/catalog/zapasnye-chasti-i-komplektuyushchie/zapchasti-dlya-drobilok/drobilki-konusnye/smd-120a-ksd-900/";""
"диск верхний стальной ксд-1200 и кмд-1200";"нужен Wordstat";"Тип детали";"/catalog/zapasnye-chasti-i-komplektuyushchie/zapchasti-dlya-drobilok/drobilki-konusnye/ksd-1200-i-kmd-1200/";""
"диск верхний стальной ксд-1200 и кмд-1200 купить";"нужен Wordstat";"Тип детали";"/catalog/zapasnye-chasti-i-komplektuyushchie/zapchasti-dlya-drobilok/drobilki-konusnye/ksd-1200-i-kmd-1200/";""
"диск нижний текстолитовый ксд-1200 и кмд-1200";"нужен Wordstat";"Тип детали";"/catalog/zapasnye-chasti-i-komplektuyushchie/zapchasti-dlya-drobilok/drobilki-konusnye/ksd-1200-i-kmd-1200/";""
"диск нижний текстолитовый ксд-1200 и кмд-1200 купить";"нужен Wordstat";"Тип детали";"/catalog/zapasnye-chasti-i-komplektuyushchie/zapchasti-dlya-drobilok/drobilki-konusnye/ksd-1200-i-kmd-1200/";""
"диск средний стальной ксд-1200 и кмд-1200";"нужен Wordstat";"Тип детали";"/catalog/zapasnye-chasti-i-komplektuyushchie/zapchasti-dlya-drobilok/drobilki-konusnye/ksd-1200-i-kmd-1200/";""
"диск средний стальной ксд-1200 и кмд-1200 купить";"нужен Wordstat";"Тип детали";"/catalog/zapasnye-chasti-i-komplektuyushchie/zapchasti-dlya-drobilok/drobilki-konusnye/ksd-1200-i-kmd-1200/";""
"диск средний текстолитовый ксд-1200 и кмд-1200";"нужен Wordstat";"Тип детали";"/catalog/zapasnye-chasti-i-komplektuyushchie/zapchasti-dlya-drobilok/drobilki-konusnye/ksd-1200-i-kmd-1200/";""
"диск средний текстолитовый ксд-1200 и кмд-1200 купить";"нужен Wordstat";"Тип детали";"/catalog/zapasnye-chasti-i-komplektuyushchie/zapchasti-dlya-drobilok/drobilki-konusnye/ksd-1200-i-kmd-1200/";""
"дро-592 дро-592";"нужен Wordstat";"Тип детали";"/catalog/drobilno-sortirovochnoe-oborudovanie/drobilki/konusnye-drobilki/";""
"дро-592 дро-592 купить";"нужен Wordstat";"Тип детали";"/catalog/drobilno-sortirovochnoe-oborudovanie/drobilki/konusnye-drobilki/";""
"звездочка ведущая тк-16а";"нужен Wordstat";"Тип детали";"/catalog/zapasnye-chasti-i-komplektuyushchie/zapchasti-dlya-pitately/pitatel-plastinchatyy-tk-16a-dro-604/";""
"звездочка ведущая тк-16а купить";"нужен Wordstat";"Тип детали";"/catalog/zapasnye-chasti-i-komplektuyushchie/zapchasti-dlya-pitately/pitatel-plastinchatyy-tk-16a-dro-604/";""
"картер привода дро-592";"нужен Wordstat";"Тип детали";"/catalog/zapasnye-chasti-i-komplektuyushchie/zapchasti-dlya-drobilok/drobilki-konusnye/dro-592-ksd-600/";""
"картер привода дро-592 купить";"нужен Wordstat";"Тип детали";"/catalog/zapasnye-chasti-i-komplektuyushchie/zapchasti-dlya-drobilok/drobilki-konusnye/dro-592-ksd-600/";""
"картер привода смд-120а";"нужен Wordstat";"Тип детали";"/catalog/zapasnye-chasti-i-komplektuyushchie/zapchasti-dlya-drobilok/drobilki-konusnye/smd-120a-ksd-900/";""
"картер привода смд-120а купить";"нужен Wordstat";"Тип детали";"/catalog/zapasnye-chasti-i-komplektuyushchie/zapchasti-dlya-drobilok/drobilki-konusnye/smd-120a-ksd-900/";""
"клин верхний левый смд-108а";"нужен Wordstat";"Тип детали";"/catalog/zapasnye-chasti-i-komplektuyushchie/zapchasti-dlya-drobilok/drobilki-shchekovye/smd-108a/";""
"клин верхний левый смд-108а купить";"нужен Wordstat";"Тип детали";"/catalog/zapasnye-chasti-i-komplektuyushchie/zapchasti-dlya-drobilok/drobilki-shchekovye/smd-108a/";""
"клин верхний левый смд-109а";"нужен Wordstat";"Тип детали";"/catalog/zapasnye-chasti-i-komplektuyushchie/zapchasti-dlya-drobilok/drobilki-shchekovye/smd-109a/";""
"клин верхний левый смд-109а купить";"нужен Wordstat";"Тип детали";"/catalog/zapasnye-chasti-i-komplektuyushchie/zapchasti-dlya-drobilok/drobilki-shchekovye/smd-109a/";""
"клин верхний левый смд-110а";"нужен Wordstat";"Тип детали";"/catalog/zapasnye-chasti-i-komplektuyushchie/zapchasti-dlya-drobilok/drobilki-shchekovye/smd-110a/";""
"клин верхний левый смд-110а купить";"нужен Wordstat";"Тип детали";"/catalog/zapasnye-chasti-i-komplektuyushchie/zapchasti-dlya-drobilok/drobilki-shchekovye/smd-110a/";""
"клин верхний правый смд-108а";"нужен Wordstat";"Тип детали";"/catalog/zapasnye-chasti-i-komplektuyushchie/zapchasti-dlya-drobilok/drobilki-shchekovye/smd-108a/";""
"клин верхний правый смд-108а купить";"нужен Wordstat";"Тип детали";"/catalog/zapasnye-chasti-i-komplektuyushchie/zapchasti-dlya-drobilok/drobilki-shchekovye/smd-108a/";""
"клин верхний правый смд-109а";"нужен Wordstat";"Тип детали";"/catalog/zapasnye-chasti-i-komplektuyushchie/zapchasti-dlya-drobilok/drobilki-shchekovye/smd-109a/";""
"клин верхний правый смд-109а купить";"нужен Wordstat";"Тип детали";"/catalog/zapasnye-chasti-i-komplektuyushchie/zapchasti-dlya-drobilok/drobilki-shchekovye/smd-109a/";""
"клин верхний правый смд-110а";"нужен Wordstat";"Тип детали";"/catalog/zapasnye-chasti-i-komplektuyushchie/zapchasti-dlya-drobilok/drobilki-shchekovye/smd-110a/";""
"клин верхний правый смд-110а купить";"нужен Wordstat";"Тип детали";"/catalog/zapasnye-chasti-i-komplektuyushchie/zapchasti-dlya-drobilok/drobilki-shchekovye/smd-110a/";""
"клин крепления подвижной плиты левый смд-108а";"нужен Wordstat";"Тип детали";"/catalog/zapasnye-chasti-i-komplektuyushchie/zapchasti-dlya-drobilok/drobilki-shchekovye/smd-108a/";""
"клин крепления подвижной плиты левый смд-108а купить";"нужен Wordstat";"Тип детали";"/catalog/zapasnye-chasti-i-komplektuyushchie/zapchasti-dlya-drobilok/drobilki-shchekovye/smd-108a/";""
"клин крепления подвижной плиты левый смд-109а смд-109а";"нужен Wordstat";"Тип детали";"/catalog/zapasnye-chasti-i-komplektuyushchie/zapchasti-dlya-drobilok/drobilki-shchekovye/smd-109a/";""
"клин крепления подвижной плиты левый смд-109а смд-109а купить";"нужен Wordstat";"Тип детали";"/catalog/zapasnye-chasti-i-komplektuyushchie/zapchasti-dlya-drobilok/drobilki-shchekovye/smd-109a/";""
"клин крепления подвижной плиты правый смд-108а";"нужен Wordstat";"Тип детали";"/catalog/zapasnye-chasti-i-komplektuyushchie/zapchasti-dlya-drobilok/drobilki-shchekovye/smd-108a/";""
"клин крепления подвижной плиты правый смд-108а купить";"нужен Wordstat";"Тип детали";"/catalog/zapasnye-chasti-i-komplektuyushchie/zapchasti-dlya-drobilok/drobilki-shchekovye/smd-108a/";""
"клин крепления подвижной плиты правый смд-109а смд-109а";"нужен Wordstat";"Тип детали";"/catalog/zapasnye-chasti-i-komplektuyushchie/zapchasti-dlya-drobilok/drobilki-shchekovye/smd-109a/";""
"клин крепления подвижной плиты правый смд-109а смд-109а купить";"нужен Wordstat";"Тип детали";"/catalog/zapasnye-chasti-i-komplektuyushchie/zapchasti-dlya-drobilok/drobilki-shchekovye/smd-109a/";""
"клин крепления подвижной плиты смд-110а";"нужен Wordstat";"Тип детали";"/catalog/zapasnye-chasti-i-komplektuyushchie/zapchasti-dlya-drobilok/drobilki-shchekovye/smd-110a/";""
"клин крепления подвижной плиты смд-110а купить";"нужен Wordstat";"Тип детали";"/catalog/zapasnye-chasti-i-komplektuyushchie/zapchasti-dlya-drobilok/drobilki-shchekovye/smd-110a/";""
"клин нижний левый смд-108а";"нужен Wordstat";"Тип детали";"/catalog/zapasnye-chasti-i-komplektuyushchie/zapchasti-dlya-drobilok/drobilki-shchekovye/smd-108a/";""
"клин нижний левый смд-108а купить";"нужен Wordstat";"Тип детали";"/catalog/zapasnye-chasti-i-komplektuyushchie/zapchasti-dlya-drobilok/drobilki-shchekovye/smd-108a/";""
"клин нижний левый смд-109а";"нужен Wordstat";"Тип детали";"/catalog/zapasnye-chasti-i-komplektuyushchie/zapchasti-dlya-drobilok/drobilki-shchekovye/smd-109a/";""
"клин нижний левый смд-109а купить";"нужен Wordstat";"Тип детали";"/catalog/zapasnye-chasti-i-komplektuyushchie/zapchasti-dlya-drobilok/drobilki-shchekovye/smd-109a/";""
"клин нижний левый смд-110а";"нужен Wordstat";"Тип детали";"/catalog/zapasnye-chasti-i-komplektuyushchie/zapchasti-dlya-drobilok/drobilki-shchekovye/smd-110a/";""
"клин нижний левый смд-110а купить";"нужен Wordstat";"Тип детали";"/catalog/zapasnye-chasti-i-komplektuyushchie/zapchasti-dlya-drobilok/drobilki-shchekovye/smd-110a/";""
"клин нижний правый смд-108а";"нужен Wordstat";"Тип детали";"/catalog/zapasnye-chasti-i-komplektuyushchie/zapchasti-dlya-drobilok/drobilki-shchekovye/smd-108a/";""
"клин нижний правый смд-108а купить";"нужен Wordstat";"Тип детали";"/catalog/zapasnye-chasti-i-komplektuyushchie/zapchasti-dlya-drobilok/drobilki-shchekovye/smd-108a/";""
"клин нижний правый смд-109а";"нужен Wordstat";"Тип детали";"/catalog/zapasnye-chasti-i-komplektuyushchie/zapchasti-dlya-drobilok/drobilki-shchekovye/smd-109a/";""
"клин нижний правый смд-109а купить";"нужен Wordstat";"Тип детали";"/catalog/zapasnye-chasti-i-komplektuyushchie/zapchasti-dlya-drobilok/drobilki-shchekovye/smd-109a/";""
"клин нижний правый смд-110а";"нужен Wordstat";"Тип детали";"/catalog/zapasnye-chasti-i-komplektuyushchie/zapchasti-dlya-drobilok/drobilki-shchekovye/smd-110a/";""
"клин нижний правый смд-110а купить";"нужен Wordstat";"Тип детали";"/catalog/zapasnye-chasti-i-komplektuyushchie/zapchasti-dlya-drobilok/drobilki-shchekovye/smd-110a/";""
"клин регулировочный смд-108а";"нужен Wordstat";"Тип детали";"/catalog/zapasnye-chasti-i-komplektuyushchie/zapchasti-dlya-drobilok/drobilki-shchekovye/smd-108a/";""
"клин регулировочный смд-108а купить";"нужен Wordstat";"Тип детали";"/catalog/zapasnye-chasti-i-komplektuyushchie/zapchasti-dlya-drobilok/drobilki-shchekovye/smd-108a/";""
"клин регулировочный смд-109а";"нужен Wordstat";"Тип детали";"/catalog/zapasnye-chasti-i-komplektuyushchie/zapchasti-dlya-drobilok/drobilki-shchekovye/smd-109a/";""
"клин регулировочный смд-109а купить";"нужен Wordstat";"Тип детали";"/catalog/zapasnye-chasti-i-komplektuyushchie/zapchasti-dlya-drobilok/drobilki-shchekovye/smd-109a/";""
"клин регулировочный смд-110а";"нужен Wordstat";"Тип детали";"/catalog/zapasnye-chasti-i-komplektuyushchie/zapchasti-dlya-drobilok/drobilki-shchekovye/smd-110a/";""
"клин регулировочный смд-110а купить";"нужен Wordstat";"Тип детали";"/catalog/zapasnye-chasti-i-komplektuyushchie/zapchasti-dlya-drobilok/drobilki-shchekovye/smd-110a/";""
"клин стопорный ксд-1200 и кмд-1200";"нужен Wordstat";"Тип детали";"/catalog/zapasnye-chasti-i-komplektuyushchie/zapchasti-dlya-drobilok/drobilki-konusnye/ksd-1200-i-kmd-1200/";""
"клин стопорный ксд-1200 и кмд-1200 купить";"нужен Wordstat";"Тип детали";"/catalog/zapasnye-chasti-i-komplektuyushchie/zapchasti-dlya-drobilok/drobilki-konusnye/ksd-1200-i-kmd-1200/";""
"кмд-1200гр";"нужен Wordstat";"Тип детали";"/catalog/drobilno-sortirovochnoe-oborudovanie/drobilki/konusnye-drobilki/";""
"кмд-1200гр купить";"нужен Wordstat";"Тип детали";"/catalog/drobilno-sortirovochnoe-oborudovanie/drobilki/konusnye-drobilki/";""
"кмд-1200т";"нужен Wordstat";"Тип детали";"/catalog/drobilno-sortirovochnoe-oborudovanie/drobilki/konusnye-drobilki/";""
"кмд-1200т купить";"нужен Wordstat";"Тип детали";"/catalog/drobilno-sortirovochnoe-oborudovanie/drobilki/konusnye-drobilki/";""
"кожух дробящий дро-592";"нужен Wordstat";"Тип детали";"/catalog/zapasnye-chasti-i-komplektuyushchie/zapchasti-dlya-drobilok/drobilki-konusnye/dro-592-ksd-600/";""
"кожух дробящий дро-592 купить";"нужен Wordstat";"Тип детали";"/catalog/zapasnye-chasti-i-komplektuyushchie/zapchasti-dlya-drobilok/drobilki-konusnye/dro-592-ksd-600/";""
"кожух дробящий смд-120а";"нужен Wordstat";"Тип детали";"/catalog/zapasnye-chasti-i-komplektuyushchie/zapchasti-dlya-drobilok/drobilki-konusnye/smd-120a-ksd-900/";""
"кожух дробящий смд-120а купить";"нужен Wordstat";"Тип детали";"/catalog/zapasnye-chasti-i-komplektuyushchie/zapchasti-dlya-drobilok/drobilki-konusnye/smd-120a-ksd-900/";""
"кожух кольца регулирующего ксд-1200 и кмд-1200";"нужен Wordstat";"Тип детали";"/catalog/zapasnye-chasti-i-komplektuyushchie/zapchasti-dlya-drobilok/drobilki-konusnye/ksd-1200-i-kmd-1200/";""
"кожух кольца регулирующего ксд-1200 и кмд-1200 купить";"нужен Wordstat";"Тип детали";"/catalog/zapasnye-chasti-i-komplektuyushchie/zapchasti-dlya-drobilok/drobilki-konusnye/ksd-1200-i-kmd-1200/";""
"кожух противовеса смд-108а смд-108а";"нужен Wordstat";"Тип детали";"/catalog/zapasnye-chasti-i-komplektuyushchie/zapchasti-dlya-drobilok/drobilki-shchekovye/smd-108a/";""
"кожух противовеса смд-108а смд-108а купить";"нужен Wordstat";"Тип детали";"/catalog/zapasnye-chasti-i-komplektuyushchie/zapchasti-dlya-drobilok/drobilki-shchekovye/smd-108a/";""
"кожух сб ксд-1200 и кмд-1200";"нужен Wordstat";"Тип детали";"/catalog/zapasnye-chasti-i-komplektuyushchie/zapchasti-dlya-drobilok/drobilki-konusnye/ksd-1200-i-kmd-1200/";""
"кожух сб ксд-1200 и кмд-1200 купить";"нужен Wordstat";"Тип детали";"/catalog/zapasnye-chasti-i-komplektuyushchie/zapchasti-dlya-drobilok/drobilki-konusnye/ksd-1200-i-kmd-1200/";""
"колесо зубчатое дро-592";"нужен Wordstat";"Тип детали";"/catalog/zapasnye-chasti-i-komplektuyushchie/zapchasti-dlya-drobilok/drobilki-konusnye/dro-592-ksd-600/";""
"колесо зубчатое дро-592 купить";"нужен Wordstat";"Тип детали";"/catalog/zapasnye-chasti-i-komplektuyushchie/zapchasti-dlya-drobilok/drobilki-konusnye/dro-592-ksd-600/";""
"колесо коническое ксд-1200 и кмд-1200";"нужен Wordstat";"Тип детали";"/catalog/zapasnye-chasti-i-komplektuyushchie/zapchasti-dlya-drobilok/drobilki-konusnye/ksd-1200-i-kmd-1200/";""
"колесо коническое ксд-1200 и кмд-1200 купить";"нужен Wordstat";"Тип детали";"/catalog/zapasnye-chasti-i-komplektuyushchie/zapchasti-dlya-drobilok/drobilki-konusnye/ksd-1200-i-kmd-1200/";""
"колесо натяжное тк-16а";"нужен Wordstat";"Тип детали";"/catalog/zapasnye-chasti-i-komplektuyushchie/zapchasti-dlya-pitately/pitatel-plastinchatyy-tk-16a-dro-604/";""
"колесо натяжное тк-16а купить";"нужен Wordstat";"Тип детали";"/catalog/zapasnye-chasti-i-komplektuyushchie/zapchasti-dlya-pitately/pitatel-plastinchatyy-tk-16a-dro-604/";""
"кольцо дро-592";"нужен Wordstat";"Тип детали";"/catalog/zapasnye-chasti-i-komplektuyushchie/zapchasti-dlya-drobilok/drobilki-konusnye/dro-592-ksd-600/";""
"кольцо дро-592 купить";"нужен Wordstat";"Тип детали";"/catalog/zapasnye-chasti-i-komplektuyushchie/zapchasti-dlya-drobilok/drobilki-konusnye/dro-592-ksd-600/";""
"кольцо ксд-1200 и кмд-1200";"нужен Wordstat";"Тип детали";"/catalog/zapasnye-chasti-i-komplektuyushchie/zapchasti-dlya-drobilok/drobilki-konusnye/ksd-1200-i-kmd-1200/";""
"кольцо ксд-1200 и кмд-1200 купить";"нужен Wordstat";"Тип детали";"/catalog/zapasnye-chasti-i-komplektuyushchie/zapchasti-dlya-drobilok/drobilki-konusnye/ksd-1200-i-kmd-1200/";""
"кольцо привода ксд-1200 и кмд-1200";"нужен Wordstat";"Тип детали";"/catalog/zapasnye-chasti-i-komplektuyushchie/zapchasti-dlya-drobilok/drobilki-konusnye/ksd-1200-i-kmd-1200/";""
"кольцо привода ксд-1200 и кмд-1200 купить";"нужен Wordstat";"Тип детали";"/catalog/zapasnye-chasti-i-komplektuyushchie/zapchasti-dlya-drobilok/drobilki-konusnye/ksd-1200-i-kmd-1200/";""
"кольцо привода смд-120а";"нужен Wordstat";"Тип детали";"/catalog/zapasnye-chasti-i-komplektuyushchie/zapchasti-dlya-drobilok/drobilki-konusnye/smd-120a-ksd-900/";""
"кольцо привода смд-120а купить";"нужен Wordstat";"Тип детали";"/catalog/zapasnye-chasti-i-komplektuyushchie/zapchasti-dlya-drobilok/drobilki-konusnye/smd-120a-ksd-900/";""
"кольцо регулирующее сб ксд-1200 и кмд-1200";"нужен Wordstat";"Тип детали";"/catalog/zapasnye-chasti-i-komplektuyushchie/zapchasti-dlya-drobilok/drobilki-konusnye/ksd-1200-i-kmd-1200/";""
"кольцо регулирующее сб ксд-1200 и кмд-1200 купить";"нужен Wordstat";"Тип детали";"/catalog/zapasnye-chasti-i-komplektuyushchie/zapchasti-dlya-drobilok/drobilki-konusnye/ksd-1200-i-kmd-1200/";""
"кольцо резиновое привода смд-120а";"нужен Wordstat";"Тип детали";"/catalog/zapasnye-chasti-i-komplektuyushchie/zapchasti-dlya-drobilok/drobilki-konusnye/smd-120a-ksd-900/";""
"кольцо резиновое привода смд-120а купить";"нужен Wordstat";"Тип детали";"/catalog/zapasnye-chasti-i-komplektuyushchie/zapchasti-dlya-drobilok/drobilki-konusnye/smd-120a-ksd-900/";""
"кольцо резиновое смд-108а";"нужен Wordstat";"Тип детали";"/catalog/zapasnye-chasti-i-komplektuyushchie/zapchasti-dlya-drobilok/drobilki-shchekovye/smd-108a/";""
"кольцо резиновое смд-108а купить";"нужен Wordstat";"Тип детали";"/catalog/zapasnye-chasti-i-komplektuyushchie/zapchasti-dlya-drobilok/drobilki-shchekovye/smd-108a/";""
"кольцо резиновое смд-109а смд-109а";"нужен Wordstat";"Тип детали";"/catalog/zapasnye-chasti-i-komplektuyushchie/zapchasti-dlya-drobilok/drobilki-shchekovye/smd-109a/";""
"кольцо резиновое смд-109а смд-109а купить";"нужен Wordstat";"Тип детали";"/catalog/zapasnye-chasti-i-komplektuyushchie/zapchasti-dlya-drobilok/drobilki-shchekovye/smd-109a/";""
"кольцо резиновое смд-110а";"нужен Wordstat";"Тип детали";"/catalog/zapasnye-chasti-i-komplektuyushchie/zapchasti-dlya-drobilok/drobilki-shchekovye/smd-110a/";""
"кольцо резиновое смд-110а купить";"нужен Wordstat";"Тип детали";"/catalog/zapasnye-chasti-i-komplektuyushchie/zapchasti-dlya-drobilok/drobilki-shchekovye/smd-110a/";""
"кольцо резьбовое смд-120а";"нужен Wordstat";"Тип детали";"/catalog/zapasnye-chasti-i-komplektuyushchie/zapchasti-dlya-drobilok/drobilki-konusnye/smd-120a-ksd-900/";""
"кольцо резьбовое смд-120а купить";"нужен Wordstat";"Тип детали";"/catalog/zapasnye-chasti-i-komplektuyushchie/zapchasti-dlya-drobilok/drobilki-konusnye/smd-120a-ksd-900/";""
"кольцо смд-108а";"нужен Wordstat";"Тип детали";"/catalog/zapasnye-chasti-i-komplektuyushchie/zapchasti-dlya-drobilok/drobilki-shchekovye/smd-108a/";""
"кольцо смд-108а купить";"нужен Wordstat";"Тип детали";"/catalog/zapasnye-chasti-i-komplektuyushchie/zapchasti-dlya-drobilok/drobilki-shchekovye/smd-108a/";""
"кольцо смд-109а смд-109а";"нужен Wordstat";"Тип детали";"/catalog/zapasnye-chasti-i-komplektuyushchie/zapchasti-dlya-drobilok/drobilki-shchekovye/smd-109a/";""
"кольцо смд-109а смд-109а купить";"нужен Wordstat";"Тип детали";"/catalog/zapasnye-chasti-i-komplektuyushchie/zapchasti-dlya-drobilok/drobilki-shchekovye/smd-109a/";""
"кольцо смд-110а";"нужен Wordstat";"Тип детали";"/catalog/zapasnye-chasti-i-komplektuyushchie/zapchasti-dlya-drobilok/drobilki-shchekovye/smd-110a/";""
"кольцо смд-110а купить";"нужен Wordstat";"Тип детали";"/catalog/zapasnye-chasti-i-komplektuyushchie/zapchasti-dlya-drobilok/drobilki-shchekovye/smd-110a/";""
"кольцо упорное смд-108а";"нужен Wordstat";"Тип детали";"/catalog/zapasnye-chasti-i-komplektuyushchie/zapchasti-dlya-drobilok/drobilki-shchekovye/smd-108a/";""
"кольцо упорное смд-108а купить";"нужен Wordstat";"Тип детали";"/catalog/zapasnye-chasti-i-komplektuyushchie/zapchasti-dlya-drobilok/drobilki-shchekovye/smd-108a/";""
"кольцо упорное смд-109а";"нужен Wordstat";"Тип детали";"/catalog/zapasnye-chasti-i-komplektuyushchie/zapchasti-dlya-drobilok/drobilki-shchekovye/smd-109a/";""
"кольцо упорное смд-109а купить";"нужен Wordstat";"Тип детали";"/catalog/zapasnye-chasti-i-komplektuyushchie/zapchasti-dlya-drobilok/drobilki-shchekovye/smd-109a/";""
"кольцо устройства опорного ксд-1200 и кмд-1200";"нужен Wordstat";"Тип детали";"/catalog/zapasnye-chasti-i-komplektuyushchie/zapchasti-dlya-drobilok/drobilki-konusnye/ksd-1200-i-kmd-1200/";""
"кольцо устройства опорного ксд-1200 и кмд-1200 купить";"нужен Wordstat";"Тип детали";"/catalog/zapasnye-chasti-i-komplektuyushchie/zapchasti-dlya-drobilok/drobilki-konusnye/ksd-1200-i-kmd-1200/";""
"контргайка ксд-900 смд-120а";"нужен Wordstat";"Тип детали";"/catalog/zapasnye-chasti-i-komplektuyushchie/zapchasti-dlya-drobilok/drobilki-konusnye/smd-120a-ksd-900/";""
"контргайка ксд-900 смд-120а купить";"нужен Wordstat";"Тип детали";"/catalog/zapasnye-chasti-i-komplektuyushchie/zapchasti-dlya-drobilok/drobilki-konusnye/smd-120a-ksd-900/";""
"конус дробящий неподвижный сб ксд-600 дро-592";"нужен Wordstat";"Тип детали";"/catalog/zapasnye-chasti-i-komplektuyushchie/zapchasti-dlya-drobilok/drobilki-konusnye/dro-592-ksd-600/";""
"конус дробящий неподвижный сб ксд-600 дро-592 купить";"нужен Wordstat";"Тип детали";"/catalog/zapasnye-chasti-i-komplektuyushchie/zapchasti-dlya-drobilok/drobilki-konusnye/dro-592-ksd-600/";""
"конус дробящий неподвижный сб смд-120а";"нужен Wordstat";"Тип детали";"/catalog/zapasnye-chasti-i-komplektuyushchie/zapchasti-dlya-drobilok/drobilki-konusnye/smd-120a-ksd-900/";""
"конус дробящий неподвижный сб смд-120а купить";"нужен Wordstat";"Тип детали";"/catalog/zapasnye-chasti-i-komplektuyushchie/zapchasti-dlya-drobilok/drobilki-konusnye/smd-120a-ksd-900/";""
"конус дробящий подвижный сб ксд-1200 и кмд-1200";"нужен Wordstat";"Тип детали";"/catalog/zapasnye-chasti-i-komplektuyushchie/zapchasti-dlya-drobilok/drobilki-konusnye/ksd-1200-i-kmd-1200/";""
"конус дробящий подвижный сб ксд-1200 и кмд-1200 купить";"нужен Wordstat";"Тип детали";"/catalog/zapasnye-chasti-i-komplektuyushchie/zapchasti-dlya-drobilok/drobilki-konusnye/ksd-1200-i-kmd-1200/";""
"конус дробящий подвижный сб ксд-600 дро-592";"нужен Wordstat";"Тип детали";"/catalog/zapasnye-chasti-i-komplektuyushchie/zapchasti-dlya-drobilok/drobilki-konusnye/dro-592-ksd-600/";""
"конус дробящий подвижный сб ксд-600 дро-592 купить";"нужен Wordstat";"Тип детали";"/catalog/zapasnye-chasti-i-komplektuyushchie/zapchasti-dlya-drobilok/drobilki-konusnye/dro-592-ksd-600/";""
"конус дробящий подвижный сб смд-120а";"нужен Wordstat";"Тип детали";"/catalog/zapasnye-chasti-i-komplektuyushchie/zapchasti-dlya-drobilok/drobilki-konusnye/smd-120a-ksd-900/";""
"конус дробящий подвижный сб смд-120а купить";"нужен Wordstat";"Тип детали";"/catalog/zapasnye-chasti-i-komplektuyushchie/zapchasti-dlya-drobilok/drobilki-konusnye/smd-120a-ksd-900/";""
"конус неподвижный ксд-600 дро-592";"нужен Wordstat";"Тип детали";"/catalog/zapasnye-chasti-i-komplektuyushchie/zapchasti-dlya-drobilok/drobilki-konusnye/dro-592-ksd-600/";""
"конус неподвижный ксд-600 дро-592 купить";"нужен Wordstat";"Тип детали";"/catalog/zapasnye-chasti-i-komplektuyushchie/zapchasti-dlya-drobilok/drobilki-konusnye/dro-592-ksd-600/";""
"конус неподвижный смд-120а смд-120а";"нужен Wordstat";"Тип детали";"/catalog/zapasnye-chasti-i-komplektuyushchie/zapchasti-dlya-drobilok/drobilki-konusnye/smd-120a-ksd-900/";""
"конус неподвижный смд-120а смд-120а купить";"нужен Wordstat";"Тип детали";"/catalog/zapasnye-chasti-i-komplektuyushchie/zapchasti-dlya-drobilok/drobilki-konusnye/smd-120a-ksd-900/";""
"конус неподвижный смд-120ат смд-120а";"нужен Wordstat";"Тип детали";"/catalog/zapasnye-chasti-i-komplektuyushchie/zapchasti-dlya-drobilok/drobilki-konusnye/smd-120a-ksd-900/";""
"конус неподвижный смд-120ат смд-120а купить";"нужен Wordstat";"Тип детали";"/catalog/zapasnye-chasti-i-komplektuyushchie/zapchasti-dlya-drobilok/drobilki-konusnye/smd-120a-ksd-900/";""
"конус несущий дро-592";"нужен Wordstat";"Тип детали";"/catalog/zapasnye-chasti-i-komplektuyushchie/zapchasti-dlya-drobilok/drobilki-konusnye/dro-592-ksd-600/";""
"конус несущий дро-592 купить";"нужен Wordstat";"Тип детали";"/catalog/zapasnye-chasti-i-komplektuyushchie/zapchasti-dlya-drobilok/drobilki-konusnye/dro-592-ksd-600/";""
"конус несущий смд-120а";"нужен Wordstat";"Тип детали";"/catalog/zapasnye-chasti-i-komplektuyushchie/zapchasti-dlya-drobilok/drobilki-konusnye/smd-120a-ksd-900/";""
"конус несущий смд-120а купить";"нужен Wordstat";"Тип детали";"/catalog/zapasnye-chasti-i-komplektuyushchie/zapchasti-dlya-drobilok/drobilki-konusnye/smd-120a-ksd-900/";""
"конус подвижный ксд-600 дро-592";"нужен Wordstat";"Тип детали";"/catalog/zapasnye-chasti-i-komplektuyushchie/zapchasti-dlya-drobilok/drobilki-konusnye/dro-592-ksd-600/";""
"конус подвижный ксд-600 дро-592 купить";"нужен Wordstat";"Тип детали";"/catalog/zapasnye-chasti-i-komplektuyushchie/zapchasti-dlya-drobilok/drobilki-konusnye/dro-592-ksd-600/";""
"конус подвижный смд-120а смд-120а";"нужен Wordstat";"Тип детали";"/catalog/zapasnye-chasti-i-komplektuyushchie/zapchasti-dlya-drobilok/drobilki-konusnye/smd-120a-ksd-900/";""
"конус подвижный смд-120а смд-120а купить";"нужен Wordstat";"Тип детали";"/catalog/zapasnye-chasti-i-komplektuyushchie/zapchasti-dlya-drobilok/drobilki-konusnye/smd-120a-ksd-900/";""
"конус подвижный смд-120ат смд-120а";"нужен Wordstat";"Тип детали";"/catalog/zapasnye-chasti-i-komplektuyushchie/zapchasti-dlya-drobilok/drobilki-konusnye/smd-120a-ksd-900/";""
"конус подвижный смд-120ат смд-120а купить";"нужен Wordstat";"Тип детали";"/catalog/zapasnye-chasti-i-komplektuyushchie/zapchasti-dlya-drobilok/drobilki-konusnye/smd-120a-ksd-900/";""
"корпус кольца регулирующего ксд-1200 и кмд-1200";"нужен Wordstat";"Тип детали";"/catalog/zapasnye-chasti-i-komplektuyushchie/zapchasti-dlya-drobilok/drobilki-konusnye/ksd-1200-i-kmd-1200/";""
"корпус кольца регулирующего ксд-1200 и кмд-1200 купить";"нужен Wordstat";"Тип детали";"/catalog/zapasnye-chasti-i-komplektuyushchie/zapchasti-dlya-drobilok/drobilki-konusnye/ksd-1200-i-kmd-1200/";""
"корпус конуса ксд-1200 и кмд-1200";"нужен Wordstat";"Тип детали";"/catalog/zapasnye-chasti-i-komplektuyushchie/zapchasti-dlya-drobilok/drobilki-konusnye/ksd-1200-i-kmd-1200/";""
"корпус конуса ксд-1200 и кмд-1200 купить";"нужен Wordstat";"Тип детали";"/catalog/zapasnye-chasti-i-komplektuyushchie/zapchasti-dlya-drobilok/drobilki-konusnye/ksd-1200-i-kmd-1200/";""
"корпус конуса сб ксд-1200 и кмд-1200";"нужен Wordstat";"Тип детали";"/catalog/zapasnye-chasti-i-komplektuyushchie/zapchasti-dlya-drobilok/drobilki-konusnye/ksd-1200-i-kmd-1200/";""
"корпус конуса сб ксд-1200 и кмд-1200 купить";"нужен Wordstat";"Тип детали";"/catalog/zapasnye-chasti-i-komplektuyushchie/zapchasti-dlya-drobilok/drobilki-konusnye/ksd-1200-i-kmd-1200/";""
"корпус неподвижного конуса дро-592";"нужен Wordstat";"Тип детали";"/catalog/zapasnye-chasti-i-komplektuyushchie/zapchasti-dlya-drobilok/drobilki-konusnye/dro-592-ksd-600/";""
"корпус неподвижного конуса дро-592 купить";"нужен Wordstat";"Тип детали";"/catalog/zapasnye-chasti-i-komplektuyushchie/zapchasti-dlya-drobilok/drobilki-konusnye/dro-592-ksd-600/";""
"корпус неподвижного конуса смд-120а";"нужен Wordstat";"Тип детали";"/catalog/zapasnye-chasti-i-komplektuyushchie/zapchasti-dlya-drobilok/drobilki-konusnye/smd-120a-ksd-900/";""
"корпус неподвижного конуса смд-120а купить";"нужен Wordstat";"Тип детали";"/catalog/zapasnye-chasti-i-komplektuyushchie/zapchasti-dlya-drobilok/drobilki-konusnye/smd-120a-ksd-900/";""
"корпус опоры смд-120а";"нужен Wordstat";"Тип детали";"/catalog/zapasnye-chasti-i-komplektuyushchie/zapchasti-dlya-drobilok/drobilki-konusnye/smd-120a-ksd-900/";""
"корпус опоры смд-120а купить";"нужен Wordstat";"Тип детали";"/catalog/zapasnye-chasti-i-komplektuyushchie/zapchasti-dlya-drobilok/drobilki-konusnye/smd-120a-ksd-900/";""
"корпус подшипника тк-16а";"нужен Wordstat";"Тип детали";"/catalog/zapasnye-chasti-i-komplektuyushchie/zapchasti-dlya-pitately/pitatel-plastinchatyy-tk-16a-dro-604/";""
"корпус подшипника тк-16а купить";"нужен Wordstat";"Тип детали";"/catalog/zapasnye-chasti-i-komplektuyushchie/zapchasti-dlya-pitately/pitatel-plastinchatyy-tk-16a-dro-604/";""
"корпус привода ксд-1200 и кмд-1200";"нужен Wordstat";"Тип детали";"/catalog/zapasnye-chasti-i-komplektuyushchie/zapchasti-dlya-drobilok/drobilki-konusnye/ksd-1200-i-kmd-1200/";""
"корпус привода ксд-1200 и кмд-1200 купить";"нужен Wordstat";"Тип детали";"/catalog/zapasnye-chasti-i-komplektuyushchie/zapchasti-dlya-drobilok/drobilki-konusnye/ksd-1200-i-kmd-1200/";""
"корпус сб дро-592";"нужен Wordstat";"Тип детали";"/catalog/zapasnye-chasti-i-komplektuyushchie/zapchasti-dlya-drobilok/drobilki-konusnye/dro-592-ksd-600/";""
"корпус сб дро-592 купить";"нужен Wordstat";"Тип детали";"/catalog/zapasnye-chasti-i-komplektuyushchie/zapchasti-dlya-drobilok/drobilki-konusnye/dro-592-ksd-600/";""
"корпус сб смд-120а";"нужен Wordstat";"Тип детали";"/catalog/zapasnye-chasti-i-komplektuyushchie/zapchasti-dlya-drobilok/drobilki-konusnye/smd-120a-ksd-900/";""
"корпус сб смд-120а купить";"нужен Wordstat";"Тип детали";"/catalog/zapasnye-chasti-i-komplektuyushchie/zapchasti-dlya-drobilok/drobilki-konusnye/smd-120a-ksd-900/";""
"корпус станины ксд-1200 и кмд-1200";"нужен Wordstat";"Тип детали";"/catalog/zapasnye-chasti-i-komplektuyushchie/zapchasti-dlya-drobilok/drobilki-konusnye/ksd-1200-i-kmd-1200/";""
"корпус станины ксд-1200 и кмд-1200 купить";"нужен Wordstat";"Тип детали";"/catalog/zapasnye-chasti-i-komplektuyushchie/zapchasti-dlya-drobilok/drobilki-konusnye/ksd-1200-i-kmd-1200/";""
"корпус установочный дро-592";"нужен Wordstat";"Тип детали";"/catalog/zapasnye-chasti-i-komplektuyushchie/zapchasti-dlya-drobilok/drobilki-konusnye/dro-592-ksd-600/";""
"корпус установочный дро-592 купить";"нужен Wordstat";"Тип детали";"/catalog/zapasnye-chasti-i-komplektuyushchie/zapchasti-dlya-drobilok/drobilki-konusnye/dro-592-ksd-600/";""
"корпус установочный ксд-900 смд-120а";"нужен Wordstat";"Тип детали";"/catalog/zapasnye-chasti-i-komplektuyushchie/zapchasti-dlya-drobilok/drobilki-konusnye/smd-120a-ksd-900/";""
"корпус установочный ксд-900 смд-120а купить";"нужен Wordstat";"Тип детали";"/catalog/zapasnye-chasti-i-komplektuyushchie/zapchasti-dlya-drobilok/drobilki-konusnye/smd-120a-ksd-900/";""
"корпус чаши ксд-1200 и кмд-1200";"нужен Wordstat";"Тип детали";"/catalog/zapasnye-chasti-i-komplektuyushchie/zapchasti-dlya-drobilok/drobilki-konusnye/ksd-1200-i-kmd-1200/";""
"корпус чаши ксд-1200 и кмд-1200 купить";"нужен Wordstat";"Тип детали";"/catalog/zapasnye-chasti-i-komplektuyushchie/zapchasti-dlya-drobilok/drobilki-konusnye/ksd-1200-i-kmd-1200/";""
"крышка подпятника дро-592";"нужен Wordstat";"Тип детали";"/catalog/zapasnye-chasti-i-komplektuyushchie/zapchasti-dlya-drobilok/drobilki-konusnye/dro-592-ksd-600/";""
"крышка подпятника дро-592 купить";"нужен Wordstat";"Тип детали";"/catalog/zapasnye-chasti-i-komplektuyushchie/zapchasti-dlya-drobilok/drobilki-konusnye/dro-592-ksd-600/";""
"крышка подпятника смд-120а";"нужен Wordstat";"Тип детали";"/catalog/zapasnye-chasti-i-komplektuyushchie/zapchasti-dlya-drobilok/drobilki-konusnye/smd-120a-ksd-900/";""
"крышка подпятника смд-120а купить";"нужен Wordstat";"Тип детали";"/catalog/zapasnye-chasti-i-komplektuyushchie/zapchasti-dlya-drobilok/drobilki-konusnye/smd-120a-ksd-900/";""
"крышка привода дро-592";"нужен Wordstat";"Тип детали";"/catalog/zapasnye-chasti-i-komplektuyushchie/zapchasti-dlya-drobilok/drobilki-konusnye/dro-592-ksd-600/";""
"крышка привода дро-592 купить";"нужен Wordstat";"Тип детали";"/catalog/zapasnye-chasti-i-komplektuyushchie/zapchasti-dlya-drobilok/drobilki-konusnye/dro-592-ksd-600/";""
"крышка привода ксд-1200 и кмд-1200";"нужен Wordstat";"Тип детали";"/catalog/zapasnye-chasti-i-komplektuyushchie/zapchasti-dlya-drobilok/drobilki-konusnye/ksd-1200-i-kmd-1200/";""
"крышка привода ксд-1200 и кмд-1200 купить";"нужен Wordstat";"Тип детали";"/catalog/zapasnye-chasti-i-komplektuyushchie/zapchasti-dlya-drobilok/drobilki-konusnye/ksd-1200-i-kmd-1200/";""
"крышка привода смд-120а";"нужен Wordstat";"Тип детали";"/catalog/zapasnye-chasti-i-komplektuyushchie/zapchasti-dlya-drobilok/drobilki-konusnye/smd-120a-ksd-900/";""
"крышка привода смд-120а купить";"нужен Wordstat";"Тип детали";"/catalog/zapasnye-chasti-i-komplektuyushchie/zapchasti-dlya-drobilok/drobilki-konusnye/smd-120a-ksd-900/";""
"крышка стакана смд-108а";"нужен Wordstat";"Тип детали";"/catalog/zapasnye-chasti-i-komplektuyushchie/zapchasti-dlya-drobilok/drobilki-shchekovye/smd-108a/";""
"крышка стакана смд-108а купить";"нужен Wordstat";"Тип детали";"/catalog/zapasnye-chasti-i-komplektuyushchie/zapchasti-dlya-drobilok/drobilki-shchekovye/smd-108a/";""
"крышка стакана смд-109а смд-109а";"нужен Wordstat";"Тип детали";"/catalog/zapasnye-chasti-i-komplektuyushchie/zapchasti-dlya-drobilok/drobilki-shchekovye/smd-109a/";""
"крышка стакана смд-109а смд-109а купить";"нужен Wordstat";"Тип детали";"/catalog/zapasnye-chasti-i-komplektuyushchie/zapchasti-dlya-drobilok/drobilki-shchekovye/smd-109a/";""
"крышка стакана смд-110а смд-110а";"нужен Wordstat";"Тип детали";"/catalog/zapasnye-chasti-i-komplektuyushchie/zapchasti-dlya-drobilok/drobilki-shchekovye/smd-110a/";""
"крышка стакана смд-110а смд-110а купить";"нужен Wordstat";"Тип детали";"/catalog/zapasnye-chasti-i-komplektuyushchie/zapchasti-dlya-drobilok/drobilki-shchekovye/smd-110a/";""
"крышка станины ксд-1200 и кмд-1200";"нужен Wordstat";"Тип детали";"/catalog/zapasnye-chasti-i-komplektuyushchie/zapchasti-dlya-drobilok/drobilki-konusnye/ksd-1200-i-kmd-1200/";""
"крышка станины ксд-1200 и кмд-1200 купить";"нужен Wordstat";"Тип детали";"/catalog/zapasnye-chasti-i-komplektuyushchie/zapchasti-dlya-drobilok/drobilki-konusnye/ksd-1200-i-kmd-1200/";""
"крышка щеки смд-108а";"нужен Wordstat";"Тип детали";"/catalog/zapasnye-chasti-i-komplektuyushchie/zapchasti-dlya-drobilok/drobilki-shchekovye/smd-108a/";""
"крышка щеки смд-108а купить";"нужен Wordstat";"Тип детали";"/catalog/zapasnye-chasti-i-komplektuyushchie/zapchasti-dlya-drobilok/drobilki-shchekovye/smd-108a/";""
"крышка щеки смд-109а";"нужен Wordstat";"Тип детали";"/catalog/zapasnye-chasti-i-komplektuyushchie/zapchasti-dlya-drobilok/drobilki-shchekovye/smd-109a/";""
"крышка щеки смд-109а купить";"нужен Wordstat";"Тип детали";"/catalog/zapasnye-chasti-i-komplektuyushchie/zapchasti-dlya-drobilok/drobilki-shchekovye/smd-109a/";""
"крышка щеки смд-110а";"нужен Wordstat";"Тип детали";"/catalog/zapasnye-chasti-i-komplektuyushchie/zapchasti-dlya-drobilok/drobilki-shchekovye/smd-110a/";""
"крышка щеки смд-110а купить";"нужен Wordstat";"Тип детали";"/catalog/zapasnye-chasti-i-komplektuyushchie/zapchasti-dlya-drobilok/drobilki-shchekovye/smd-110a/";""
"ксд-1200гр";"нужен Wordstat";"Тип детали";"/catalog/drobilno-sortirovochnoe-oborudovanie/drobilki/konusnye-drobilki/";""
"ксд-1200гр купить";"нужен Wordstat";"Тип детали";"/catalog/drobilno-sortirovochnoe-oborudovanie/drobilki/konusnye-drobilki/";""
"ксд-1200т";"нужен Wordstat";"Тип детали";"/catalog/drobilno-sortirovochnoe-oborudovanie/drobilki/konusnye-drobilki/";""
"ксд-1200т купить";"нужен Wordstat";"Тип детали";"/catalog/drobilno-sortirovochnoe-oborudovanie/drobilki/konusnye-drobilki/";""
"лист броневой дс-158 дс-158 / дс-185";"нужен Wordstat";"Тип детали";"/catalog/zapasnye-chasti-i-komplektuyushchie/zapchasti-dlya-abz/zapchasti-dlya-ds-158-ds-185/";""
"лист броневой дс-158 дс-158 / дс-185 купить";"нужен Wordstat";"Тип детали";"/catalog/zapasnye-chasti-i-komplektuyushchie/zapchasti-dlya-abz/zapchasti-dlya-ds-158-ds-185/";""
"лист предохранительный боковой д597 дс-158 / дс-185";"нужен Wordstat";"Тип детали";"/catalog/zapasnye-chasti-i-komplektuyushchie/zapchasti-dlya-abz/zapchasti-dlya-ds-158-ds-185/";""
"лист предохранительный боковой д597 дс-158 / дс-185 купить";"нужен Wordstat";"Тип детали";"/catalog/zapasnye-chasti-i-komplektuyushchie/zapchasti-dlya-abz/zapchasti-dlya-ds-158-ds-185/";""
"лопасть дс-158 дс-158 / дс-185";"нужен Wordstat";"Тип детали";"/catalog/zapasnye-chasti-i-komplektuyushchie/zapchasti-dlya-abz/zapchasti-dlya-ds-158-ds-185/";""
"лопасть дс-158 дс-158 / дс-185 купить";"нужен Wordstat";"Тип детали";"/catalog/zapasnye-chasti-i-komplektuyushchie/zapchasti-dlya-abz/zapchasti-dlya-ds-158-ds-185/";""
"манжета дро-592";"нужен Wordstat";"Тип детали";"/catalog/zapasnye-chasti-i-komplektuyushchie/zapchasti-dlya-drobilok/drobilki-konusnye/dro-592-ksd-600/";""
"манжета дро-592 купить";"нужен Wordstat";"Тип детали";"/catalog/zapasnye-chasti-i-komplektuyushchie/zapchasti-dlya-drobilok/drobilki-konusnye/dro-592-ksd-600/";""
"манжета ксд-1200 и кмд-1200";"нужен Wordstat";"Тип детали";"/catalog/zapasnye-chasti-i-komplektuyushchie/zapchasti-dlya-drobilok/drobilki-konusnye/ksd-1200-i-kmd-1200/";""
"манжета ксд-1200 и кмд-1200 купить";"нужен Wordstat";"Тип детали";"/catalog/zapasnye-chasti-i-komplektuyushchie/zapchasti-dlya-drobilok/drobilki-konusnye/ksd-1200-i-kmd-1200/";""
"манжета смд-108а";"нужен Wordstat";"Тип детали";"/catalog/zapasnye-chasti-i-komplektuyushchie/zapchasti-dlya-drobilok/drobilki-shchekovye/smd-108a/";""
"манжета смд-108а купить";"нужен Wordstat";"Тип детали";"/catalog/zapasnye-chasti-i-komplektuyushchie/zapchasti-dlya-drobilok/drobilki-shchekovye/smd-108a/";""
"манжета смд-109а";"нужен Wordstat";"Тип детали";"/catalog/zapasnye-chasti-i-komplektuyushchie/zapchasti-dlya-drobilok/drobilki-shchekovye/smd-109a/";""
"манжета смд-109а купить";"нужен Wordstat";"Тип детали";"/catalog/zapasnye-chasti-i-komplektuyushchie/zapchasti-dlya-drobilok/drobilki-shchekovye/smd-109a/";""
"манжета смд-110а";"нужен Wordstat";"Тип детали";"/catalog/zapasnye-chasti-i-komplektuyushchie/zapchasti-dlya-drobilok/drobilki-shchekovye/smd-110a/";""
"манжета смд-110а купить";"нужен Wordstat";"Тип детали";"/catalog/zapasnye-chasti-i-komplektuyushchie/zapchasti-dlya-drobilok/drobilki-shchekovye/smd-110a/";""
"манжета смд-120а";"нужен Wordstat";"Тип детали";"/catalog/zapasnye-chasti-i-komplektuyushchie/zapchasti-dlya-drobilok/drobilki-konusnye/smd-120a-ksd-900/";""
"манжета смд-120а купить";"нужен Wordstat";"Тип детали";"/catalog/zapasnye-chasti-i-komplektuyushchie/zapchasti-dlya-drobilok/drobilki-konusnye/smd-120a-ksd-900/";""
"маховик смд-109а смд-109а";"нужен Wordstat";"Тип детали";"/catalog/zapasnye-chasti-i-komplektuyushchie/zapchasti-dlya-drobilok/drobilki-shchekovye/smd-109a/";""
"маховик смд-109а смд-109а купить";"нужен Wordstat";"Тип детали";"/catalog/zapasnye-chasti-i-komplektuyushchie/zapchasti-dlya-drobilok/drobilki-shchekovye/smd-109a/";""
"маховик смд-110а смд-110а";"нужен Wordstat";"Тип детали";"/catalog/zapasnye-chasti-i-komplektuyushchie/zapchasti-dlya-drobilok/drobilki-shchekovye/smd-110a/";""
"маховик смд-110а смд-110а купить";"нужен Wordstat";"Тип детали";"/catalog/zapasnye-chasti-i-komplektuyushchie/zapchasti-dlya-drobilok/drobilki-shchekovye/smd-110a/";""
"механизм поворота сб ксд-1200 и кмд-1200";"нужен Wordstat";"Тип детали";"/catalog/zapasnye-chasti-i-komplektuyushchie/zapchasti-dlya-drobilok/drobilki-konusnye/ksd-1200-i-kmd-1200/";""
"механизм поворота сб ксд-1200 и кмд-1200 купить";"нужен Wordstat";"Тип детали";"/catalog/zapasnye-chasti-i-komplektuyushchie/zapchasti-dlya-drobilok/drobilki-konusnye/ksd-1200-i-kmd-1200/";""
"механизм регулирования щели дро-592";"нужен Wordstat";"Тип детали";"/catalog/zapasnye-chasti-i-komplektuyushchie/zapchasti-dlya-drobilok/drobilki-konusnye/dro-592-ksd-600/";""
"механизм регулирования щели дро-592 купить";"нужен Wordstat";"Тип детали";"/catalog/zapasnye-chasti-i-komplektuyushchie/zapchasti-dlya-drobilok/drobilki-konusnye/dro-592-ksd-600/";""
"механизм регулирования щели сб смд-108а смд-108а";"нужен Wordstat";"Тип детали";"/catalog/zapasnye-chasti-i-komplektuyushchie/zapchasti-dlya-drobilok/drobilki-shchekovye/smd-108a/";""
"механизм регулирования щели сб смд-108а смд-108а купить";"нужен Wordstat";"Тип детали";"/catalog/zapasnye-chasti-i-komplektuyushchie/zapchasti-dlya-drobilok/drobilki-shchekovye/smd-108a/";""
"механизм регулирования щели сб смд-109а смд-109а";"нужен Wordstat";"Тип детали";"/catalog/zapasnye-chasti-i-komplektuyushchie/zapchasti-dlya-drobilok/drobilki-shchekovye/smd-109a/";""
"механизм регулирования щели сб смд-109а смд-109а купить";"нужен Wordstat";"Тип детали";"/catalog/zapasnye-chasti-i-komplektuyushchie/zapchasti-dlya-drobilok/drobilki-shchekovye/smd-109a/";""
"механизм регулирования щели сб смд-110а смд-110а";"нужен Wordstat";"Тип детали";"/catalog/zapasnye-chasti-i-komplektuyushchie/zapchasti-dlya-drobilok/drobilki-shchekovye/smd-110a/";""
"механизм регулирования щели сб смд-110а смд-110а купить";"нужен Wordstat";"Тип детали";"/catalog/zapasnye-chasti-i-komplektuyushchie/zapchasti-dlya-drobilok/drobilki-shchekovye/smd-110a/";""
"муфта лепестковая сб ксд-1200 и кмд-1200";"нужен Wordstat";"Тип детали";"/catalog/zapasnye-chasti-i-komplektuyushchie/zapchasti-dlya-drobilok/drobilki-konusnye/ksd-1200-i-kmd-1200/";""
"муфта лепестковая сб ксд-1200 и кмд-1200 купить";"нужен Wordstat";"Тип детали";"/catalog/zapasnye-chasti-i-komplektuyushchie/zapchasti-dlya-drobilok/drobilki-konusnye/ksd-1200-i-kmd-1200/";""
"ограждение маховика смд-109а смд-109а";"нужен Wordstat";"Тип детали";"/catalog/zapasnye-chasti-i-komplektuyushchie/zapchasti-dlya-drobilok/drobilki-shchekovye/smd-109a/";""
"ограждение маховика смд-109а смд-109а купить";"нужен Wordstat";"Тип детали";"/catalog/zapasnye-chasti-i-komplektuyushchie/zapchasti-dlya-drobilok/drobilki-shchekovye/smd-109a/";""
"ограждение маховика смд-110а смд-110а";"нужен Wordstat";"Тип детали";"/catalog/zapasnye-chasti-i-komplektuyushchie/zapchasti-dlya-drobilok/drobilki-shchekovye/smd-110a/";""
"ограждение маховика смд-110а смд-110а купить";"нужен Wordstat";"Тип детали";"/catalog/zapasnye-chasti-i-komplektuyushchie/zapchasti-dlya-drobilok/drobilki-shchekovye/smd-110a/";""
"ограждение привода смд-108а смд-108а";"нужен Wordstat";"Тип детали";"/catalog/zapasnye-chasti-i-komplektuyushchie/zapchasti-dlya-drobilok/drobilki-shchekovye/smd-108a/";""
"ограждение привода смд-108а смд-108а купить";"нужен Wordstat";"Тип детали";"/catalog/zapasnye-chasti-i-komplektuyushchie/zapchasti-dlya-drobilok/drobilki-shchekovye/smd-108a/";""
"ограждение привода смд-109а смд-109а";"нужен Wordstat";"Тип детали";"/catalog/zapasnye-chasti-i-komplektuyushchie/zapchasti-dlya-drobilok/drobilki-shchekovye/smd-109a/";""
"ограждение привода смд-109а смд-109а купить";"нужен Wordstat";"Тип детали";"/catalog/zapasnye-chasti-i-komplektuyushchie/zapchasti-dlya-drobilok/drobilki-shchekovye/smd-109a/";""
"ограждение привода смд-110а смд-110а";"нужен Wordstat";"Тип детали";"/catalog/zapasnye-chasti-i-komplektuyushchie/zapchasti-dlya-drobilok/drobilki-shchekovye/smd-110a/";""
"ограждение привода смд-110а смд-110а купить";"нужен Wordstat";"Тип детали";"/catalog/zapasnye-chasti-i-komplektuyushchie/zapchasti-dlya-drobilok/drobilki-shchekovye/smd-110a/";""
"ограждение пружины смд-108а";"нужен Wordstat";"Тип детали";"/catalog/zapasnye-chasti-i-komplektuyushchie/zapchasti-dlya-drobilok/drobilki-shchekovye/smd-108a/";""
"ограждение пружины смд-108а купить";"нужен Wordstat";"Тип детали";"/catalog/zapasnye-chasti-i-komplektuyushchie/zapchasti-dlya-drobilok/drobilki-shchekovye/smd-108a/";""
"ограждение пружины смд-109а смд-109а";"нужен Wordstat";"Тип детали";"/catalog/zapasnye-chasti-i-komplektuyushchie/zapchasti-dlya-drobilok/drobilki-shchekovye/smd-109a/";""
"ограждение пружины смд-109а смд-109а купить";"нужен Wordstat";"Тип детали";"/catalog/zapasnye-chasti-i-komplektuyushchie/zapchasti-dlya-drobilok/drobilki-shchekovye/smd-109a/";""
"ограждение пружины смд-110а смд-110а";"нужен Wordstat";"Тип детали";"/catalog/zapasnye-chasti-i-komplektuyushchie/zapchasti-dlya-drobilok/drobilki-shchekovye/smd-110a/";""
"ограждение пружины смд-110а смд-110а купить";"нужен Wordstat";"Тип детали";"/catalog/zapasnye-chasti-i-komplektuyushchie/zapchasti-dlya-drobilok/drobilki-shchekovye/smd-110a/";""
"основание подпятника дро-592";"нужен Wordstat";"Тип детали";"/catalog/zapasnye-chasti-i-komplektuyushchie/zapchasti-dlya-drobilok/drobilki-konusnye/dro-592-ksd-600/";""
"основание подпятника дро-592 купить";"нужен Wordstat";"Тип детали";"/catalog/zapasnye-chasti-i-komplektuyushchie/zapchasti-dlya-drobilok/drobilki-konusnye/dro-592-ksd-600/";""
"палец дро-592";"нужен Wordstat";"Тип детали";"/catalog/zapasnye-chasti-i-komplektuyushchie/zapchasti-dlya-drobilok/drobilki-konusnye/dro-592-ksd-600/";""
"палец дро-592 купить";"нужен Wordstat";"Тип детали";"/catalog/zapasnye-chasti-i-komplektuyushchie/zapchasti-dlya-drobilok/drobilki-konusnye/dro-592-ksd-600/";""
"палец ксд-1200 и кмд-1200";"нужен Wordstat";"Тип детали";"/catalog/zapasnye-chasti-i-komplektuyushchie/zapchasti-dlya-drobilok/drobilki-konusnye/ksd-1200-i-kmd-1200/";""
"палец ксд-1200 и кмд-1200 купить";"нужен Wordstat";"Тип детали";"/catalog/zapasnye-chasti-i-komplektuyushchie/zapchasti-dlya-drobilok/drobilki-konusnye/ksd-1200-i-kmd-1200/";""
"палец смд-110а";"нужен Wordstat";"Тип детали";"/catalog/zapasnye-chasti-i-komplektuyushchie/zapchasti-dlya-drobilok/drobilki-shchekovye/smd-110a/";""
"палец смд-110а купить";"нужен Wordstat";"Тип детали";"/catalog/zapasnye-chasti-i-komplektuyushchie/zapchasti-dlya-drobilok/drobilki-shchekovye/smd-110a/";""
"палец смд-120а";"нужен Wordstat";"Тип детали";"/catalog/zapasnye-chasti-i-komplektuyushchie/zapchasti-dlya-drobilok/drobilki-konusnye/smd-120a-ksd-900/";""
"палец смд-120а купить";"нужен Wordstat";"Тип детали";"/catalog/zapasnye-chasti-i-komplektuyushchie/zapchasti-dlya-drobilok/drobilki-konusnye/smd-120a-ksd-900/";""
"палец тк-16а";"нужен Wordstat";"Тип детали";"/catalog/zapasnye-chasti-i-komplektuyushchie/zapchasti-dlya-pitately/pitatel-plastinchatyy-tk-16a-dro-604/";""
"палец тк-16а купить";"нужен Wordstat";"Тип детали";"/catalog/zapasnye-chasti-i-komplektuyushchie/zapchasti-dlya-pitately/pitatel-plastinchatyy-tk-16a-dro-604/";""
"планка смд-108а";"нужен Wordstat";"Тип детали";"/catalog/zapasnye-chasti-i-komplektuyushchie/zapchasti-dlya-drobilok/drobilki-shchekovye/smd-108a/";""
"планка смд-108а купить";"нужен Wordstat";"Тип детали";"/catalog/zapasnye-chasti-i-komplektuyushchie/zapchasti-dlya-drobilok/drobilki-shchekovye/smd-108a/";""
"планка смд-109а смд-109а";"нужен Wordstat";"Тип детали";"/catalog/zapasnye-chasti-i-komplektuyushchie/zapchasti-dlya-drobilok/drobilki-shchekovye/smd-109a/";""
"планка смд-109а смд-109а купить";"нужен Wordstat";"Тип детали";"/catalog/zapasnye-chasti-i-komplektuyushchie/zapchasti-dlya-drobilok/drobilki-shchekovye/smd-109a/";""
"планка смд-110а смд-110а";"нужен Wordstat";"Тип детали";"/catalog/zapasnye-chasti-i-komplektuyushchie/zapchasti-dlya-drobilok/drobilki-shchekovye/smd-110a/";""
"планка смд-110а смд-110а купить";"нужен Wordstat";"Тип детали";"/catalog/zapasnye-chasti-i-komplektuyushchie/zapchasti-dlya-drobilok/drobilki-shchekovye/smd-110a/";""
"планка стопорная ксд-900 смд-120а";"нужен Wordstat";"Тип детали";"/catalog/zapasnye-chasti-i-komplektuyushchie/zapchasti-dlya-drobilok/drobilki-konusnye/smd-120a-ksd-900/";""
"планка стопорная ксд-900 смд-120а купить";"нужен Wordstat";"Тип детали";"/catalog/zapasnye-chasti-i-komplektuyushchie/zapchasti-dlya-drobilok/drobilki-konusnye/smd-120a-ksd-900/";""
"пластина п-804";"нужен Wordstat";"Тип детали";"/catalog/zapasnye-chasti-i-komplektuyushchie/zapchasti-dlya-pitately/pitatel-plastinchatyy-p-804-104920-10/";""
"пластина п-804 купить";"нужен Wordstat";"Тип детали";"/catalog/zapasnye-chasti-i-komplektuyushchie/zapchasti-dlya-pitately/pitatel-plastinchatyy-p-804-104920-10/";""
"пластина тк-16а";"нужен Wordstat";"Тип детали";"/catalog/zapasnye-chasti-i-komplektuyushchie/zapchasti-dlya-pitately/pitatel-plastinchatyy-tk-16a-dro-604/";""
"пластина тк-16а купить";"нужен Wordstat";"Тип детали";"/catalog/zapasnye-chasti-i-komplektuyushchie/zapchasti-dlya-pitately/pitatel-plastinchatyy-tk-16a-dro-604/";""
"плита дробящая неподвижная смд-108а";"нужен Wordstat";"Тип детали";"/catalog/zapasnye-chasti-i-komplektuyushchie/zapchasti-dlya-drobilok/drobilki-shchekovye/smd-108a/";""
"плита дробящая неподвижная смд-108а купить";"нужен Wordstat";"Тип детали";"/catalog/zapasnye-chasti-i-komplektuyushchie/zapchasti-dlya-drobilok/drobilki-shchekovye/smd-108a/";""
"плита дробящая неподвижная смд-109а";"нужен Wordstat";"Тип детали";"/catalog/zapasnye-chasti-i-komplektuyushchie/zapchasti-dlya-drobilok/drobilki-shchekovye/smd-109a/";""
"плита дробящая неподвижная смд-109а купить";"нужен Wordstat";"Тип детали";"/catalog/zapasnye-chasti-i-komplektuyushchie/zapchasti-dlya-drobilok/drobilki-shchekovye/smd-109a/";""
"плита дробящая неподвижная смд-110а";"нужен Wordstat";"Тип детали";"/catalog/zapasnye-chasti-i-komplektuyushchie/zapchasti-dlya-drobilok/drobilki-shchekovye/smd-110a/";""
"плита дробящая неподвижная смд-110а купить";"нужен Wordstat";"Тип детали";"/catalog/zapasnye-chasti-i-komplektuyushchie/zapchasti-dlya-drobilok/drobilki-shchekovye/smd-110a/";""
"плита дробящая подвижная смд-108а";"нужен Wordstat";"Тип детали";"/catalog/zapasnye-chasti-i-komplektuyushchie/zapchasti-dlya-drobilok/drobilki-shchekovye/smd-108a/";""
"плита дробящая подвижная смд-108а купить";"нужен Wordstat";"Тип детали";"/catalog/zapasnye-chasti-i-komplektuyushchie/zapchasti-dlya-drobilok/drobilki-shchekovye/smd-108a/";""
"плита дробящая подвижная смд-109а";"нужен Wordstat";"Тип детали";"/catalog/zapasnye-chasti-i-komplektuyushchie/zapchasti-dlya-drobilok/drobilki-shchekovye/smd-109a/";""
"плита дробящая подвижная смд-109а купить";"нужен Wordstat";"Тип детали";"/catalog/zapasnye-chasti-i-komplektuyushchie/zapchasti-dlya-drobilok/drobilki-shchekovye/smd-109a/";""
"плита дробящая подвижная смд-110а";"нужен Wordstat";"Тип детали";"/catalog/zapasnye-chasti-i-komplektuyushchie/zapchasti-dlya-drobilok/drobilki-shchekovye/smd-110a/";""
"плита дробящая подвижная смд-110а купить";"нужен Wordstat";"Тип детали";"/catalog/zapasnye-chasti-i-komplektuyushchie/zapchasti-dlya-drobilok/drobilki-shchekovye/smd-110a/";""
"плита подпятника нижняя дро-592";"нужен Wordstat";"Тип детали";"/catalog/zapasnye-chasti-i-komplektuyushchie/zapchasti-dlya-drobilok/drobilki-konusnye/dro-592-ksd-600/";""
"плита подпятника нижняя дро-592 купить";"нужен Wordstat";"Тип детали";"/catalog/zapasnye-chasti-i-komplektuyushchie/zapchasti-dlya-drobilok/drobilki-konusnye/dro-592-ksd-600/";""
"плита подпятника смд-120а";"нужен Wordstat";"Тип детали";"/catalog/zapasnye-chasti-i-komplektuyushchie/zapchasti-dlya-drobilok/drobilki-konusnye/smd-120a-ksd-900/";""
"плита подпятника смд-120а купить";"нужен Wordstat";"Тип детали";"/catalog/zapasnye-chasti-i-komplektuyushchie/zapchasti-dlya-drobilok/drobilki-konusnye/smd-120a-ksd-900/";""
"плита распорная смд-108а";"нужен Wordstat";"Тип детали";"/catalog/zapasnye-chasti-i-komplektuyushchie/zapchasti-dlya-drobilok/drobilki-shchekovye/smd-108a/";""
"плита распорная смд-108а купить";"нужен Wordstat";"Тип детали";"/catalog/zapasnye-chasti-i-komplektuyushchie/zapchasti-dlya-drobilok/drobilki-shchekovye/smd-108a/";""
"плита распорная смд-109а";"нужен Wordstat";"Тип детали";"/catalog/zapasnye-chasti-i-komplektuyushchie/zapchasti-dlya-drobilok/drobilki-shchekovye/smd-109a/";""
"плита распорная смд-109а купить";"нужен Wordstat";"Тип детали";"/catalog/zapasnye-chasti-i-komplektuyushchie/zapchasti-dlya-drobilok/drobilki-shchekovye/smd-109a/";""
"плита распорная смд-110а";"нужен Wordstat";"Тип детали";"/catalog/zapasnye-chasti-i-komplektuyushchie/zapchasti-dlya-drobilok/drobilki-shchekovye/smd-110a/";""
"плита распорная смд-110а купить";"нужен Wordstat";"Тип детали";"/catalog/zapasnye-chasti-i-komplektuyushchie/zapchasti-dlya-drobilok/drobilki-shchekovye/smd-110a/";""
"плита распределительная ксд-1200 и кмд-1200";"нужен Wordstat";"Тип детали";"/catalog/zapasnye-chasti-i-komplektuyushchie/zapchasti-dlya-drobilok/drobilki-konusnye/ksd-1200-i-kmd-1200/";""
"плита распределительная ксд-1200 и кмд-1200 купить";"нужен Wordstat";"Тип детали";"/catalog/zapasnye-chasti-i-komplektuyushchie/zapchasti-dlya-drobilok/drobilki-konusnye/ksd-1200-i-kmd-1200/";""
"подпятник сферический дро-592";"нужен Wordstat";"Тип детали";"/catalog/zapasnye-chasti-i-komplektuyushchie/zapchasti-dlya-drobilok/drobilki-konusnye/dro-592-ksd-600/";""
"подпятник сферический дро-592 купить";"нужен Wordstat";"Тип детали";"/catalog/zapasnye-chasti-i-komplektuyushchie/zapchasti-dlya-drobilok/drobilki-konusnye/dro-592-ksd-600/";""
"подпятник сферический ксд-1200 и кмд-1200";"нужен Wordstat";"Тип детали";"/catalog/zapasnye-chasti-i-komplektuyushchie/zapchasti-dlya-drobilok/drobilki-konusnye/ksd-1200-i-kmd-1200/";""
"подпятник сферический ксд-1200 и кмд-1200 купить";"нужен Wordstat";"Тип детали";"/catalog/zapasnye-chasti-i-komplektuyushchie/zapchasti-dlya-drobilok/drobilki-konusnye/ksd-1200-i-kmd-1200/";""
"подпятник сферический смд-120а";"нужен Wordstat";"Тип детали";"/catalog/zapasnye-chasti-i-komplektuyushchie/zapchasti-dlya-drobilok/drobilki-konusnye/smd-120a-ksd-900/";""
"подпятник сферический смд-120а купить";"нужен Wordstat";"Тип детали";"/catalog/zapasnye-chasti-i-komplektuyushchie/zapchasti-dlya-drobilok/drobilki-konusnye/smd-120a-ksd-900/";""
"подшипник 2556 смд-110а";"нужен Wordstat";"Тип детали";"/catalog/zapasnye-chasti-i-komplektuyushchie/zapchasti-dlya-drobilok/drobilki-shchekovye/smd-110a/";""
"подшипник 2556 смд-110а купить";"нужен Wordstat";"Тип детали";"/catalog/zapasnye-chasti-i-komplektuyushchie/zapchasti-dlya-drobilok/drobilki-shchekovye/smd-110a/";""
"подшипник 3644 смд-110а";"нужен Wordstat";"Тип детали";"/catalog/zapasnye-chasti-i-komplektuyushchie/zapchasti-dlya-drobilok/drobilki-shchekovye/smd-110a/";""
"подшипник 3644 смд-110а купить";"нужен Wordstat";"Тип детали";"/catalog/zapasnye-chasti-i-komplektuyushchie/zapchasti-dlya-drobilok/drobilki-shchekovye/smd-110a/";""
"подшипник 7520 ксд-1200 и кмд-1200";"нужен Wordstat";"Тип детали";"/catalog/zapasnye-chasti-i-komplektuyushchie/zapchasti-dlya-drobilok/drobilki-konusnye/ksd-1200-i-kmd-1200/";""
"подшипник 7520 ксд-1200 и кмд-1200 купить";"нужен Wordstat";"Тип детали";"/catalog/zapasnye-chasti-i-komplektuyushchie/zapchasti-dlya-drobilok/drobilki-konusnye/ksd-1200-i-kmd-1200/";""
"подшипник 7522 смд-120а";"нужен Wordstat";"Тип детали";"/catalog/zapasnye-chasti-i-komplektuyushchie/zapchasti-dlya-drobilok/drobilki-konusnye/smd-120a-ksd-900/";""
"подшипник 7522 смд-120а купить";"нужен Wordstat";"Тип детали";"/catalog/zapasnye-chasti-i-komplektuyushchie/zapchasti-dlya-drobilok/drobilki-konusnye/smd-120a-ksd-900/";""
"подшипник дро-592";"нужен Wordstat";"Тип детали";"/catalog/zapasnye-chasti-i-komplektuyushchie/zapchasti-dlya-drobilok/drobilki-konusnye/dro-592-ksd-600/";""
"подшипник дро-592 купить";"нужен Wordstat";"Тип детали";"/catalog/zapasnye-chasti-i-komplektuyushchie/zapchasti-dlya-drobilok/drobilki-konusnye/dro-592-ksd-600/";""
"подшипник ксд-1200 и кмд-1200";"нужен Wordstat";"Тип детали";"/catalog/zapasnye-chasti-i-komplektuyushchie/zapchasti-dlya-drobilok/drobilki-konusnye/ksd-1200-i-kmd-1200/";""
"подшипник ксд-1200 и кмд-1200 купить";"нужен Wordstat";"Тип детали";"/catalog/zapasnye-chasti-i-komplektuyushchie/zapchasti-dlya-drobilok/drobilki-konusnye/ksd-1200-i-kmd-1200/";""
"подшипник смд-108а";"нужен Wordstat";"Тип детали";"/catalog/zapasnye-chasti-i-komplektuyushchie/zapchasti-dlya-drobilok/drobilki-shchekovye/smd-108a/";""
"подшипник смд-108а купить";"нужен Wordstat";"Тип детали";"/catalog/zapasnye-chasti-i-komplektuyushchie/zapchasti-dlya-drobilok/drobilki-shchekovye/smd-108a/";""
"подшипник смд-109а";"нужен Wordstat";"Тип детали";"/catalog/zapasnye-chasti-i-komplektuyushchie/zapchasti-dlya-drobilok/drobilki-shchekovye/smd-109a/";""
"подшипник смд-109а купить";"нужен Wordstat";"Тип детали";"/catalog/zapasnye-chasti-i-komplektuyushchie/zapchasti-dlya-drobilok/drobilki-shchekovye/smd-109a/";""
"подшипник смд-120а";"нужен Wordstat";"Тип детали";"/catalog/zapasnye-chasti-i-komplektuyushchie/zapchasti-dlya-drobilok/drobilki-konusnye/smd-120a-ksd-900/";""
"подшипник смд-120а купить";"нужен Wordstat";"Тип детали";"/catalog/zapasnye-chasti-i-komplektuyushchie/zapchasti-dlya-drobilok/drobilki-konusnye/smd-120a-ksd-900/";""
"ползун смд-108а";"нужен Wordstat";"Тип детали";"/catalog/zapasnye-chasti-i-komplektuyushchie/zapchasti-dlya-drobilok/drobilki-shchekovye/smd-108a/";""
"ползун смд-108а купить";"нужен Wordstat";"Тип детали";"/catalog/zapasnye-chasti-i-komplektuyushchie/zapchasti-dlya-drobilok/drobilki-shchekovye/smd-108a/";""
"ползун смд-109а";"нужен Wordstat";"Тип детали";"/catalog/zapasnye-chasti-i-komplektuyushchie/zapchasti-dlya-drobilok/drobilki-shchekovye/smd-109a/";""
"ползун смд-109а купить";"нужен Wordstat";"Тип детали";"/catalog/zapasnye-chasti-i-komplektuyushchie/zapchasti-dlya-drobilok/drobilki-shchekovye/smd-109a/";""
"ползун смд-110а";"нужен Wordstat";"Тип детали";"/catalog/zapasnye-chasti-i-komplektuyushchie/zapchasti-dlya-drobilok/drobilki-shchekovye/smd-110a/";""
"ползун смд-110а купить";"нужен Wordstat";"Тип детали";"/catalog/zapasnye-chasti-i-komplektuyushchie/zapchasti-dlya-drobilok/drobilki-shchekovye/smd-110a/";""
"полотно п-804";"нужен Wordstat";"Тип детали";"/catalog/zapasnye-chasti-i-komplektuyushchie/zapchasti-dlya-pitately/pitatel-plastinchatyy-p-804-104920-10/";""
"полотно п-804 купить";"нужен Wordstat";"Тип детали";"/catalog/zapasnye-chasti-i-komplektuyushchie/zapchasti-dlya-pitately/pitatel-plastinchatyy-p-804-104920-10/";""
"полотно пластин тк-16а";"нужен Wordstat";"Тип детали";"/catalog/zapasnye-chasti-i-komplektuyushchie/zapchasti-dlya-pitately/pitatel-plastinchatyy-tk-16a-dro-604/";""
"полотно пластин тк-16а купить";"нужен Wordstat";"Тип детали";"/catalog/zapasnye-chasti-i-komplektuyushchie/zapchasti-dlya-pitately/pitatel-plastinchatyy-tk-16a-dro-604/";""
"постель ксд-600 сб дро-592";"нужен Wordstat";"Тип детали";"/catalog/zapasnye-chasti-i-komplektuyushchie/zapchasti-dlya-drobilok/drobilki-konusnye/dro-592-ksd-600/";""
"постель ксд-600 сб дро-592 купить";"нужен Wordstat";"Тип детали";"/catalog/zapasnye-chasti-i-komplektuyushchie/zapchasti-dlya-drobilok/drobilki-konusnye/dro-592-ksd-600/";""
"постель ксд-900 сб смд-120а";"нужен Wordstat";"Тип детали";"/catalog/zapasnye-chasti-i-komplektuyushchie/zapchasti-dlya-drobilok/drobilki-konusnye/smd-120a-ksd-900/";""
"постель ксд-900 сб смд-120а купить";"нужен Wordstat";"Тип детали";"/catalog/zapasnye-chasti-i-komplektuyushchie/zapchasti-dlya-drobilok/drobilki-konusnye/smd-120a-ksd-900/";""
"привод дро-592";"нужен Wordstat";"Тип детали";"/catalog/zapasnye-chasti-i-komplektuyushchie/zapchasti-dlya-drobilok/drobilki-konusnye/dro-592-ksd-600/";""
"привод дро-592 купить";"нужен Wordstat";"Тип детали";"/catalog/zapasnye-chasti-i-komplektuyushchie/zapchasti-dlya-drobilok/drobilki-konusnye/dro-592-ksd-600/";""
"привод дробилки смд-120а смд-120а";"нужен Wordstat";"Тип детали";"/catalog/zapasnye-chasti-i-komplektuyushchie/zapchasti-dlya-drobilok/drobilki-konusnye/smd-120a-ksd-900/";""
"привод дробилки смд-120а смд-120а купить";"нужен Wordstat";"Тип детали";"/catalog/zapasnye-chasti-i-komplektuyushchie/zapchasti-dlya-drobilok/drobilki-konusnye/smd-120a-ksd-900/";""
"привод дробилки смд-120ат смд-120а";"нужен Wordstat";"Тип детали";"/catalog/zapasnye-chasti-i-komplektuyushchie/zapchasti-dlya-drobilok/drobilki-konusnye/smd-120a-ksd-900/";""
"привод дробилки смд-120ат смд-120а купить";"нужен Wordstat";"Тип детали";"/catalog/zapasnye-chasti-i-komplektuyushchie/zapchasti-dlya-drobilok/drobilki-konusnye/smd-120a-ksd-900/";""
"привод сб дро-592";"нужен Wordstat";"Тип детали";"/catalog/zapasnye-chasti-i-komplektuyushchie/zapchasti-dlya-drobilok/drobilki-konusnye/dro-592-ksd-600/";""
"привод сб дро-592 купить";"нужен Wordstat";"Тип детали";"/catalog/zapasnye-chasti-i-komplektuyushchie/zapchasti-dlya-drobilok/drobilki-konusnye/dro-592-ksd-600/";""
"привод сб смд-108а";"нужен Wordstat";"Тип детали";"/catalog/zapasnye-chasti-i-komplektuyushchie/zapchasti-dlya-drobilok/drobilki-shchekovye/smd-108a/";""
"привод сб смд-108а купить";"нужен Wordstat";"Тип детали";"/catalog/zapasnye-chasti-i-komplektuyushchie/zapchasti-dlya-drobilok/drobilki-shchekovye/smd-108a/";""
"привод сб смд-109а";"нужен Wordstat";"Тип детали";"/catalog/zapasnye-chasti-i-komplektuyushchie/zapchasti-dlya-drobilok/drobilki-shchekovye/smd-109a/";""
"привод сб смд-109а купить";"нужен Wordstat";"Тип детали";"/catalog/zapasnye-chasti-i-komplektuyushchie/zapchasti-dlya-drobilok/drobilki-shchekovye/smd-109a/";""
"привод сб смд-109а смд-109а";"нужен Wordstat";"Тип детали";"/catalog/zapasnye-chasti-i-komplektuyushchie/zapchasti-dlya-drobilok/drobilki-shchekovye/smd-109a/";""
"привод сб смд-109а смд-109а купить";"нужен Wordstat";"Тип детали";"/catalog/zapasnye-chasti-i-komplektuyushchie/zapchasti-dlya-drobilok/drobilki-shchekovye/smd-109a/";""
"привод сб смд-110а";"нужен Wordstat";"Тип детали";"/catalog/zapasnye-chasti-i-komplektuyushchie/zapchasti-dlya-drobilok/drobilki-shchekovye/smd-110a/";""
"привод сб смд-110а купить";"нужен Wordstat";"Тип детали";"/catalog/zapasnye-chasti-i-komplektuyushchie/zapchasti-dlya-drobilok/drobilki-shchekovye/smd-110a/";""
"привод сб смд-120а";"нужен Wordstat";"Тип детали";"/catalog/zapasnye-chasti-i-komplektuyushchie/zapchasti-dlya-drobilok/drobilki-konusnye/smd-120a-ksd-900/";""
"привод сб смд-120а купить";"нужен Wordstat";"Тип детали";"/catalog/zapasnye-chasti-i-komplektuyushchie/zapchasti-dlya-drobilok/drobilki-konusnye/smd-120a-ksd-900/";""
"прокладка дро-592";"нужен Wordstat";"Тип детали";"/catalog/zapasnye-chasti-i-komplektuyushchie/zapchasti-dlya-drobilok/drobilki-konusnye/dro-592-ksd-600/";""
"прокладка дро-592 купить";"нужен Wordstat";"Тип детали";"/catalog/zapasnye-chasti-i-komplektuyushchie/zapchasti-dlya-drobilok/drobilki-konusnye/dro-592-ksd-600/";""
"прокладка кольца регулирующего ксд-1200 и кмд-1200";"нужен Wordstat";"Тип детали";"/catalog/zapasnye-chasti-i-komplektuyushchie/zapchasti-dlya-drobilok/drobilki-konusnye/ksd-1200-i-kmd-1200/";""
"прокладка кольца регулирующего ксд-1200 и кмд-1200 купить";"нужен Wordstat";"Тип детали";"/catalog/zapasnye-chasti-i-komplektuyushchie/zapchasti-dlya-drobilok/drobilki-konusnye/ksd-1200-i-kmd-1200/";""
"прокладка ксд-1200 и кмд-1200";"нужен Wordstat";"Тип детали";"/catalog/zapasnye-chasti-i-komplektuyushchie/zapchasti-dlya-drobilok/drobilki-konusnye/ksd-1200-i-kmd-1200/";""
"прокладка ксд-1200 и кмд-1200 купить";"нужен Wordstat";"Тип детали";"/catalog/zapasnye-chasti-i-komplektuyushchie/zapchasti-dlya-drobilok/drobilki-konusnye/ksd-1200-i-kmd-1200/";""
"прокладка привода дро-592";"нужен Wordstat";"Тип детали";"/catalog/zapasnye-chasti-i-komplektuyushchie/zapchasti-dlya-drobilok/drobilki-konusnye/dro-592-ksd-600/";""
"прокладка привода дро-592 купить";"нужен Wordstat";"Тип детали";"/catalog/zapasnye-chasti-i-komplektuyushchie/zapchasti-dlya-drobilok/drobilki-konusnye/dro-592-ksd-600/";""
"прокладка привода смд-120а";"нужен Wordstat";"Тип детали";"/catalog/zapasnye-chasti-i-komplektuyushchie/zapchasti-dlya-drobilok/drobilki-konusnye/smd-120a-ksd-900/";""
"прокладка привода смд-120а купить";"нужен Wordstat";"Тип детали";"/catalog/zapasnye-chasti-i-komplektuyushchie/zapchasti-dlya-drobilok/drobilki-konusnye/smd-120a-ksd-900/";""
"прокладка смд-108а";"нужен Wordstat";"Тип детали";"/catalog/zapasnye-chasti-i-komplektuyushchie/zapchasti-dlya-drobilok/drobilki-shchekovye/smd-108a/";""
"прокладка смд-108а купить";"нужен Wordstat";"Тип детали";"/catalog/zapasnye-chasti-i-komplektuyushchie/zapchasti-dlya-drobilok/drobilki-shchekovye/smd-108a/";""
"прокладка смд-109а";"нужен Wordstat";"Тип детали";"/catalog/zapasnye-chasti-i-komplektuyushchie/zapchasti-dlya-drobilok/drobilki-shchekovye/smd-109a/";""
"прокладка смд-109а купить";"нужен Wordstat";"Тип детали";"/catalog/zapasnye-chasti-i-komplektuyushchie/zapchasti-dlya-drobilok/drobilki-shchekovye/smd-109a/";""
"прокладка смд-109а смд-109а";"нужен Wordstat";"Тип детали";"/catalog/zapasnye-chasti-i-komplektuyushchie/zapchasti-dlya-drobilok/drobilki-shchekovye/smd-109a/";""
"прокладка смд-109а смд-109а купить";"нужен Wordstat";"Тип детали";"/catalog/zapasnye-chasti-i-komplektuyushchie/zapchasti-dlya-drobilok/drobilki-shchekovye/smd-109a/";""
"прокладка смд-110а";"нужен Wordstat";"Тип детали";"/catalog/zapasnye-chasti-i-komplektuyushchie/zapchasti-dlya-drobilok/drobilki-shchekovye/smd-110a/";""
"прокладка смд-110а купить";"нужен Wordstat";"Тип детали";"/catalog/zapasnye-chasti-i-komplektuyushchie/zapchasti-dlya-drobilok/drobilki-shchekovye/smd-110a/";""
"прокладка смд-120а";"нужен Wordstat";"Тип детали";"/catalog/zapasnye-chasti-i-komplektuyushchie/zapchasti-dlya-drobilok/drobilki-konusnye/smd-120a-ksd-900/";""
"прокладка смд-120а купить";"нужен Wordstat";"Тип детали";"/catalog/zapasnye-chasti-i-komplektuyushchie/zapchasti-dlya-drobilok/drobilki-konusnye/smd-120a-ksd-900/";""
"противовес смд-108а смд-108а";"нужен Wordstat";"Тип детали";"/catalog/zapasnye-chasti-i-komplektuyushchie/zapchasti-dlya-drobilok/drobilki-shchekovye/smd-108a/";""
"противовес смд-108а смд-108а купить";"нужен Wordstat";"Тип детали";"/catalog/zapasnye-chasti-i-komplektuyushchie/zapchasti-dlya-drobilok/drobilki-shchekovye/smd-108a/";""
"пружина 3н ксд-1200 и кмд-1200";"нужен Wordstat";"Тип детали";"/catalog/zapasnye-chasti-i-komplektuyushchie/zapchasti-dlya-drobilok/drobilki-konusnye/ksd-1200-i-kmd-1200/";""
"пружина 3н ксд-1200 и кмд-1200 купить";"нужен Wordstat";"Тип детали";"/catalog/zapasnye-chasti-i-komplektuyushchie/zapchasti-dlya-drobilok/drobilki-konusnye/ksd-1200-i-kmd-1200/";""
"пружина дро-592";"нужен Wordstat";"Тип детали";"/catalog/zapasnye-chasti-i-komplektuyushchie/zapchasti-dlya-drobilok/drobilki-konusnye/dro-592-ksd-600/";""
"пружина дро-592 купить";"нужен Wordstat";"Тип детали";"/catalog/zapasnye-chasti-i-komplektuyushchie/zapchasti-dlya-drobilok/drobilki-konusnye/dro-592-ksd-600/";""
"пружина смд-108а";"нужен Wordstat";"Тип детали";"/catalog/zapasnye-chasti-i-komplektuyushchie/zapchasti-dlya-drobilok/drobilki-shchekovye/smd-108a/";""
"пружина смд-108а купить";"нужен Wordstat";"Тип детали";"/catalog/zapasnye-chasti-i-komplektuyushchie/zapchasti-dlya-drobilok/drobilki-shchekovye/smd-108a/";""
"пружина смд-109а смд-109а";"нужен Wordstat";"Тип детали";"/catalog/zapasnye-chasti-i-komplektuyushchie/zapchasti-dlya-drobilok/drobilki-shchekovye/smd-109a/";""
"пружина смд-109а смд-109а купить";"нужен Wordstat";"Тип детали";"/catalog/zapasnye-chasti-i-komplektuyushchie/zapchasti-dlya-drobilok/drobilki-shchekovye/smd-109a/";""
"пружина смд-110а смд-110а";"нужен Wordstat";"Тип детали";"/catalog/zapasnye-chasti-i-komplektuyushchie/zapchasti-dlya-drobilok/drobilki-shchekovye/smd-110a/";""
"пружина смд-110а смд-110а купить";"нужен Wordstat";"Тип детали";"/catalog/zapasnye-chasti-i-komplektuyushchie/zapchasti-dlya-drobilok/drobilki-shchekovye/smd-110a/";""
"пружина смд-120а";"нужен Wordstat";"Тип детали";"/catalog/zapasnye-chasti-i-komplektuyushchie/zapchasti-dlya-drobilok/drobilki-konusnye/smd-120a-ksd-900/";""
"пружина смд-120а купить";"нужен Wordstat";"Тип детали";"/catalog/zapasnye-chasti-i-komplektuyushchie/zapchasti-dlya-drobilok/drobilki-konusnye/smd-120a-ksd-900/";""
"пылеотбойник ксд-1200 и кмд-1200";"нужен Wordstat";"Тип детали";"/catalog/zapasnye-chasti-i-komplektuyushchie/zapchasti-dlya-drobilok/drobilki-konusnye/ksd-1200-i-kmd-1200/";""
"пылеотбойник ксд-1200 и кмд-1200 купить";"нужен Wordstat";"Тип детали";"/catalog/zapasnye-chasti-i-komplektuyushchie/zapchasti-dlya-drobilok/drobilki-konusnye/ksd-1200-i-kmd-1200/";""
"ремень клиновой д -5000 гост смд-120а";"нужен Wordstat";"Тип детали";"/catalog/zapasnye-chasti-i-komplektuyushchie/zapchasti-dlya-drobilok/drobilki-konusnye/smd-120a-ksd-900/";""
"ремень клиновой д -5000 гост смд-120а купить";"нужен Wordstat";"Тип детали";"/catalog/zapasnye-chasti-i-komplektuyushchie/zapchasti-dlya-drobilok/drobilki-konusnye/smd-120a-ksd-900/";""
"ремень клиновой д -6300 смд-110а";"нужен Wordstat";"Тип детали";"/catalog/zapasnye-chasti-i-komplektuyushchie/zapchasti-dlya-drobilok/drobilki-shchekovye/smd-110a/";""
"ремень клиновой д -6300 смд-110а купить";"нужен Wordstat";"Тип детали";"/catalog/zapasnye-chasti-i-komplektuyushchie/zapchasti-dlya-drobilok/drobilki-shchekovye/smd-110a/";""
"ремень клиновой с -3350 дро-592";"нужен Wordstat";"Тип детали";"/catalog/zapasnye-chasti-i-komplektuyushchie/zapchasti-dlya-drobilok/drobilki-konusnye/dro-592-ksd-600/";""
"ремень клиновой с -3350 дро-592 купить";"нужен Wordstat";"Тип детали";"/catalog/zapasnye-chasti-i-komplektuyushchie/zapchasti-dlya-drobilok/drobilki-konusnye/dro-592-ksd-600/";""
"ремень клиновой с -5000 смд-108а";"нужен Wordstat";"Тип детали";"/catalog/zapasnye-chasti-i-komplektuyushchie/zapchasti-dlya-drobilok/drobilki-shchekovye/smd-108a/";""
"ремень клиновой с -5000 смд-108а купить";"нужен Wordstat";"Тип детали";"/catalog/zapasnye-chasti-i-komplektuyushchie/zapchasti-dlya-drobilok/drobilki-shchekovye/smd-108a/";""
"ремень клиновой смд-109а с -5000 смд-109а";"нужен Wordstat";"Тип детали";"/catalog/zapasnye-chasti-i-komplektuyushchie/zapchasti-dlya-drobilok/drobilki-shchekovye/smd-109a/";""
"ремень клиновой смд-109а с -5000 смд-109а купить";"нужен Wordstat";"Тип детали";"/catalog/zapasnye-chasti-i-komplektuyushchie/zapchasti-dlya-drobilok/drobilki-shchekovye/smd-109a/";""
"ролик опорный тк-16а";"нужен Wordstat";"Тип детали";"/catalog/zapasnye-chasti-i-komplektuyushchie/zapchasti-dlya-pitately/pitatel-plastinchatyy-tk-16a-dro-604/";""
"ролик опорный тк-16а купить";"нужен Wordstat";"Тип детали";"/catalog/zapasnye-chasti-i-komplektuyushchie/zapchasti-dlya-pitately/pitatel-plastinchatyy-tk-16a-dro-604/";""
"рычаг смд-110а";"нужен Wordstat";"Тип детали";"/catalog/zapasnye-chasti-i-komplektuyushchie/zapchasti-dlya-drobilok/drobilki-shchekovye/smd-110a/";""
"рычаг смд-110а купить";"нужен Wordstat";"Тип детали";"/catalog/zapasnye-chasti-i-komplektuyushchie/zapchasti-dlya-drobilok/drobilki-shchekovye/smd-110a/";""
"салазки дро-592";"нужен Wordstat";"Тип детали";"/catalog/zapasnye-chasti-i-komplektuyushchie/zapchasti-dlya-drobilok/drobilki-konusnye/dro-592-ksd-600/";""
"салазки дро-592 купить";"нужен Wordstat";"Тип детали";"/catalog/zapasnye-chasti-i-komplektuyushchie/zapchasti-dlya-drobilok/drobilki-konusnye/dro-592-ksd-600/";""
"салазки смд-108а";"нужен Wordstat";"Тип детали";"/catalog/zapasnye-chasti-i-komplektuyushchie/zapchasti-dlya-drobilok/drobilki-shchekovye/smd-108a/";""
"салазки смд-108а купить";"нужен Wordstat";"Тип детали";"/catalog/zapasnye-chasti-i-komplektuyushchie/zapchasti-dlya-drobilok/drobilki-shchekovye/smd-108a/";""
"салазки смд-109а";"нужен Wordstat";"Тип детали";"/catalog/zapasnye-chasti-i-komplektuyushchie/zapchasti-dlya-drobilok/drobilki-shchekovye/smd-109a/";""
"салазки смд-109а купить";"нужен Wordstat";"Тип детали";"/catalog/zapasnye-chasti-i-komplektuyushchie/zapchasti-dlya-drobilok/drobilki-shchekovye/smd-109a/";""
"салазки смд-110а";"нужен Wordstat";"Тип детали";"/catalog/zapasnye-chasti-i-komplektuyushchie/zapchasti-dlya-drobilok/drobilki-shchekovye/smd-110a/";""
"салазки смд-110а купить";"нужен Wordstat";"Тип детали";"/catalog/zapasnye-chasti-i-komplektuyushchie/zapchasti-dlya-drobilok/drobilki-shchekovye/smd-110a/";""
"салазки смд-120а смд-120а";"нужен Wordstat";"Тип детали";"/catalog/zapasnye-chasti-i-komplektuyushchie/zapchasti-dlya-drobilok/drobilki-konusnye/smd-120a-ksd-900/";""
"салазки смд-120а смд-120а купить";"нужен Wordstat";"Тип детали";"/catalog/zapasnye-chasti-i-komplektuyushchie/zapchasti-dlya-drobilok/drobilki-konusnye/smd-120a-ksd-900/";""
"салазки смд-120ат смд-120а";"нужен Wordstat";"Тип детали";"/catalog/zapasnye-chasti-i-komplektuyushchie/zapchasti-dlya-drobilok/drobilki-konusnye/smd-120a-ksd-900/";""
"салазки смд-120ат смд-120а купить";"нужен Wordstat";"Тип детали";"/catalog/zapasnye-chasti-i-komplektuyushchie/zapchasti-dlya-drobilok/drobilki-konusnye/smd-120a-ksd-900/";""
"сектор брони дс-158 дс-158 / дс-185";"нужен Wordstat";"Тип детали";"/catalog/zapasnye-chasti-i-komplektuyushchie/zapchasti-dlya-abz/zapchasti-dlya-ds-158-ds-185/";""
"сектор брони дс-158 дс-158 / дс-185 купить";"нужен Wordstat";"Тип детали";"/catalog/zapasnye-chasti-i-komplektuyushchie/zapchasti-dlya-abz/zapchasti-dlya-ds-158-ds-185/";""
"сектор клиновой смд-120а";"нужен Wordstat";"Тип детали";"/catalog/zapasnye-chasti-i-komplektuyushchie/zapchasti-dlya-drobilok/drobilki-konusnye/smd-120a-ksd-900/";""
"сектор клиновой смд-120а купить";"нужен Wordstat";"Тип детали";"/catalog/zapasnye-chasti-i-komplektuyushchie/zapchasti-dlya-drobilok/drobilki-konusnye/smd-120a-ksd-900/";""
"секция пружин сб ксд-1200 и кмд-1200";"нужен Wordstat";"Тип детали";"/catalog/zapasnye-chasti-i-komplektuyushchie/zapchasti-dlya-drobilok/drobilki-konusnye/ksd-1200-i-kmd-1200/";""
"секция пружин сб ксд-1200 и кмд-1200 купить";"нужен Wordstat";"Тип детали";"/catalog/zapasnye-chasti-i-komplektuyushchie/zapchasti-dlya-drobilok/drobilki-konusnye/ksd-1200-i-kmd-1200/";""
"сетка рифлёная яч. 1,6×1,6, немецкая пружинная сталь";"нужен Wordstat";"Тип детали";"/catalog/zapasnye-chasti-i-komplektuyushchie/zapchasti-dlya-grokhotov/setka-riflenaya-dlya-grokhotov/setka-riflenaya-dlya-grokhotov-iz-nemetskoy-pruzhinnoy-stali/";""
"сетка рифлёная яч. 1,6×1,6, немецкая пружинная сталь купить";"нужен Wordstat";"Тип детали";"/catalog/zapasnye-chasti-i-komplektuyushchie/zapchasti-dlya-grokhotov/setka-riflenaya-dlya-grokhotov/setka-riflenaya-dlya-grokhotov-iz-nemetskoy-pruzhinnoy-stali/";""
"сетка рифлёная яч. 10×10 гост";"нужен Wordstat";"Тип детали";"/catalog/zapasnye-chasti-i-komplektuyushchie/zapchasti-dlya-grokhotov/setka-riflenaya-dlya-grokhotov/setka-riflenaya-dlya-grokhotov-iz-rossiyskoy-stali/";""
"сетка рифлёная яч. 10×10 гост купить";"нужен Wordstat";"Тип детали";"/catalog/zapasnye-chasti-i-komplektuyushchie/zapchasti-dlya-grokhotov/setka-riflenaya-dlya-grokhotov/setka-riflenaya-dlya-grokhotov-iz-rossiyskoy-stali/";""
"сетка рифлёная яч. 10×10, немецкая пружинная сталь";"нужен Wordstat";"Тип детали";"/catalog/zapasnye-chasti-i-komplektuyushchie/zapchasti-dlya-grokhotov/setka-riflenaya-dlya-grokhotov/setka-riflenaya-dlya-grokhotov-iz-nemetskoy-pruzhinnoy-stali/";""
"сетка рифлёная яч. 10×10, немецкая пружинная сталь купить";"нужен Wordstat";"Тип детали";"/catalog/zapasnye-chasti-i-komplektuyushchie/zapchasti-dlya-grokhotov/setka-riflenaya-dlya-grokhotov/setka-riflenaya-dlya-grokhotov-iz-nemetskoy-pruzhinnoy-stali/";""
"сетка рифлёная яч. 12×12 гост";"нужен Wordstat";"Тип детали";"/catalog/zapasnye-chasti-i-komplektuyushchie/zapchasti-dlya-grokhotov/setka-riflenaya-dlya-grokhotov/setka-riflenaya-dlya-grokhotov-iz-rossiyskoy-stali/";""
"сетка рифлёная яч. 12×12 гост купить";"нужен Wordstat";"Тип детали";"/catalog/zapasnye-chasti-i-komplektuyushchie/zapchasti-dlya-grokhotov/setka-riflenaya-dlya-grokhotov/setka-riflenaya-dlya-grokhotov-iz-rossiyskoy-stali/";""
"сетка рифлёная яч. 12×12, немецкая пружинная сталь";"нужен Wordstat";"Тип детали";"/catalog/zapasnye-chasti-i-komplektuyushchie/zapchasti-dlya-grokhotov/setka-riflenaya-dlya-grokhotov/setka-riflenaya-dlya-grokhotov-iz-nemetskoy-pruzhinnoy-stali/";""
"сетка рифлёная яч. 12×12, немецкая пружинная сталь купить";"нужен Wordstat";"Тип детали";"/catalog/zapasnye-chasti-i-komplektuyushchie/zapchasti-dlya-grokhotov/setka-riflenaya-dlya-grokhotov/setka-riflenaya-dlya-grokhotov-iz-nemetskoy-pruzhinnoy-stali/";""
"сетка рифлёная яч. 13×13, немецкая пружинная сталь";"нужен Wordstat";"Тип детали";"/catalog/zapasnye-chasti-i-komplektuyushchie/zapchasti-dlya-grokhotov/setka-riflenaya-dlya-grokhotov/setka-riflenaya-dlya-grokhotov-iz-nemetskoy-pruzhinnoy-stali/";""
"сетка рифлёная яч. 13×13, немецкая пружинная сталь купить";"нужен Wordstat";"Тип детали";"/catalog/zapasnye-chasti-i-komplektuyushchie/zapchasti-dlya-grokhotov/setka-riflenaya-dlya-grokhotov/setka-riflenaya-dlya-grokhotov-iz-nemetskoy-pruzhinnoy-stali/";""
"сетка рифлёная яч. 14×14, немецкая пружинная сталь";"нужен Wordstat";"Тип детали";"/catalog/zapasnye-chasti-i-komplektuyushchie/zapchasti-dlya-grokhotov/setka-riflenaya-dlya-grokhotov/setka-riflenaya-dlya-grokhotov-iz-nemetskoy-pruzhinnoy-stali/";""
"сетка рифлёная яч. 14×14, немецкая пружинная сталь купить";"нужен Wordstat";"Тип детали";"/catalog/zapasnye-chasti-i-komplektuyushchie/zapchasti-dlya-grokhotov/setka-riflenaya-dlya-grokhotov/setka-riflenaya-dlya-grokhotov-iz-nemetskoy-pruzhinnoy-stali/";""
"сетка рифлёная яч. 15×15 гост";"нужен Wordstat";"Тип детали";"/catalog/zapasnye-chasti-i-komplektuyushchie/zapchasti-dlya-grokhotov/setka-riflenaya-dlya-grokhotov/setka-riflenaya-dlya-grokhotov-iz-rossiyskoy-stali/";""
"сетка рифлёная яч. 15×15 гост купить";"нужен Wordstat";"Тип детали";"/catalog/zapasnye-chasti-i-komplektuyushchie/zapchasti-dlya-grokhotov/setka-riflenaya-dlya-grokhotov/setka-riflenaya-dlya-grokhotov-iz-rossiyskoy-stali/";""
"сетка рифлёная яч. 15×15, немецкая пружинная сталь";"нужен Wordstat";"Тип детали";"/catalog/zapasnye-chasti-i-komplektuyushchie/zapchasti-dlya-grokhotov/setka-riflenaya-dlya-grokhotov/setka-riflenaya-dlya-grokhotov-iz-nemetskoy-pruzhinnoy-stali/";""
"сетка рифлёная яч. 15×15, немецкая пружинная сталь купить";"нужен Wordstat";"Тип детали";"/catalog/zapasnye-chasti-i-komplektuyushchie/zapchasti-dlya-grokhotov/setka-riflenaya-dlya-grokhotov/setka-riflenaya-dlya-grokhotov-iz-nemetskoy-pruzhinnoy-stali/";""
"сетка рифлёная яч. 16×16, немецкая пружинная сталь";"нужен Wordstat";"Тип детали";"/catalog/zapasnye-chasti-i-komplektuyushchie/zapchasti-dlya-grokhotov/setka-riflenaya-dlya-grokhotov/setka-riflenaya-dlya-grokhotov-iz-nemetskoy-pruzhinnoy-stali/";""
"сетка рифлёная яч. 16×16, немецкая пружинная сталь купить";"нужен Wordstat";"Тип детали";"/catalog/zapasnye-chasti-i-komplektuyushchie/zapchasti-dlya-grokhotov/setka-riflenaya-dlya-grokhotov/setka-riflenaya-dlya-grokhotov-iz-nemetskoy-pruzhinnoy-stali/";""
"сетка рифлёная яч. 18×18 гост";"нужен Wordstat";"Тип детали";"/catalog/zapasnye-chasti-i-komplektuyushchie/zapchasti-dlya-grokhotov/setka-riflenaya-dlya-grokhotov/setka-riflenaya-dlya-grokhotov-iz-rossiyskoy-stali/";""
"сетка рифлёная яч. 18×18 гост купить";"нужен Wordstat";"Тип детали";"/catalog/zapasnye-chasti-i-komplektuyushchie/zapchasti-dlya-grokhotov/setka-riflenaya-dlya-grokhotov/setka-riflenaya-dlya-grokhotov-iz-rossiyskoy-stali/";""
"сетка рифлёная яч. 18×18, немецкая пружинная сталь";"нужен Wordstat";"Тип детали";"/catalog/zapasnye-chasti-i-komplektuyushchie/zapchasti-dlya-grokhotov/setka-riflenaya-dlya-grokhotov/setka-riflenaya-dlya-grokhotov-iz-nemetskoy-pruzhinnoy-stali/";""
"сетка рифлёная яч. 18×18, немецкая пружинная сталь купить";"нужен Wordstat";"Тип детали";"/catalog/zapasnye-chasti-i-komplektuyushchie/zapchasti-dlya-grokhotov/setka-riflenaya-dlya-grokhotov/setka-riflenaya-dlya-grokhotov-iz-nemetskoy-pruzhinnoy-stali/";""
"сетка рифлёная яч. 2×2 гост";"нужен Wordstat";"Тип детали";"/catalog/zapasnye-chasti-i-komplektuyushchie/zapchasti-dlya-grokhotov/setka-riflenaya-dlya-grokhotov/setka-riflenaya-dlya-grokhotov-iz-rossiyskoy-stali/";""
"сетка рифлёная яч. 2×2 гост купить";"нужен Wordstat";"Тип детали";"/catalog/zapasnye-chasti-i-komplektuyushchie/zapchasti-dlya-grokhotov/setka-riflenaya-dlya-grokhotov/setka-riflenaya-dlya-grokhotov-iz-rossiyskoy-stali/";""
"сетка рифлёная яч. 2×2, немецкая пружинная сталь";"нужен Wordstat";"Тип детали";"/catalog/zapasnye-chasti-i-komplektuyushchie/zapchasti-dlya-grokhotov/setka-riflenaya-dlya-grokhotov/setka-riflenaya-dlya-grokhotov-iz-nemetskoy-pruzhinnoy-stali/";""
"сетка рифлёная яч. 2×2, немецкая пружинная сталь купить";"нужен Wordstat";"Тип детали";"/catalog/zapasnye-chasti-i-komplektuyushchie/zapchasti-dlya-grokhotov/setka-riflenaya-dlya-grokhotov/setka-riflenaya-dlya-grokhotov-iz-nemetskoy-pruzhinnoy-stali/";""
"сетка рифлёная яч. 20×20 гост";"нужен Wordstat";"Тип детали";"/catalog/zapasnye-chasti-i-komplektuyushchie/zapchasti-dlya-grokhotov/setka-riflenaya-dlya-grokhotov/setka-riflenaya-dlya-grokhotov-iz-rossiyskoy-stali/";""
"сетка рифлёная яч. 20×20 гост купить";"нужен Wordstat";"Тип детали";"/catalog/zapasnye-chasti-i-komplektuyushchie/zapchasti-dlya-grokhotov/setka-riflenaya-dlya-grokhotov/setka-riflenaya-dlya-grokhotov-iz-rossiyskoy-stali/";""
"сетка рифлёная яч. 20×20, немецкая пружинная сталь";"нужен Wordstat";"Тип детали";"/catalog/zapasnye-chasti-i-komplektuyushchie/zapchasti-dlya-grokhotov/setka-riflenaya-dlya-grokhotov/setka-riflenaya-dlya-grokhotov-iz-nemetskoy-pruzhinnoy-stali/";""
"сетка рифлёная яч. 20×20, немецкая пружинная сталь купить";"нужен Wordstat";"Тип детали";"/catalog/zapasnye-chasti-i-komplektuyushchie/zapchasti-dlya-grokhotov/setka-riflenaya-dlya-grokhotov/setka-riflenaya-dlya-grokhotov-iz-nemetskoy-pruzhinnoy-stali/";""
"сетка рифлёная яч. 22×22, немецкая пружинная сталь";"нужен Wordstat";"Тип детали";"/catalog/zapasnye-chasti-i-komplektuyushchie/zapchasti-dlya-grokhotov/setka-riflenaya-dlya-grokhotov/setka-riflenaya-dlya-grokhotov-iz-nemetskoy-pruzhinnoy-stali/";""
"сетка рифлёная яч. 22×22, немецкая пружинная сталь купить";"нужен Wordstat";"Тип детали";"/catalog/zapasnye-chasti-i-komplektuyushchie/zapchasti-dlya-grokhotov/setka-riflenaya-dlya-grokhotov/setka-riflenaya-dlya-grokhotov-iz-nemetskoy-pruzhinnoy-stali/";""
"сетка рифлёная яч. 25×25 гост";"нужен Wordstat";"Тип детали";"/catalog/zapasnye-chasti-i-komplektuyushchie/zapchasti-dlya-grokhotov/setka-riflenaya-dlya-grokhotov/setka-riflenaya-dlya-grokhotov-iz-rossiyskoy-stali/";""
"сетка рифлёная яч. 25×25 гост купить";"нужен Wordstat";"Тип детали";"/catalog/zapasnye-chasti-i-komplektuyushchie/zapchasti-dlya-grokhotov/setka-riflenaya-dlya-grokhotov/setka-riflenaya-dlya-grokhotov-iz-rossiyskoy-stali/";""
"сетка рифлёная яч. 25×25, немецкая пружинная сталь";"нужен Wordstat";"Тип детали";"/catalog/zapasnye-chasti-i-komplektuyushchie/zapchasti-dlya-grokhotov/setka-riflenaya-dlya-grokhotov/setka-riflenaya-dlya-grokhotov-iz-nemetskoy-pruzhinnoy-stali/";""
"сетка рифлёная яч. 25×25, немецкая пружинная сталь купить";"нужен Wordstat";"Тип детали";"/catalog/zapasnye-chasti-i-komplektuyushchie/zapchasti-dlya-grokhotov/setka-riflenaya-dlya-grokhotov/setka-riflenaya-dlya-grokhotov-iz-nemetskoy-pruzhinnoy-stali/";""
"сетка рифлёная яч. 3×3 гост";"нужен Wordstat";"Тип детали";"/catalog/zapasnye-chasti-i-komplektuyushchie/zapchasti-dlya-grokhotov/setka-riflenaya-dlya-grokhotov/setka-riflenaya-dlya-grokhotov-iz-rossiyskoy-stali/";""
"сетка рифлёная яч. 3×3 гост купить";"нужен Wordstat";"Тип детали";"/catalog/zapasnye-chasti-i-komplektuyushchie/zapchasti-dlya-grokhotov/setka-riflenaya-dlya-grokhotov/setka-riflenaya-dlya-grokhotov-iz-rossiyskoy-stali/";""
"сетка рифлёная яч. 3×3, немецкая пружинная сталь";"нужен Wordstat";"Тип детали";"/catalog/zapasnye-chasti-i-komplektuyushchie/zapchasti-dlya-grokhotov/setka-riflenaya-dlya-grokhotov/setka-riflenaya-dlya-grokhotov-iz-nemetskoy-pruzhinnoy-stali/";""
"сетка рифлёная яч. 3×3, немецкая пружинная сталь купить";"нужен Wordstat";"Тип детали";"/catalog/zapasnye-chasti-i-komplektuyushchie/zapchasti-dlya-grokhotov/setka-riflenaya-dlya-grokhotov/setka-riflenaya-dlya-grokhotov-iz-nemetskoy-pruzhinnoy-stali/";""
"сетка рифлёная яч. 30×30 гост";"нужен Wordstat";"Тип детали";"/catalog/zapasnye-chasti-i-komplektuyushchie/zapchasti-dlya-grokhotov/setka-riflenaya-dlya-grokhotov/setka-riflenaya-dlya-grokhotov-iz-rossiyskoy-stali/";""
"сетка рифлёная яч. 30×30 гост купить";"нужен Wordstat";"Тип детали";"/catalog/zapasnye-chasti-i-komplektuyushchie/zapchasti-dlya-grokhotov/setka-riflenaya-dlya-grokhotov/setka-riflenaya-dlya-grokhotov-iz-rossiyskoy-stali/";""
"сетка рифлёная яч. 30×30, немецкая пружинная сталь";"нужен Wordstat";"Тип детали";"/catalog/zapasnye-chasti-i-komplektuyushchie/zapchasti-dlya-grokhotov/setka-riflenaya-dlya-grokhotov/setka-riflenaya-dlya-grokhotov-iz-nemetskoy-pruzhinnoy-stali/";""
"сетка рифлёная яч. 30×30, немецкая пружинная сталь купить";"нужен Wordstat";"Тип детали";"/catalog/zapasnye-chasti-i-komplektuyushchie/zapchasti-dlya-grokhotov/setka-riflenaya-dlya-grokhotov/setka-riflenaya-dlya-grokhotov-iz-nemetskoy-pruzhinnoy-stali/";""
"сетка рифлёная яч. 32×32, немецкая пружинная сталь";"нужен Wordstat";"Тип детали";"/catalog/zapasnye-chasti-i-komplektuyushchie/zapchasti-dlya-grokhotov/setka-riflenaya-dlya-grokhotov/setka-riflenaya-dlya-grokhotov-iz-nemetskoy-pruzhinnoy-stali/";""
"сетка рифлёная яч. 32×32, немецкая пружинная сталь купить";"нужен Wordstat";"Тип детали";"/catalog/zapasnye-chasti-i-komplektuyushchie/zapchasti-dlya-grokhotov/setka-riflenaya-dlya-grokhotov/setka-riflenaya-dlya-grokhotov-iz-nemetskoy-pruzhinnoy-stali/";""
"сетка рифлёная яч. 35×35 гост";"нужен Wordstat";"Тип детали";"/catalog/zapasnye-chasti-i-komplektuyushchie/zapchasti-dlya-grokhotov/setka-riflenaya-dlya-grokhotov/setka-riflenaya-dlya-grokhotov-iz-rossiyskoy-stali/";""
"сетка рифлёная яч. 35×35 гост купить";"нужен Wordstat";"Тип детали";"/catalog/zapasnye-chasti-i-komplektuyushchie/zapchasti-dlya-grokhotov/setka-riflenaya-dlya-grokhotov/setka-riflenaya-dlya-grokhotov-iz-rossiyskoy-stali/";""
"сетка рифлёная яч. 36×36, немецкая пружинная сталь";"нужен Wordstat";"Тип детали";"/catalog/zapasnye-chasti-i-komplektuyushchie/zapchasti-dlya-grokhotov/setka-riflenaya-dlya-grokhotov/setka-riflenaya-dlya-grokhotov-iz-nemetskoy-pruzhinnoy-stali/";""
"сетка рифлёная яч. 36×36, немецкая пружинная сталь купить";"нужен Wordstat";"Тип детали";"/catalog/zapasnye-chasti-i-komplektuyushchie/zapchasti-dlya-grokhotov/setka-riflenaya-dlya-grokhotov/setka-riflenaya-dlya-grokhotov-iz-nemetskoy-pruzhinnoy-stali/";""
"сетка рифлёная яч. 38×38, немецкая пружинная сталь";"нужен Wordstat";"Тип детали";"/catalog/zapasnye-chasti-i-komplektuyushchie/zapchasti-dlya-grokhotov/setka-riflenaya-dlya-grokhotov/setka-riflenaya-dlya-grokhotov-iz-nemetskoy-pruzhinnoy-stali/";""
"сетка рифлёная яч. 38×38, немецкая пружинная сталь купить";"нужен Wordstat";"Тип детали";"/catalog/zapasnye-chasti-i-komplektuyushchie/zapchasti-dlya-grokhotov/setka-riflenaya-dlya-grokhotov/setka-riflenaya-dlya-grokhotov-iz-nemetskoy-pruzhinnoy-stali/";""
"сетка рифлёная яч. 4×4, немецкая пружинная сталь";"нужен Wordstat";"Тип детали";"/catalog/zapasnye-chasti-i-komplektuyushchie/zapchasti-dlya-grokhotov/setka-riflenaya-dlya-grokhotov/setka-riflenaya-dlya-grokhotov-iz-nemetskoy-pruzhinnoy-stali/";""
"сетка рифлёная яч. 4×4, немецкая пружинная сталь купить";"нужен Wordstat";"Тип детали";"/catalog/zapasnye-chasti-i-komplektuyushchie/zapchasti-dlya-grokhotov/setka-riflenaya-dlya-grokhotov/setka-riflenaya-dlya-grokhotov-iz-nemetskoy-pruzhinnoy-stali/";""
"сетка рифлёная яч. 40×40 гост";"нужен Wordstat";"Тип детали";"/catalog/zapasnye-chasti-i-komplektuyushchie/zapchasti-dlya-grokhotov/setka-riflenaya-dlya-grokhotov/setka-riflenaya-dlya-grokhotov-iz-rossiyskoy-stali/";""
"сетка рифлёная яч. 40×40 гост купить";"нужен Wordstat";"Тип детали";"/catalog/zapasnye-chasti-i-komplektuyushchie/zapchasti-dlya-grokhotov/setka-riflenaya-dlya-grokhotov/setka-riflenaya-dlya-grokhotov-iz-rossiyskoy-stali/";""
"сетка рифлёная яч. 40×40, немецкая пружинная сталь";"нужен Wordstat";"Тип детали";"/catalog/zapasnye-chasti-i-komplektuyushchie/zapchasti-dlya-grokhotov/setka-riflenaya-dlya-grokhotov/setka-riflenaya-dlya-grokhotov-iz-nemetskoy-pruzhinnoy-stali/";""
"сетка рифлёная яч. 40×40, немецкая пружинная сталь купить";"нужен Wordstat";"Тип детали";"/catalog/zapasnye-chasti-i-komplektuyushchie/zapchasti-dlya-grokhotov/setka-riflenaya-dlya-grokhotov/setka-riflenaya-dlya-grokhotov-iz-nemetskoy-pruzhinnoy-stali/";""
"сетка рифлёная яч. 45×45, немецкая пружинная сталь";"нужен Wordstat";"Тип детали";"/catalog/zapasnye-chasti-i-komplektuyushchie/zapchasti-dlya-grokhotov/setka-riflenaya-dlya-grokhotov/setka-riflenaya-dlya-grokhotov-iz-nemetskoy-pruzhinnoy-stali/";""
"сетка рифлёная яч. 45×45, немецкая пружинная сталь купить";"нужен Wordstat";"Тип детали";"/catalog/zapasnye-chasti-i-komplektuyushchie/zapchasti-dlya-grokhotov/setka-riflenaya-dlya-grokhotov/setka-riflenaya-dlya-grokhotov-iz-nemetskoy-pruzhinnoy-stali/";""
"сетка рифлёная яч. 5×5 гост";"нужен Wordstat";"Тип детали";"/catalog/zapasnye-chasti-i-komplektuyushchie/zapchasti-dlya-grokhotov/setka-riflenaya-dlya-grokhotov/setka-riflenaya-dlya-grokhotov-iz-rossiyskoy-stali/";""
"сетка рифлёная яч. 5×5 гост купить";"нужен Wordstat";"Тип детали";"/catalog/zapasnye-chasti-i-komplektuyushchie/zapchasti-dlya-grokhotov/setka-riflenaya-dlya-grokhotov/setka-riflenaya-dlya-grokhotov-iz-rossiyskoy-stali/";""
"сетка рифлёная яч. 5×5, немецкая пружинная сталь";"нужен Wordstat";"Тип детали";"/catalog/zapasnye-chasti-i-komplektuyushchie/zapchasti-dlya-grokhotov/setka-riflenaya-dlya-grokhotov/setka-riflenaya-dlya-grokhotov-iz-nemetskoy-pruzhinnoy-stali/";""
"сетка рифлёная яч. 5×5, немецкая пружинная сталь купить";"нужен Wordstat";"Тип детали";"/catalog/zapasnye-chasti-i-komplektuyushchie/zapchasti-dlya-grokhotov/setka-riflenaya-dlya-grokhotov/setka-riflenaya-dlya-grokhotov-iz-nemetskoy-pruzhinnoy-stali/";""
"сетка рифлёная яч. 50×50, немецкая пружинная сталь";"нужен Wordstat";"Тип детали";"/catalog/zapasnye-chasti-i-komplektuyushchie/zapchasti-dlya-grokhotov/setka-riflenaya-dlya-grokhotov/setka-riflenaya-dlya-grokhotov-iz-nemetskoy-pruzhinnoy-stali/";""
"сетка рифлёная яч. 50×50, немецкая пружинная сталь купить";"нужен Wordstat";"Тип детали";"/catalog/zapasnye-chasti-i-komplektuyushchie/zapchasti-dlya-grokhotov/setka-riflenaya-dlya-grokhotov/setka-riflenaya-dlya-grokhotov-iz-nemetskoy-pruzhinnoy-stali/";""
"сетка рифлёная яч. 55×55, немецкая пружинная сталь";"нужен Wordstat";"Тип детали";"/catalog/zapasnye-chasti-i-komplektuyushchie/zapchasti-dlya-grokhotov/setka-riflenaya-dlya-grokhotov/setka-riflenaya-dlya-grokhotov-iz-nemetskoy-pruzhinnoy-stali/";""
"сетка рифлёная яч. 55×55, немецкая пружинная сталь купить";"нужен Wordstat";"Тип детали";"/catalog/zapasnye-chasti-i-komplektuyushchie/zapchasti-dlya-grokhotov/setka-riflenaya-dlya-grokhotov/setka-riflenaya-dlya-grokhotov-iz-nemetskoy-pruzhinnoy-stali/";""
"сетка рифлёная яч. 57×57, немецкая пружинная сталь";"нужен Wordstat";"Тип детали";"/catalog/zapasnye-chasti-i-komplektuyushchie/zapchasti-dlya-grokhotov/setka-riflenaya-dlya-grokhotov/setka-riflenaya-dlya-grokhotov-iz-nemetskoy-pruzhinnoy-stali/";""
"сетка рифлёная яч. 57×57, немецкая пружинная сталь купить";"нужен Wordstat";"Тип детали";"/catalog/zapasnye-chasti-i-komplektuyushchie/zapchasti-dlya-grokhotov/setka-riflenaya-dlya-grokhotov/setka-riflenaya-dlya-grokhotov-iz-nemetskoy-pruzhinnoy-stali/";""
"сетка рифлёная яч. 6×6, немецкая пружинная сталь";"нужен Wordstat";"Тип детали";"/catalog/zapasnye-chasti-i-komplektuyushchie/zapchasti-dlya-grokhotov/setka-riflenaya-dlya-grokhotov/setka-riflenaya-dlya-grokhotov-iz-nemetskoy-pruzhinnoy-stali/";""
"сетка рифлёная яч. 6×6, немецкая пружинная сталь купить";"нужен Wordstat";"Тип детали";"/catalog/zapasnye-chasti-i-komplektuyushchie/zapchasti-dlya-grokhotov/setka-riflenaya-dlya-grokhotov/setka-riflenaya-dlya-grokhotov-iz-nemetskoy-pruzhinnoy-stali/";""
"сетка рифлёная яч. 60×60, немецкая пружинная сталь";"нужен Wordstat";"Тип детали";"/catalog/zapasnye-chasti-i-komplektuyushchie/zapchasti-dlya-grokhotov/setka-riflenaya-dlya-grokhotov/setka-riflenaya-dlya-grokhotov-iz-nemetskoy-pruzhinnoy-stali/";""
"сетка рифлёная яч. 60×60, немецкая пружинная сталь купить";"нужен Wordstat";"Тип детали";"/catalog/zapasnye-chasti-i-komplektuyushchie/zapchasti-dlya-grokhotov/setka-riflenaya-dlya-grokhotov/setka-riflenaya-dlya-grokhotov-iz-nemetskoy-pruzhinnoy-stali/";""
"сетка рифлёная яч. 70×70 гост";"нужен Wordstat";"Тип детали";"/catalog/zapasnye-chasti-i-komplektuyushchie/zapchasti-dlya-grokhotov/setka-riflenaya-dlya-grokhotov/setka-riflenaya-dlya-grokhotov-iz-rossiyskoy-stali/";""
"сетка рифлёная яч. 70×70 гост купить";"нужен Wordstat";"Тип детали";"/catalog/zapasnye-chasti-i-komplektuyushchie/zapchasti-dlya-grokhotov/setka-riflenaya-dlya-grokhotov/setka-riflenaya-dlya-grokhotov-iz-rossiyskoy-stali/";""
"сетка рифлёная яч. 70×70, немецкая пружинная сталь";"нужен Wordstat";"Тип детали";"/catalog/zapasnye-chasti-i-komplektuyushchie/zapchasti-dlya-grokhotov/setka-riflenaya-dlya-grokhotov/setka-riflenaya-dlya-grokhotov-iz-nemetskoy-pruzhinnoy-stali/";""
"сетка рифлёная яч. 70×70, немецкая пружинная сталь купить";"нужен Wordstat";"Тип детали";"/catalog/zapasnye-chasti-i-komplektuyushchie/zapchasti-dlya-grokhotov/setka-riflenaya-dlya-grokhotov/setka-riflenaya-dlya-grokhotov-iz-nemetskoy-pruzhinnoy-stali/";""
"сетка рифлёная яч. 8×8 гост";"нужен Wordstat";"Тип детали";"/catalog/zapasnye-chasti-i-komplektuyushchie/zapchasti-dlya-grokhotov/setka-riflenaya-dlya-grokhotov/setka-riflenaya-dlya-grokhotov-iz-rossiyskoy-stali/";""
"сетка рифлёная яч. 8×8 гост купить";"нужен Wordstat";"Тип детали";"/catalog/zapasnye-chasti-i-komplektuyushchie/zapchasti-dlya-grokhotov/setka-riflenaya-dlya-grokhotov/setka-riflenaya-dlya-grokhotov-iz-rossiyskoy-stali/";""
"сетка рифлёная яч. 8×8, немецкая пружинная сталь";"нужен Wordstat";"Тип детали";"/catalog/zapasnye-chasti-i-komplektuyushchie/zapchasti-dlya-grokhotov/setka-riflenaya-dlya-grokhotov/setka-riflenaya-dlya-grokhotov-iz-nemetskoy-pruzhinnoy-stali/";""
"сетка рифлёная яч. 8×8, немецкая пружинная сталь купить";"нужен Wordstat";"Тип детали";"/catalog/zapasnye-chasti-i-komplektuyushchie/zapchasti-dlya-grokhotov/setka-riflenaya-dlya-grokhotov/setka-riflenaya-dlya-grokhotov-iz-nemetskoy-pruzhinnoy-stali/";""
"скоба кольца регулирующего ксд-1200 и кмд-1200";"нужен Wordstat";"Тип детали";"/catalog/zapasnye-chasti-i-komplektuyushchie/zapchasti-dlya-drobilok/drobilki-konusnye/ksd-1200-i-kmd-1200/";""
"скоба кольца регулирующего ксд-1200 и кмд-1200 купить";"нужен Wordstat";"Тип детали";"/catalog/zapasnye-chasti-i-komplektuyushchie/zapchasti-dlya-drobilok/drobilki-konusnye/ksd-1200-i-kmd-1200/";""
"скоба смд-120а смд-120а";"нужен Wordstat";"Тип детали";"/catalog/zapasnye-chasti-i-komplektuyushchie/zapchasti-dlya-drobilok/drobilki-konusnye/smd-120a-ksd-900/";""
"скоба смд-120а смд-120а купить";"нужен Wordstat";"Тип детали";"/catalog/zapasnye-chasti-i-komplektuyushchie/zapchasti-dlya-drobilok/drobilki-konusnye/smd-120a-ksd-900/";""
"смд-108а-р";"нужен Wordstat";"Тип детали";"/catalog/drobilno-sortirovochnoe-oborudovanie/drobilki/shchekovye-drobilki/";""
"смд-108а-р купить";"нужен Wordstat";"Тип детали";"/catalog/drobilno-sortirovochnoe-oborudovanie/drobilki/shchekovye-drobilki/";""
"смд-109а-р";"нужен Wordstat";"Тип детали";"/catalog/drobilno-sortirovochnoe-oborudovanie/drobilki/shchekovye-drobilki/";""
"смд-109а-р купить";"нужен Wordstat";"Тип детали";"/catalog/drobilno-sortirovochnoe-oborudovanie/drobilki/shchekovye-drobilki/";""
"смд-110а-р";"нужен Wordstat";"Тип детали";"/catalog/drobilno-sortirovochnoe-oborudovanie/drobilki/shchekovye-drobilki/";""
"смд-110а-р купить";"нужен Wordstat";"Тип детали";"/catalog/drobilno-sortirovochnoe-oborudovanie/drobilki/shchekovye-drobilki/";""
"смд-120а-р";"нужен Wordstat";"Тип детали";"/catalog/drobilno-sortirovochnoe-oborudovanie/drobilki/konusnye-drobilki/";""
"смд-120а-р купить";"нужен Wordstat";"Тип детали";"/catalog/drobilno-sortirovochnoe-oborudovanie/drobilki/konusnye-drobilki/";""
"смд-120а-т";"нужен Wordstat";"Тип детали";"/catalog/drobilno-sortirovochnoe-oborudovanie/drobilki/konusnye-drobilki/";""
"смд-120а-т купить";"нужен Wordstat";"Тип детали";"/catalog/drobilno-sortirovochnoe-oborudovanie/drobilki/konusnye-drobilki/";""
"стакан левый смд-108а";"нужен Wordstat";"Тип детали";"/catalog/zapasnye-chasti-i-komplektuyushchie/zapchasti-dlya-drobilok/drobilki-shchekovye/smd-108a/";""
"стакан левый смд-108а купить";"нужен Wordstat";"Тип детали";"/catalog/zapasnye-chasti-i-komplektuyushchie/zapchasti-dlya-drobilok/drobilki-shchekovye/smd-108a/";""
"стакан левый смд-109а";"нужен Wordstat";"Тип детали";"/catalog/zapasnye-chasti-i-komplektuyushchie/zapchasti-dlya-drobilok/drobilki-shchekovye/smd-109a/";""
"стакан левый смд-109а купить";"нужен Wordstat";"Тип детали";"/catalog/zapasnye-chasti-i-komplektuyushchie/zapchasti-dlya-drobilok/drobilki-shchekovye/smd-109a/";""
"стакан левый смд-110а";"нужен Wordstat";"Тип детали";"/catalog/zapasnye-chasti-i-komplektuyushchie/zapchasti-dlya-drobilok/drobilki-shchekovye/smd-110a/";""
"стакан левый смд-110а купить";"нужен Wordstat";"Тип детали";"/catalog/zapasnye-chasti-i-komplektuyushchie/zapchasti-dlya-drobilok/drobilki-shchekovye/smd-110a/";""
"стакан правый смд-108а";"нужен Wordstat";"Тип детали";"/catalog/zapasnye-chasti-i-komplektuyushchie/zapchasti-dlya-drobilok/drobilki-shchekovye/smd-108a/";""
"стакан правый смд-108а купить";"нужен Wordstat";"Тип детали";"/catalog/zapasnye-chasti-i-komplektuyushchie/zapchasti-dlya-drobilok/drobilki-shchekovye/smd-108a/";""
"стакан правый смд-109а";"нужен Wordstat";"Тип детали";"/catalog/zapasnye-chasti-i-komplektuyushchie/zapchasti-dlya-drobilok/drobilki-shchekovye/smd-109a/";""
"стакан правый смд-109а купить";"нужен Wordstat";"Тип детали";"/catalog/zapasnye-chasti-i-komplektuyushchie/zapchasti-dlya-drobilok/drobilki-shchekovye/smd-109a/";""
"стакан правый смд-110а";"нужен Wordstat";"Тип детали";"/catalog/zapasnye-chasti-i-komplektuyushchie/zapchasti-dlya-drobilok/drobilki-shchekovye/smd-110a/";""
"стакан правый смд-110а купить";"нужен Wordstat";"Тип детали";"/catalog/zapasnye-chasti-i-komplektuyushchie/zapchasti-dlya-drobilok/drobilki-shchekovye/smd-110a/";""
"стакан привода смд-120а";"нужен Wordstat";"Тип детали";"/catalog/zapasnye-chasti-i-komplektuyushchie/zapchasti-dlya-drobilok/drobilki-konusnye/smd-120a-ksd-900/";""
"стакан привода смд-120а купить";"нужен Wordstat";"Тип детали";"/catalog/zapasnye-chasti-i-komplektuyushchie/zapchasti-dlya-drobilok/drobilki-konusnye/smd-120a-ksd-900/";""
"стакан смд-120а";"нужен Wordstat";"Тип детали";"/catalog/zapasnye-chasti-i-komplektuyushchie/zapchasti-dlya-drobilok/drobilki-konusnye/smd-120a-ksd-900/";""
"стакан смд-120а купить";"нужен Wordstat";"Тип детали";"/catalog/zapasnye-chasti-i-komplektuyushchie/zapchasti-dlya-drobilok/drobilki-konusnye/smd-120a-ksd-900/";""
"станина дро-592";"нужен Wordstat";"Тип детали";"/catalog/zapasnye-chasti-i-komplektuyushchie/zapchasti-dlya-drobilok/drobilki-konusnye/dro-592-ksd-600/";""
"станина дро-592 купить";"нужен Wordstat";"Тип детали";"/catalog/zapasnye-chasti-i-komplektuyushchie/zapchasti-dlya-drobilok/drobilki-konusnye/dro-592-ksd-600/";""
"станина ксд-1200 и кмд-1200";"нужен Wordstat";"Тип детали";"/catalog/zapasnye-chasti-i-komplektuyushchie/zapchasti-dlya-drobilok/drobilki-konusnye/ksd-1200-i-kmd-1200/";""
"станина ксд-1200 и кмд-1200 купить";"нужен Wordstat";"Тип детали";"/catalog/zapasnye-chasti-i-komplektuyushchie/zapchasti-dlya-drobilok/drobilki-konusnye/ksd-1200-i-kmd-1200/";""
"станина смд-108а смд-108а";"нужен Wordstat";"Тип детали";"/catalog/zapasnye-chasti-i-komplektuyushchie/zapchasti-dlya-drobilok/drobilki-shchekovye/smd-108a/";""
"станина смд-108а смд-108а купить";"нужен Wordstat";"Тип детали";"/catalog/zapasnye-chasti-i-komplektuyushchie/zapchasti-dlya-drobilok/drobilki-shchekovye/smd-108a/";""
"станина смд-109а смд-109а";"нужен Wordstat";"Тип детали";"/catalog/zapasnye-chasti-i-komplektuyushchie/zapchasti-dlya-drobilok/drobilki-shchekovye/smd-109a/";""
"станина смд-109а смд-109а купить";"нужен Wordstat";"Тип детали";"/catalog/zapasnye-chasti-i-komplektuyushchie/zapchasti-dlya-drobilok/drobilki-shchekovye/smd-109a/";""
"станина смд-110а смд-110а";"нужен Wordstat";"Тип детали";"/catalog/zapasnye-chasti-i-komplektuyushchie/zapchasti-dlya-drobilok/drobilki-shchekovye/smd-110a/";""
"станина смд-110а смд-110а купить";"нужен Wordstat";"Тип детали";"/catalog/zapasnye-chasti-i-komplektuyushchie/zapchasti-dlya-drobilok/drobilki-shchekovye/smd-110a/";""
"станина смд-120а";"нужен Wordstat";"Тип детали";"/catalog/zapasnye-chasti-i-komplektuyushchie/zapchasti-dlya-drobilok/drobilki-konusnye/smd-120a-ksd-900/";""
"станина смд-120а купить";"нужен Wordstat";"Тип детали";"/catalog/zapasnye-chasti-i-komplektuyushchie/zapchasti-dlya-drobilok/drobilki-konusnye/smd-120a-ksd-900/";""
"станция смазки дро-592";"нужен Wordstat";"Тип детали";"/catalog/zapasnye-chasti-i-komplektuyushchie/zapchasti-dlya-drobilok/drobilki-konusnye/dro-592-ksd-600/";""
"станция смазки дро-592 купить";"нужен Wordstat";"Тип детали";"/catalog/zapasnye-chasti-i-komplektuyushchie/zapchasti-dlya-drobilok/drobilki-konusnye/dro-592-ksd-600/";""
"станция смазки ксд-900 смд-120а";"нужен Wordstat";"Тип детали";"/catalog/zapasnye-chasti-i-komplektuyushchie/zapchasti-dlya-drobilok/drobilki-konusnye/smd-120a-ksd-900/";""
"станция смазки ксд-900 смд-120а купить";"нужен Wordstat";"Тип детали";"/catalog/zapasnye-chasti-i-komplektuyushchie/zapchasti-dlya-drobilok/drobilki-konusnye/smd-120a-ksd-900/";""
"стойка левая дс-158 дс-158 / дс-185";"нужен Wordstat";"Тип детали";"/catalog/zapasnye-chasti-i-komplektuyushchie/zapchasti-dlya-abz/zapchasti-dlya-ds-158-ds-185/";""
"стойка левая дс-158 дс-158 / дс-185 купить";"нужен Wordstat";"Тип детали";"/catalog/zapasnye-chasti-i-komplektuyushchie/zapchasti-dlya-abz/zapchasti-dlya-ds-158-ds-185/";""
"стойка правая дс-158 дс-158 / дс-185";"нужен Wordstat";"Тип детали";"/catalog/zapasnye-chasti-i-komplektuyushchie/zapchasti-dlya-abz/zapchasti-dlya-ds-158-ds-185/";""
"стойка правая дс-158 дс-158 / дс-185 купить";"нужен Wordstat";"Тип детали";"/catalog/zapasnye-chasti-i-komplektuyushchie/zapchasti-dlya-abz/zapchasti-dlya-ds-158-ds-185/";""
"стопор дро-592";"нужен Wordstat";"Тип детали";"/catalog/zapasnye-chasti-i-komplektuyushchie/zapchasti-dlya-drobilok/drobilki-konusnye/dro-592-ksd-600/";""
"стопор дро-592 купить";"нужен Wordstat";"Тип детали";"/catalog/zapasnye-chasti-i-komplektuyushchie/zapchasti-dlya-drobilok/drobilki-konusnye/dro-592-ksd-600/";""
"стопор смд-108а";"нужен Wordstat";"Тип детали";"/catalog/zapasnye-chasti-i-komplektuyushchie/zapchasti-dlya-drobilok/drobilki-shchekovye/smd-108a/";""
"стопор смд-108а купить";"нужен Wordstat";"Тип детали";"/catalog/zapasnye-chasti-i-komplektuyushchie/zapchasti-dlya-drobilok/drobilki-shchekovye/smd-108a/";""
"стопор смд-109а";"нужен Wordstat";"Тип детали";"/catalog/zapasnye-chasti-i-komplektuyushchie/zapchasti-dlya-drobilok/drobilki-shchekovye/smd-109a/";""
"стопор смд-109а купить";"нужен Wordstat";"Тип детали";"/catalog/zapasnye-chasti-i-komplektuyushchie/zapchasti-dlya-drobilok/drobilki-shchekovye/smd-109a/";""
"стопор смд-109а смд-109а";"нужен Wordstat";"Тип детали";"/catalog/zapasnye-chasti-i-komplektuyushchie/zapchasti-dlya-drobilok/drobilki-shchekovye/smd-109a/";""
"стопор смд-109а смд-109а купить";"нужен Wordstat";"Тип детали";"/catalog/zapasnye-chasti-i-komplektuyushchie/zapchasti-dlya-drobilok/drobilki-shchekovye/smd-109a/";""
"стопор смд-110а смд-110а";"нужен Wordstat";"Тип детали";"/catalog/zapasnye-chasti-i-komplektuyushchie/zapchasti-dlya-drobilok/drobilki-shchekovye/smd-110a/";""
"стопор смд-110а смд-110а купить";"нужен Wordstat";"Тип детали";"/catalog/zapasnye-chasti-i-komplektuyushchie/zapchasti-dlya-drobilok/drobilki-shchekovye/smd-110a/";""
"стопор смд-120а";"нужен Wordstat";"Тип детали";"/catalog/zapasnye-chasti-i-komplektuyushchie/zapchasti-dlya-drobilok/drobilki-konusnye/smd-120a-ksd-900/";""
"стопор смд-120а купить";"нужен Wordstat";"Тип детали";"/catalog/zapasnye-chasti-i-komplektuyushchie/zapchasti-dlya-drobilok/drobilki-konusnye/smd-120a-ksd-900/";""
"ступица ксд-1200 и кмд-1200";"нужен Wordstat";"Тип детали";"/catalog/zapasnye-chasti-i-komplektuyushchie/zapchasti-dlya-drobilok/drobilki-konusnye/ksd-1200-i-kmd-1200/";""
"ступица ксд-1200 и кмд-1200 купить";"нужен Wordstat";"Тип детали";"/catalog/zapasnye-chasti-i-komplektuyushchie/zapchasti-dlya-drobilok/drobilki-konusnye/ksd-1200-i-kmd-1200/";""
"сухарь к тяге смд-108а";"нужен Wordstat";"Тип детали";"/catalog/zapasnye-chasti-i-komplektuyushchie/zapchasti-dlya-drobilok/drobilki-shchekovye/smd-108a/";""
"сухарь к тяге смд-108а купить";"нужен Wordstat";"Тип детали";"/catalog/zapasnye-chasti-i-komplektuyushchie/zapchasti-dlya-drobilok/drobilki-shchekovye/smd-108a/";""
"сухарь к тяге смд-109а смд-109а";"нужен Wordstat";"Тип детали";"/catalog/zapasnye-chasti-i-komplektuyushchie/zapchasti-dlya-drobilok/drobilki-shchekovye/smd-109a/";""
"сухарь к тяге смд-109а смд-109а купить";"нужен Wordstat";"Тип детали";"/catalog/zapasnye-chasti-i-komplektuyushchie/zapchasti-dlya-drobilok/drobilki-shchekovye/smd-109a/";""
"сухарь к тяге смд-110а смд-110а";"нужен Wordstat";"Тип детали";"/catalog/zapasnye-chasti-i-komplektuyushchie/zapchasti-dlya-drobilok/drobilki-shchekovye/smd-110a/";""
"сухарь к тяге смд-110а смд-110а купить";"нужен Wordstat";"Тип детали";"/catalog/zapasnye-chasti-i-komplektuyushchie/zapchasti-dlya-drobilok/drobilki-shchekovye/smd-110a/";""
"сухарь смд-108а";"нужен Wordstat";"Тип детали";"/catalog/zapasnye-chasti-i-komplektuyushchie/zapchasti-dlya-drobilok/drobilki-shchekovye/smd-108a/";""
"сухарь смд-108а купить";"нужен Wordstat";"Тип детали";"/catalog/zapasnye-chasti-i-komplektuyushchie/zapchasti-dlya-drobilok/drobilki-shchekovye/smd-108a/";""
"сухарь смд-109а";"нужен Wordstat";"Тип детали";"/catalog/zapasnye-chasti-i-komplektuyushchie/zapchasti-dlya-drobilok/drobilki-shchekovye/smd-109a/";""
"сухарь смд-109а купить";"нужен Wordstat";"Тип детали";"/catalog/zapasnye-chasti-i-komplektuyushchie/zapchasti-dlya-drobilok/drobilki-shchekovye/smd-109a/";""
"сухарь смд-109а смд-109а";"нужен Wordstat";"Тип детали";"/catalog/zapasnye-chasti-i-komplektuyushchie/zapchasti-dlya-drobilok/drobilki-shchekovye/smd-109a/";""
"сухарь смд-109а смд-109а купить";"нужен Wordstat";"Тип детали";"/catalog/zapasnye-chasti-i-komplektuyushchie/zapchasti-dlya-drobilok/drobilki-shchekovye/smd-109a/";""
"сухарь смд-110а";"нужен Wordstat";"Тип детали";"/catalog/zapasnye-chasti-i-komplektuyushchie/zapchasti-dlya-drobilok/drobilki-shchekovye/smd-110a/";""
"сухарь смд-110а купить";"нужен Wordstat";"Тип детали";"/catalog/zapasnye-chasti-i-komplektuyushchie/zapchasti-dlya-drobilok/drobilki-shchekovye/smd-110a/";""
"сухарь смд-110а смд-110а";"нужен Wordstat";"Тип детали";"/catalog/zapasnye-chasti-i-komplektuyushchie/zapchasti-dlya-drobilok/drobilki-shchekovye/smd-110a/";""
"сухарь смд-110а смд-110а купить";"нужен Wordstat";"Тип детали";"/catalog/zapasnye-chasti-i-komplektuyushchie/zapchasti-dlya-drobilok/drobilki-shchekovye/smd-110a/";""
"тарелка пружины дро-592";"нужен Wordstat";"Тип детали";"/catalog/zapasnye-chasti-i-komplektuyushchie/zapchasti-dlya-drobilok/drobilki-konusnye/dro-592-ksd-600/";""
"тарелка пружины дро-592 купить";"нужен Wordstat";"Тип детали";"/catalog/zapasnye-chasti-i-komplektuyushchie/zapchasti-dlya-drobilok/drobilki-konusnye/dro-592-ksd-600/";""
"тарелка пружины смд-108а";"нужен Wordstat";"Тип детали";"/catalog/zapasnye-chasti-i-komplektuyushchie/zapchasti-dlya-drobilok/drobilki-shchekovye/smd-108a/";""
"тарелка пружины смд-108а купить";"нужен Wordstat";"Тип детали";"/catalog/zapasnye-chasti-i-komplektuyushchie/zapchasti-dlya-drobilok/drobilki-shchekovye/smd-108a/";""
"тарелка пружины смд-109а смд-109а";"нужен Wordstat";"Тип детали";"/catalog/zapasnye-chasti-i-komplektuyushchie/zapchasti-dlya-drobilok/drobilki-shchekovye/smd-109a/";""
"тарелка пружины смд-109а смд-109а купить";"нужен Wordstat";"Тип детали";"/catalog/zapasnye-chasti-i-komplektuyushchie/zapchasti-dlya-drobilok/drobilki-shchekovye/smd-109a/";""
"тарелка пружины смд-110а смд-110а";"нужен Wordstat";"Тип детали";"/catalog/zapasnye-chasti-i-komplektuyushchie/zapchasti-dlya-drobilok/drobilki-shchekovye/smd-110a/";""
"тарелка пружины смд-110а смд-110а купить";"нужен Wordstat";"Тип детали";"/catalog/zapasnye-chasti-i-komplektuyushchie/zapchasti-dlya-drobilok/drobilki-shchekovye/smd-110a/";""
"тарелка пружины смд-120а";"нужен Wordstat";"Тип детали";"/catalog/zapasnye-chasti-i-komplektuyushchie/zapchasti-dlya-drobilok/drobilki-konusnye/smd-120a-ksd-900/";""
"тарелка пружины смд-120а купить";"нужен Wordstat";"Тип детали";"/catalog/zapasnye-chasti-i-komplektuyushchie/zapchasti-dlya-drobilok/drobilki-konusnye/smd-120a-ksd-900/";""
"тарелка распределительная смд-120а";"нужен Wordstat";"Тип детали";"/catalog/zapasnye-chasti-i-komplektuyushchie/zapchasti-dlya-drobilok/drobilki-konusnye/smd-120a-ksd-900/";""
"тарелка распределительная смд-120а купить";"нужен Wordstat";"Тип детали";"/catalog/zapasnye-chasti-i-komplektuyushchie/zapchasti-dlya-drobilok/drobilki-konusnye/smd-120a-ksd-900/";""
"трещетка смд-108а";"нужен Wordstat";"Тип детали";"/catalog/zapasnye-chasti-i-komplektuyushchie/zapchasti-dlya-drobilok/drobilki-shchekovye/smd-108a/";""
"трещетка смд-108а купить";"нужен Wordstat";"Тип детали";"/catalog/zapasnye-chasti-i-komplektuyushchie/zapchasti-dlya-drobilok/drobilki-shchekovye/smd-108a/";""
"трещеткасмд-109а смд-109а";"нужен Wordstat";"Тип детали";"/catalog/zapasnye-chasti-i-komplektuyushchie/zapchasti-dlya-drobilok/drobilki-shchekovye/smd-109a/";""
"трещеткасмд-109а смд-109а купить";"нужен Wordstat";"Тип детали";"/catalog/zapasnye-chasti-i-komplektuyushchie/zapchasti-dlya-drobilok/drobilki-shchekovye/smd-109a/";""
"трещеткасмд-110а смд-110а";"нужен Wordstat";"Тип детали";"/catalog/zapasnye-chasti-i-komplektuyushchie/zapchasti-dlya-drobilok/drobilki-shchekovye/smd-110a/";""
"трещеткасмд-110а смд-110а купить";"нужен Wordstat";"Тип детали";"/catalog/zapasnye-chasti-i-komplektuyushchie/zapchasti-dlya-drobilok/drobilki-shchekovye/smd-110a/";""
"трубопровод напорный дро-592";"нужен Wordstat";"Тип детали";"/catalog/zapasnye-chasti-i-komplektuyushchie/zapchasti-dlya-drobilok/drobilki-konusnye/dro-592-ksd-600/";""
"трубопровод напорный дро-592 купить";"нужен Wordstat";"Тип детали";"/catalog/zapasnye-chasti-i-komplektuyushchie/zapchasti-dlya-drobilok/drobilki-konusnye/dro-592-ksd-600/";""
"трубопровод напорный ксд-900 смд-120а";"нужен Wordstat";"Тип детали";"/catalog/zapasnye-chasti-i-komplektuyushchie/zapchasti-dlya-drobilok/drobilki-konusnye/smd-120a-ksd-900/";""
"трубопровод напорный ксд-900 смд-120а купить";"нужен Wordstat";"Тип детали";"/catalog/zapasnye-chasti-i-komplektuyushchie/zapchasti-dlya-drobilok/drobilki-konusnye/smd-120a-ksd-900/";""
"трубопровод сливной дро-592";"нужен Wordstat";"Тип детали";"/catalog/zapasnye-chasti-i-komplektuyushchie/zapchasti-dlya-drobilok/drobilki-konusnye/dro-592-ksd-600/";""
"трубопровод сливной дро-592 купить";"нужен Wordstat";"Тип детали";"/catalog/zapasnye-chasti-i-komplektuyushchie/zapchasti-dlya-drobilok/drobilki-konusnye/dro-592-ksd-600/";""
"трубопровод сливной ксд-900 смд-120а";"нужен Wordstat";"Тип детали";"/catalog/zapasnye-chasti-i-komplektuyushchie/zapchasti-dlya-drobilok/drobilki-konusnye/smd-120a-ksd-900/";""
"трубопровод сливной ксд-900 смд-120а купить";"нужен Wordstat";"Тип детали";"/catalog/zapasnye-chasti-i-komplektuyushchie/zapchasti-dlya-drobilok/drobilki-konusnye/smd-120a-ksd-900/";""
"тяга пружины смд-108а смд-108а";"нужен Wordstat";"Тип детали";"/catalog/zapasnye-chasti-i-komplektuyushchie/zapchasti-dlya-drobilok/drobilki-shchekovye/smd-108a/";""
"тяга пружины смд-108а смд-108а купить";"нужен Wordstat";"Тип детали";"/catalog/zapasnye-chasti-i-komplektuyushchie/zapchasti-dlya-drobilok/drobilki-shchekovye/smd-108a/";""
"тяга пружины смд-109а смд-109а";"нужен Wordstat";"Тип детали";"/catalog/zapasnye-chasti-i-komplektuyushchie/zapchasti-dlya-drobilok/drobilki-shchekovye/smd-109a/";""
"тяга пружины смд-109а смд-109а купить";"нужен Wordstat";"Тип детали";"/catalog/zapasnye-chasti-i-komplektuyushchie/zapchasti-dlya-drobilok/drobilki-shchekovye/smd-109a/";""
"тяга пружины смд-110а смд-110а";"нужен Wordstat";"Тип детали";"/catalog/zapasnye-chasti-i-komplektuyushchie/zapchasti-dlya-drobilok/drobilki-shchekovye/smd-110a/";""
"тяга пружины смд-110а смд-110а купить";"нужен Wordstat";"Тип детали";"/catalog/zapasnye-chasti-i-komplektuyushchie/zapchasti-dlya-drobilok/drobilki-shchekovye/smd-110a/";""
"установка втулок цилиндрических сб ксд-1200 и кмд-1200";"нужен Wordstat";"Тип детали";"/catalog/zapasnye-chasti-i-komplektuyushchie/zapchasti-dlya-drobilok/drobilki-konusnye/ksd-1200-i-kmd-1200/";""
"установка втулок цилиндрических сб ксд-1200 и кмд-1200 купить";"нужен Wordstat";"Тип детали";"/catalog/zapasnye-chasti-i-komplektuyushchie/zapchasti-dlya-drobilok/drobilki-konusnye/ksd-1200-i-kmd-1200/";""
"установка плиты распределительной сб ксд-1200 и кмд-1200";"нужен Wordstat";"Тип детали";"/catalog/zapasnye-chasti-i-komplektuyushchie/zapchasti-dlya-drobilok/drobilki-konusnye/ksd-1200-i-kmd-1200/";""
"установка плиты распределительной сб ксд-1200 и кмд-1200 купить";"нужен Wordstat";"Тип детали";"/catalog/zapasnye-chasti-i-komplektuyushchie/zapchasti-dlya-drobilok/drobilki-konusnye/ksd-1200-i-kmd-1200/";""
"устройство загрузочное сб ксд-1200 и кмд-1200";"нужен Wordstat";"Тип детали";"/catalog/zapasnye-chasti-i-komplektuyushchie/zapchasti-dlya-drobilok/drobilki-konusnye/ksd-1200-i-kmd-1200/";""
"устройство загрузочное сб ксд-1200 и кмд-1200 купить";"нужен Wordstat";"Тип детали";"/catalog/zapasnye-chasti-i-komplektuyushchie/zapchasti-dlya-drobilok/drobilki-konusnye/ksd-1200-i-kmd-1200/";""
"устройство опорное сб ксд-1200 и кмд-1200";"нужен Wordstat";"Тип детали";"/catalog/zapasnye-chasti-i-komplektuyushchie/zapchasti-dlya-drobilok/drobilki-konusnye/ksd-1200-i-kmd-1200/";""
"устройство опорное сб ксд-1200 и кмд-1200 купить";"нужен Wordstat";"Тип детали";"/catalog/zapasnye-chasti-i-komplektuyushchie/zapchasti-dlya-drobilok/drobilki-konusnye/ksd-1200-i-kmd-1200/";""
"ухо ксд-900 смд-120а";"нужен Wordstat";"Тип детали";"/catalog/zapasnye-chasti-i-komplektuyushchie/zapchasti-dlya-drobilok/drobilki-konusnye/smd-120a-ksd-900/";""
"ухо ксд-900 смд-120а купить";"нужен Wordstat";"Тип детали";"/catalog/zapasnye-chasti-i-komplektuyushchie/zapchasti-dlya-drobilok/drobilki-konusnye/smd-120a-ksd-900/";""
"фартук смд-108а";"нужен Wordstat";"Тип детали";"/catalog/zapasnye-chasti-i-komplektuyushchie/zapchasti-dlya-drobilok/drobilki-shchekovye/smd-108a/";""
"фартук смд-108а купить";"нужен Wordstat";"Тип детали";"/catalog/zapasnye-chasti-i-komplektuyushchie/zapchasti-dlya-drobilok/drobilki-shchekovye/smd-108a/";""
"фартук смд-109а смд-109а";"нужен Wordstat";"Тип детали";"/catalog/zapasnye-chasti-i-komplektuyushchie/zapchasti-dlya-drobilok/drobilki-shchekovye/smd-109a/";""
"фартук смд-109а смд-109а купить";"нужен Wordstat";"Тип детали";"/catalog/zapasnye-chasti-i-komplektuyushchie/zapchasti-dlya-drobilok/drobilki-shchekovye/smd-109a/";""
"фартук смд-110а смд-110а";"нужен Wordstat";"Тип детали";"/catalog/zapasnye-chasti-i-komplektuyushchie/zapchasti-dlya-drobilok/drobilki-shchekovye/smd-110a/";""
"фартук смд-110а смд-110а купить";"нужен Wordstat";"Тип детали";"/catalog/zapasnye-chasti-i-komplektuyushchie/zapchasti-dlya-drobilok/drobilki-shchekovye/smd-110a/";""
"фланец привода ксд-1200 и кмд-1200";"нужен Wordstat";"Тип детали";"/catalog/zapasnye-chasti-i-komplektuyushchie/zapchasti-dlya-drobilok/drobilki-konusnye/ksd-1200-i-kmd-1200/";""
"фланец привода ксд-1200 и кмд-1200 купить";"нужен Wordstat";"Тип детали";"/catalog/zapasnye-chasti-i-komplektuyushchie/zapchasti-dlya-drobilok/drobilki-konusnye/ksd-1200-i-kmd-1200/";""
"футеровка дро-592";"нужен Wordstat";"Тип детали";"/catalog/zapasnye-chasti-i-komplektuyushchie/zapchasti-dlya-drobilok/drobilki-konusnye/dro-592-ksd-600/";""
"футеровка дро-592 купить";"нужен Wordstat";"Тип детали";"/catalog/zapasnye-chasti-i-komplektuyushchie/zapchasti-dlya-drobilok/drobilki-konusnye/dro-592-ksd-600/";""
"футеровка привода смд-120а";"нужен Wordstat";"Тип детали";"/catalog/zapasnye-chasti-i-komplektuyushchie/zapchasti-dlya-drobilok/drobilki-konusnye/smd-120a-ksd-900/";""
"футеровка привода смд-120а купить";"нужен Wordstat";"Тип детали";"/catalog/zapasnye-chasti-i-komplektuyushchie/zapchasti-dlya-drobilok/drobilki-konusnye/smd-120a-ksd-900/";""
"футеровка смд-120а";"нужен Wordstat";"Тип детали";"/catalog/zapasnye-chasti-i-komplektuyushchie/zapchasti-dlya-drobilok/drobilki-konusnye/smd-120a-ksd-900/";""
"футеровка смд-120а купить";"нужен Wordstat";"Тип детали";"/catalog/zapasnye-chasti-i-komplektuyushchie/zapchasti-dlya-drobilok/drobilki-konusnye/smd-120a-ksd-900/";""
"футеровочный болт м20х2,5 с квадратной головкой";"нужен Wordstat";"Тип детали";"/catalog/futerovochnye-bolty-bronebolty/futerovochnyy-bolt-bronebolt-s-kvadratnoy-golovkoy/";""
"футеровочный болт м20х2,5 с квадратной головкой купить";"нужен Wordstat";"Тип детали";"/catalog/futerovochnye-bolty-bronebolty/futerovochnyy-bolt-bronebolt-s-kvadratnoy-golovkoy/";""
"футеровочный болт м20х2,5 с овальной головкой";"нужен Wordstat";"Тип детали";"/catalog/futerovochnye-bolty-bronebolty/futerovochnyy-bolt-bronebolt-s-ovalnoy-golovkoy/";""
"футеровочный болт м20х2,5 с овальной головкой купить";"нужен Wordstat";"Тип детали";"/catalog/futerovochnye-bolty-bronebolty/futerovochnyy-bolt-bronebolt-s-ovalnoy-golovkoy/";""
"футеровочный болт м24х3 с квадратной головкой";"нужен Wordstat";"Тип детали";"/catalog/futerovochnye-bolty-bronebolty/futerovochnyy-bolt-bronebolt-s-kvadratnoy-golovkoy/";""
"футеровочный болт м24х3 с квадратной головкой купить";"нужен Wordstat";"Тип детали";"/catalog/futerovochnye-bolty-bronebolty/futerovochnyy-bolt-bronebolt-s-kvadratnoy-golovkoy/";""
"футеровочный болт м24х3 с овальной головкой";"нужен Wordstat";"Тип детали";"/catalog/futerovochnye-bolty-bronebolty/futerovochnyy-bolt-bronebolt-s-ovalnoy-golovkoy/";""
"футеровочный болт м24х3 с овальной головкой купить";"нужен Wordstat";"Тип детали";"/catalog/futerovochnye-bolty-bronebolty/futerovochnyy-bolt-bronebolt-s-ovalnoy-golovkoy/";""
"футеровочный болт м30х3,5 с квадратной головкой";"нужен Wordstat";"Тип детали";"/catalog/futerovochnye-bolty-bronebolty/futerovochnyy-bolt-bronebolt-s-kvadratnoy-golovkoy/";""
"футеровочный болт м30х3,5 с квадратной головкой купить";"нужен Wordstat";"Тип детали";"/catalog/futerovochnye-bolty-bronebolty/futerovochnyy-bolt-bronebolt-s-kvadratnoy-golovkoy/";""
"футеровочный болт м30х3,5 с овальной головкой";"нужен Wordstat";"Тип детали";"/catalog/futerovochnye-bolty-bronebolty/futerovochnyy-bolt-bronebolt-s-ovalnoy-golovkoy/";""
"футеровочный болт м30х3,5 с овальной головкой купить";"нужен Wordstat";"Тип детали";"/catalog/futerovochnye-bolty-bronebolty/futerovochnyy-bolt-bronebolt-s-ovalnoy-golovkoy/";""
"футеровочный болт м36х4 с квадратной головкой";"нужен Wordstat";"Тип детали";"/catalog/futerovochnye-bolty-bronebolty/futerovochnyy-bolt-bronebolt-s-kvadratnoy-golovkoy/";""
"футеровочный болт м36х4 с квадратной головкой купить";"нужен Wordstat";"Тип детали";"/catalog/futerovochnye-bolty-bronebolty/futerovochnyy-bolt-bronebolt-s-kvadratnoy-golovkoy/";""
"футеровочный болт м36х4 с овальной головкой";"нужен Wordstat";"Тип детали";"/catalog/futerovochnye-bolty-bronebolty/futerovochnyy-bolt-bronebolt-s-ovalnoy-golovkoy/";""
"футеровочный болт м36х4 с овальной головкой купить";"нужен Wordstat";"Тип детали";"/catalog/futerovochnye-bolty-bronebolty/futerovochnyy-bolt-bronebolt-s-ovalnoy-golovkoy/";""
"футеровочный болт м42х4,5 с квадратной головкой";"нужен Wordstat";"Тип детали";"/catalog/futerovochnye-bolty-bronebolty/futerovochnyy-bolt-bronebolt-s-kvadratnoy-golovkoy/";""
"футеровочный болт м42х4,5 с квадратной головкой купить";"нужен Wordstat";"Тип детали";"/catalog/futerovochnye-bolty-bronebolty/futerovochnyy-bolt-bronebolt-s-kvadratnoy-golovkoy/";""
"футеровочный болт м42х4,5 с овальной головкой";"нужен Wordstat";"Тип детали";"/catalog/futerovochnye-bolty-bronebolty/futerovochnyy-bolt-bronebolt-s-ovalnoy-golovkoy/";""
"футеровочный болт м42х4,5 с овальной головкой купить";"нужен Wordstat";"Тип детали";"/catalog/futerovochnye-bolty-bronebolty/futerovochnyy-bolt-bronebolt-s-ovalnoy-golovkoy/";""
"футеровочный болт м48х5 с квадратной головкой";"нужен Wordstat";"Тип детали";"/catalog/futerovochnye-bolty-bronebolty/futerovochnyy-bolt-bronebolt-s-kvadratnoy-golovkoy/";""
"футеровочный болт м48х5 с квадратной головкой купить";"нужен Wordstat";"Тип детали";"/catalog/futerovochnye-bolty-bronebolty/futerovochnyy-bolt-bronebolt-s-kvadratnoy-golovkoy/";""
"футеровочный болт м48х5 с овальной головкой";"нужен Wordstat";"Тип детали";"/catalog/futerovochnye-bolty-bronebolty/futerovochnyy-bolt-bronebolt-s-ovalnoy-golovkoy/";""
"футеровочный болт м48х5 с овальной головкой купить";"нужен Wordstat";"Тип детали";"/catalog/futerovochnye-bolty-bronebolty/futerovochnyy-bolt-bronebolt-s-ovalnoy-golovkoy/";""
"футеровочный болт м52х5 с квадратной головкой";"нужен Wordstat";"Тип детали";"/catalog/futerovochnye-bolty-bronebolty/futerovochnyy-bolt-bronebolt-s-kvadratnoy-golovkoy/";""
"футеровочный болт м52х5 с квадратной головкой купить";"нужен Wordstat";"Тип детали";"/catalog/futerovochnye-bolty-bronebolty/futerovochnyy-bolt-bronebolt-s-kvadratnoy-golovkoy/";""
"футеровочный болт м52х5 с овальной головкой";"нужен Wordstat";"Тип детали";"/catalog/futerovochnye-bolty-bronebolty/futerovochnyy-bolt-bronebolt-s-ovalnoy-golovkoy/";""
"футеровочный болт м52х5 с овальной головкой купить";"нужен Wordstat";"Тип детали";"/catalog/futerovochnye-bolty-bronebolty/futerovochnyy-bolt-bronebolt-s-ovalnoy-golovkoy/";""
"футеровочный болт м56х5,5 с квадратной головкой";"нужен Wordstat";"Тип детали";"/catalog/futerovochnye-bolty-bronebolty/futerovochnyy-bolt-bronebolt-s-kvadratnoy-golovkoy/";""
"футеровочный болт м56х5,5 с квадратной головкой купить";"нужен Wordstat";"Тип детали";"/catalog/futerovochnye-bolty-bronebolty/futerovochnyy-bolt-bronebolt-s-kvadratnoy-golovkoy/";""
"футеровочный болт м56х5,5 с овальной головкой";"нужен Wordstat";"Тип детали";"/catalog/futerovochnye-bolty-bronebolty/futerovochnyy-bolt-bronebolt-s-ovalnoy-golovkoy/";""
"футеровочный болт м56х5,5 с овальной головкой купить";"нужен Wordstat";"Тип детали";"/catalog/futerovochnye-bolty-bronebolty/futerovochnyy-bolt-bronebolt-s-ovalnoy-golovkoy/";""
"футеровочный болт м64х6 с квадратной головкой";"нужен Wordstat";"Тип детали";"/catalog/futerovochnye-bolty-bronebolty/futerovochnyy-bolt-bronebolt-s-kvadratnoy-golovkoy/";""
"футеровочный болт м64х6 с квадратной головкой купить";"нужен Wordstat";"Тип детали";"/catalog/futerovochnye-bolty-bronebolty/futerovochnyy-bolt-bronebolt-s-kvadratnoy-golovkoy/";""
"футеровочный болт м64х6 с овальной головкой";"нужен Wordstat";"Тип детали";"/catalog/futerovochnye-bolty-bronebolty/futerovochnyy-bolt-bronebolt-s-ovalnoy-golovkoy/";""
"футеровочный болт м64х6 с овальной головкой купить";"нужен Wordstat";"Тип детали";"/catalog/futerovochnye-bolty-bronebolty/futerovochnyy-bolt-bronebolt-s-ovalnoy-golovkoy/";""
"хомут дро-592";"нужен Wordstat";"Тип детали";"/catalog/zapasnye-chasti-i-komplektuyushchie/zapchasti-dlya-drobilok/drobilki-konusnye/dro-592-ksd-600/";""
"хомут дро-592 купить";"нужен Wordstat";"Тип детали";"/catalog/zapasnye-chasti-i-komplektuyushchie/zapchasti-dlya-drobilok/drobilki-konusnye/dro-592-ksd-600/";""
"хомут смд-120а";"нужен Wordstat";"Тип детали";"/catalog/zapasnye-chasti-i-komplektuyushchie/zapchasti-dlya-drobilok/drobilki-konusnye/smd-120a-ksd-900/";""
"хомут смд-120а купить";"нужен Wordstat";"Тип детали";"/catalog/zapasnye-chasti-i-komplektuyushchie/zapchasti-dlya-drobilok/drobilki-konusnye/smd-120a-ksd-900/";""
"цепь полотна пластинчатая п-804";"нужен Wordstat";"Тип детали";"/catalog/zapasnye-chasti-i-komplektuyushchie/zapchasti-dlya-pitately/pitatel-plastinchatyy-p-804-104920-10/";""
"цепь полотна пластинчатая п-804 купить";"нужен Wordstat";"Тип детали";"/catalog/zapasnye-chasti-i-komplektuyushchie/zapchasti-dlya-pitately/pitatel-plastinchatyy-p-804-104920-10/";""
"чаша опорная сб ксд-1200 и кмд-1200";"нужен Wordstat";"Тип детали";"/catalog/zapasnye-chasti-i-komplektuyushchie/zapchasti-dlya-drobilok/drobilki-konusnye/ksd-1200-i-kmd-1200/";""
"чаша опорная сб ксд-1200 и кмд-1200 купить";"нужен Wordstat";"Тип детали";"/catalog/zapasnye-chasti-i-komplektuyushchie/zapchasti-dlya-drobilok/drobilki-konusnye/ksd-1200-i-kmd-1200/";""
"шайба н смд-108а";"нужен Wordstat";"Тип детали";"/catalog/zapasnye-chasti-i-komplektuyushchie/zapchasti-dlya-drobilok/drobilki-shchekovye/smd-108a/";""
"шайба н смд-108а купить";"нужен Wordstat";"Тип детали";"/catalog/zapasnye-chasti-i-komplektuyushchie/zapchasti-dlya-drobilok/drobilki-shchekovye/smd-108a/";""
"шайба н смд-109а";"нужен Wordstat";"Тип детали";"/catalog/zapasnye-chasti-i-komplektuyushchie/zapchasti-dlya-drobilok/drobilki-shchekovye/smd-109a/";""
"шайба н смд-109а купить";"нужен Wordstat";"Тип детали";"/catalog/zapasnye-chasti-i-komplektuyushchie/zapchasti-dlya-drobilok/drobilki-shchekovye/smd-109a/";""
"шайба отгибная смд-108а";"нужен Wordstat";"Тип детали";"/catalog/zapasnye-chasti-i-komplektuyushchie/zapchasti-dlya-drobilok/drobilki-shchekovye/smd-108a/";""
"шайба отгибная смд-108а купить";"нужен Wordstat";"Тип детали";"/catalog/zapasnye-chasti-i-komplektuyushchie/zapchasti-dlya-drobilok/drobilki-shchekovye/smd-108a/";""
"шайба отгибная смд-109а смд-109а";"нужен Wordstat";"Тип детали";"/catalog/zapasnye-chasti-i-komplektuyushchie/zapchasti-dlya-drobilok/drobilki-shchekovye/smd-109a/";""
"шайба отгибная смд-109а смд-109а купить";"нужен Wordstat";"Тип детали";"/catalog/zapasnye-chasti-i-komplektuyushchie/zapchasti-dlya-drobilok/drobilki-shchekovye/smd-109a/";""
"шайба отгибная смд-110а смд-110а";"нужен Wordstat";"Тип детали";"/catalog/zapasnye-chasti-i-komplektuyushchie/zapchasti-dlya-drobilok/drobilki-shchekovye/smd-110a/";""
"шайба отгибная смд-110а смд-110а купить";"нужен Wordstat";"Тип детали";"/catalog/zapasnye-chasti-i-komplektuyushchie/zapchasti-dlya-drobilok/drobilki-shchekovye/smd-110a/";""
"шайба смд-108а";"нужен Wordstat";"Тип детали";"/catalog/zapasnye-chasti-i-komplektuyushchie/zapchasti-dlya-drobilok/drobilki-shchekovye/smd-108a/";""
"шайба смд-108а купить";"нужен Wordstat";"Тип детали";"/catalog/zapasnye-chasti-i-komplektuyushchie/zapchasti-dlya-drobilok/drobilki-shchekovye/smd-108a/";""
"шайба смд-109а смд-109а";"нужен Wordstat";"Тип детали";"/catalog/zapasnye-chasti-i-komplektuyushchie/zapchasti-dlya-drobilok/drobilki-shchekovye/smd-109a/";""
"шайба смд-109а смд-109а купить";"нужен Wordstat";"Тип детали";"/catalog/zapasnye-chasti-i-komplektuyushchie/zapchasti-dlya-drobilok/drobilki-shchekovye/smd-109a/";""
"шайба смд-110а";"нужен Wordstat";"Тип детали";"/catalog/zapasnye-chasti-i-komplektuyushchie/zapchasti-dlya-drobilok/drobilki-shchekovye/smd-110a/";""
"шайба смд-110а купить";"нужен Wordstat";"Тип детали";"/catalog/zapasnye-chasti-i-komplektuyushchie/zapchasti-dlya-drobilok/drobilki-shchekovye/smd-110a/";""
"шайба текстолитовая дро-592";"нужен Wordstat";"Тип детали";"/catalog/zapasnye-chasti-i-komplektuyushchie/zapchasti-dlya-drobilok/drobilki-konusnye/dro-592-ksd-600/";""
"шайба текстолитовая дро-592 купить";"нужен Wordstat";"Тип детали";"/catalog/zapasnye-chasti-i-komplektuyushchie/zapchasti-dlya-drobilok/drobilki-konusnye/dro-592-ksd-600/";""
"шайба текстолитовая смд-120а";"нужен Wordstat";"Тип детали";"/catalog/zapasnye-chasti-i-komplektuyushchie/zapchasti-dlya-drobilok/drobilki-konusnye/smd-120a-ksd-900/";""
"шайба текстолитовая смд-120а купить";"нужен Wordstat";"Тип детали";"/catalog/zapasnye-chasti-i-komplektuyushchie/zapchasti-dlya-drobilok/drobilki-konusnye/smd-120a-ksd-900/";""
"шестерня большая тк-16а";"нужен Wordstat";"Тип детали";"/catalog/zapasnye-chasti-i-komplektuyushchie/zapchasti-dlya-pitately/pitatel-plastinchatyy-tk-16a-dro-604/";""
"шестерня большая тк-16а купить";"нужен Wordstat";"Тип детали";"/catalog/zapasnye-chasti-i-komplektuyushchie/zapchasti-dlya-pitately/pitatel-plastinchatyy-tk-16a-dro-604/";""
"шестерня коническая дро-592";"нужен Wordstat";"Тип детали";"/catalog/zapasnye-chasti-i-komplektuyushchie/zapchasti-dlya-drobilok/drobilki-konusnye/dro-592-ksd-600/";""
"шестерня коническая дро-592 купить";"нужен Wordstat";"Тип детали";"/catalog/zapasnye-chasti-i-komplektuyushchie/zapchasti-dlya-drobilok/drobilki-konusnye/dro-592-ksd-600/";""
"шестерня коническая ксд-1200 и кмд-1200";"нужен Wordstat";"Тип детали";"/catalog/zapasnye-chasti-i-komplektuyushchie/zapchasti-dlya-drobilok/drobilki-konusnye/ksd-1200-i-kmd-1200/";""
"шестерня коническая ксд-1200 и кмд-1200 купить";"нужен Wordstat";"Тип детали";"/catalog/zapasnye-chasti-i-komplektuyushchie/zapchasti-dlya-drobilok/drobilki-konusnye/ksd-1200-i-kmd-1200/";""
"шестерня коническая смд-120а";"нужен Wordstat";"Тип детали";"/catalog/zapasnye-chasti-i-komplektuyushchie/zapchasti-dlya-drobilok/drobilki-konusnye/smd-120a-ksd-900/";""
"шестерня коническая смд-120а купить";"нужен Wordstat";"Тип детали";"/catalog/zapasnye-chasti-i-komplektuyushchie/zapchasti-dlya-drobilok/drobilki-konusnye/smd-120a-ksd-900/";""
"шестерня малая тк-16а";"нужен Wordstat";"Тип детали";"/catalog/zapasnye-chasti-i-komplektuyushchie/zapchasti-dlya-pitately/pitatel-plastinchatyy-tk-16a-dro-604/";""
"шестерня малая тк-16а купить";"нужен Wordstat";"Тип детали";"/catalog/zapasnye-chasti-i-komplektuyushchie/zapchasti-dlya-pitately/pitatel-plastinchatyy-tk-16a-dro-604/";""
"шкаф управления дро-592 дро-592";"нужен Wordstat";"Тип детали";"/catalog/zapasnye-chasti-i-komplektuyushchie/zapchasti-dlya-drobilok/drobilki-konusnye/dro-592-ksd-600/";""
"шкаф управления дро-592 дро-592 купить";"нужен Wordstat";"Тип детали";"/catalog/zapasnye-chasti-i-komplektuyushchie/zapchasti-dlya-drobilok/drobilki-konusnye/dro-592-ksd-600/";""
"шкаф управления смд-108а смд-108а";"нужен Wordstat";"Тип детали";"/catalog/zapasnye-chasti-i-komplektuyushchie/zapchasti-dlya-drobilok/drobilki-shchekovye/smd-108a/";""
"шкаф управления смд-108а смд-108а купить";"нужен Wordstat";"Тип детали";"/catalog/zapasnye-chasti-i-komplektuyushchie/zapchasti-dlya-drobilok/drobilki-shchekovye/smd-108a/";""
"шкаф управления смд-109а смд-109а";"нужен Wordstat";"Тип детали";"/catalog/zapasnye-chasti-i-komplektuyushchie/zapchasti-dlya-drobilok/drobilki-shchekovye/smd-109a/";""
"шкаф управления смд-109а смд-109а купить";"нужен Wordstat";"Тип детали";"/catalog/zapasnye-chasti-i-komplektuyushchie/zapchasti-dlya-drobilok/drobilki-shchekovye/smd-109a/";""
"шкаф управления смд-110а смд-110а";"нужен Wordstat";"Тип детали";"/catalog/zapasnye-chasti-i-komplektuyushchie/zapchasti-dlya-drobilok/drobilki-shchekovye/smd-110a/";""
"шкаф управления смд-110а смд-110а купить";"нужен Wordstat";"Тип детали";"/catalog/zapasnye-chasti-i-komplektuyushchie/zapchasti-dlya-drobilok/drobilki-shchekovye/smd-110a/";""
"шкив привода дро-592";"нужен Wordstat";"Тип детали";"/catalog/zapasnye-chasti-i-komplektuyushchie/zapchasti-dlya-drobilok/drobilki-konusnye/dro-592-ksd-600/";""
"шкив привода дро-592 купить";"нужен Wordstat";"Тип детали";"/catalog/zapasnye-chasti-i-komplektuyushchie/zapchasti-dlya-drobilok/drobilki-konusnye/dro-592-ksd-600/";""
"шкив привода смд-120а";"нужен Wordstat";"Тип детали";"/catalog/zapasnye-chasti-i-komplektuyushchie/zapchasti-dlya-drobilok/drobilki-konusnye/smd-120a-ksd-900/";""
"шкив привода смд-120а купить";"нужен Wordstat";"Тип детали";"/catalog/zapasnye-chasti-i-komplektuyushchie/zapchasti-dlya-drobilok/drobilki-konusnye/smd-120a-ksd-900/";""
"шкив электродвигателя дро-592";"нужен Wordstat";"Тип детали";"/catalog/zapasnye-chasti-i-komplektuyushchie/zapchasti-dlya-drobilok/drobilki-konusnye/dro-592-ksd-600/";""
"шкив электродвигателя дро-592 купить";"нужен Wordstat";"Тип детали";"/catalog/zapasnye-chasti-i-komplektuyushchie/zapchasti-dlya-drobilok/drobilki-konusnye/dro-592-ksd-600/";""
"шкив электродвигателя смд-108а";"нужен Wordstat";"Тип детали";"/catalog/zapasnye-chasti-i-komplektuyushchie/zapchasti-dlya-drobilok/drobilki-shchekovye/smd-108a/";""
"шкив электродвигателя смд-108а купить";"нужен Wordstat";"Тип детали";"/catalog/zapasnye-chasti-i-komplektuyushchie/zapchasti-dlya-drobilok/drobilki-shchekovye/smd-108a/";""
"шкив электродвигателя смд-109а";"нужен Wordstat";"Тип детали";"/catalog/zapasnye-chasti-i-komplektuyushchie/zapchasti-dlya-drobilok/drobilki-shchekovye/smd-109a/";""
"шкив электродвигателя смд-109а купить";"нужен Wordstat";"Тип детали";"/catalog/zapasnye-chasti-i-komplektuyushchie/zapchasti-dlya-drobilok/drobilki-shchekovye/smd-109a/";""
"шкив электродвигателя смд-110а";"нужен Wordstat";"Тип детали";"/catalog/zapasnye-chasti-i-komplektuyushchie/zapchasti-dlya-drobilok/drobilki-shchekovye/smd-110a/";""
"шкив электродвигателя смд-110а купить";"нужен Wordstat";"Тип детали";"/catalog/zapasnye-chasti-i-komplektuyushchie/zapchasti-dlya-drobilok/drobilki-shchekovye/smd-110a/";""
"шкив электродвигателя смд-120а смд-120а";"нужен Wordstat";"Тип детали";"/catalog/zapasnye-chasti-i-komplektuyushchie/zapchasti-dlya-drobilok/drobilki-konusnye/smd-120a-ksd-900/";""
"шкив электродвигателя смд-120а смд-120а купить";"нужен Wordstat";"Тип детали";"/catalog/zapasnye-chasti-i-komplektuyushchie/zapchasti-dlya-drobilok/drobilki-konusnye/smd-120a-ksd-900/";""
"шкив электродвигателя смд-120ат смд-120а";"нужен Wordstat";"Тип детали";"/catalog/zapasnye-chasti-i-komplektuyushchie/zapchasti-dlya-drobilok/drobilki-konusnye/smd-120a-ksd-900/";""
"шкив электродвигателя смд-120ат смд-120а купить";"нужен Wordstat";"Тип детали";"/catalog/zapasnye-chasti-i-komplektuyushchie/zapchasti-dlya-drobilok/drobilki-konusnye/smd-120a-ksd-900/";""
"шпилька дро-592";"нужен Wordstat";"Тип детали";"/catalog/zapasnye-chasti-i-komplektuyushchie/zapchasti-dlya-drobilok/drobilki-konusnye/dro-592-ksd-600/";""
"шпилька дро-592 купить";"нужен Wordstat";"Тип детали";"/catalog/zapasnye-chasti-i-komplektuyushchie/zapchasti-dlya-drobilok/drobilki-konusnye/dro-592-ksd-600/";""
"шпилька кольца регулирующего ксд-1200 и кмд-1200";"нужен Wordstat";"Тип детали";"/catalog/zapasnye-chasti-i-komplektuyushchie/zapchasti-dlya-drobilok/drobilki-konusnye/ksd-1200-i-kmd-1200/";""
"шпилька кольца регулирующего ксд-1200 и кмд-1200 купить";"нужен Wordstat";"Тип детали";"/catalog/zapasnye-chasti-i-komplektuyushchie/zapchasti-dlya-drobilok/drobilki-konusnye/ksd-1200-i-kmd-1200/";""
"шпилька м48х3 смд-108а";"нужен Wordstat";"Тип детали";"/catalog/zapasnye-chasti-i-komplektuyushchie/zapchasti-dlya-drobilok/drobilki-shchekovye/smd-108a/";""
"шпилька м48х3 смд-108а купить";"нужен Wordstat";"Тип детали";"/catalog/zapasnye-chasti-i-komplektuyushchie/zapchasti-dlya-drobilok/drobilki-shchekovye/smd-108a/";""
"шпилька м48х3 смд-109а смд-109а";"нужен Wordstat";"Тип детали";"/catalog/zapasnye-chasti-i-komplektuyushchie/zapchasti-dlya-drobilok/drobilki-shchekovye/smd-109a/";""
"шпилька м48х3 смд-109а смд-109а купить";"нужен Wordstat";"Тип детали";"/catalog/zapasnye-chasti-i-komplektuyushchie/zapchasti-dlya-drobilok/drobilki-shchekovye/smd-109a/";""
"шпилька м48х3 смд-110а смд-110а";"нужен Wordstat";"Тип детали";"/catalog/zapasnye-chasti-i-komplektuyushchie/zapchasti-dlya-drobilok/drobilki-shchekovye/smd-110a/";""
"шпилька м48х3 смд-110а смд-110а купить";"нужен Wordstat";"Тип детали";"/catalog/zapasnye-chasti-i-komplektuyushchie/zapchasti-dlya-drobilok/drobilki-shchekovye/smd-110a/";""
"шпонка дро-592";"нужен Wordstat";"Тип детали";"/catalog/zapasnye-chasti-i-komplektuyushchie/zapchasti-dlya-drobilok/drobilki-konusnye/dro-592-ksd-600/";""
"шпонка дро-592 купить";"нужен Wordstat";"Тип детали";"/catalog/zapasnye-chasti-i-komplektuyushchie/zapchasti-dlya-drobilok/drobilki-konusnye/dro-592-ksd-600/";""
"шпонка ксд-1200 и кмд-1200";"нужен Wordstat";"Тип детали";"/catalog/zapasnye-chasti-i-komplektuyushchie/zapchasti-dlya-drobilok/drobilki-konusnye/ksd-1200-i-kmd-1200/";""
"шпонка ксд-1200 и кмд-1200 купить";"нужен Wordstat";"Тип детали";"/catalog/zapasnye-chasti-i-komplektuyushchie/zapchasti-dlya-drobilok/drobilki-konusnye/ksd-1200-i-kmd-1200/";""
"шпонка привода дро-592";"нужен Wordstat";"Тип детали";"/catalog/zapasnye-chasti-i-komplektuyushchie/zapchasti-dlya-drobilok/drobilki-konusnye/dro-592-ksd-600/";""
"шпонка привода дро-592 купить";"нужен Wordstat";"Тип детали";"/catalog/zapasnye-chasti-i-komplektuyushchie/zapchasti-dlya-drobilok/drobilki-konusnye/dro-592-ksd-600/";""
"шпонка привода ксд-1200 и кмд-1200";"нужен Wordstat";"Тип детали";"/catalog/zapasnye-chasti-i-komplektuyushchie/zapchasti-dlya-drobilok/drobilki-konusnye/ksd-1200-i-kmd-1200/";""
"шпонка привода ксд-1200 и кмд-1200 купить";"нужен Wordstat";"Тип детали";"/catalog/zapasnye-chasti-i-komplektuyushchie/zapchasti-dlya-drobilok/drobilki-konusnye/ksd-1200-i-kmd-1200/";""
"шпонка смд-120а";"нужен Wordstat";"Тип детали";"/catalog/zapasnye-chasti-i-komplektuyushchie/zapchasti-dlya-drobilok/drobilki-konusnye/smd-120a-ksd-900/";""
"шпонка смд-120а купить";"нужен Wordstat";"Тип детали";"/catalog/zapasnye-chasti-i-komplektuyushchie/zapchasti-dlya-drobilok/drobilki-konusnye/smd-120a-ksd-900/";""
"шпонка специальная ксд-1200 и кмд-1200";"нужен Wordstat";"Тип детали";"/catalog/zapasnye-chasti-i-komplektuyushchie/zapchasti-dlya-drobilok/drobilki-konusnye/ksd-1200-i-kmd-1200/";""
"шпонка специальная ксд-1200 и кмд-1200 купить";"нужен Wordstat";"Тип детали";"/catalog/zapasnye-chasti-i-komplektuyushchie/zapchasti-dlya-drobilok/drobilki-konusnye/ksd-1200-i-kmd-1200/";""
"шпонка специальная смд-120а";"нужен Wordstat";"Тип детали";"/catalog/zapasnye-chasti-i-komplektuyushchie/zapchasti-dlya-drobilok/drobilki-konusnye/smd-120a-ksd-900/";""
"шпонка специальная смд-120а купить";"нужен Wordstat";"Тип детали";"/catalog/zapasnye-chasti-i-komplektuyushchie/zapchasti-dlya-drobilok/drobilki-konusnye/smd-120a-ksd-900/";""
"шпонка тангенциальная смд-108а";"нужен Wordstat";"Тип детали";"/catalog/zapasnye-chasti-i-komplektuyushchie/zapchasti-dlya-drobilok/drobilki-shchekovye/smd-108a/";""
"шпонка тангенциальная смд-108а купить";"нужен Wordstat";"Тип детали";"/catalog/zapasnye-chasti-i-komplektuyushchie/zapchasti-dlya-drobilok/drobilki-shchekovye/smd-108a/";""
"шпонка тангенциальная смд-109а";"нужен Wordstat";"Тип детали";"/catalog/zapasnye-chasti-i-komplektuyushchie/zapchasti-dlya-drobilok/drobilki-shchekovye/smd-109a/";""
"шпонка тангенциальная смд-109а купить";"нужен Wordstat";"Тип детали";"/catalog/zapasnye-chasti-i-komplektuyushchie/zapchasti-dlya-drobilok/drobilki-shchekovye/smd-109a/";""
"шпонка тангенциальная смд-110а";"нужен Wordstat";"Тип детали";"/catalog/zapasnye-chasti-i-komplektuyushchie/zapchasti-dlya-drobilok/drobilki-shchekovye/smd-110a/";""
"шпонка тангенциальная смд-110а купить";"нужен Wordstat";"Тип детали";"/catalog/zapasnye-chasti-i-komplektuyushchie/zapchasti-dlya-drobilok/drobilki-shchekovye/smd-110a/";""
"шпонка эксцентрика ксд-1200 и кмд-1200";"нужен Wordstat";"Тип детали";"/catalog/zapasnye-chasti-i-komplektuyushchie/zapchasti-dlya-drobilok/drobilki-konusnye/ksd-1200-i-kmd-1200/";""
"шпонка эксцентрика ксд-1200 и кмд-1200 купить";"нужен Wordstat";"Тип детали";"/catalog/zapasnye-chasti-i-komplektuyushchie/zapchasti-dlya-drobilok/drobilki-konusnye/ksd-1200-i-kmd-1200/";""
"штырь ксд-1200 и кмд-1200";"нужен Wordstat";"Тип детали";"/catalog/zapasnye-chasti-i-komplektuyushchie/zapchasti-dlya-drobilok/drobilki-konusnye/ksd-1200-i-kmd-1200/";""
"штырь ксд-1200 и кмд-1200 купить";"нужен Wordstat";"Тип детали";"/catalog/zapasnye-chasti-i-komplektuyushchie/zapchasti-dlya-drobilok/drobilki-konusnye/ksd-1200-i-kmd-1200/";""
"щека в сборе смд-108а смд-108а";"нужен Wordstat";"Тип детали";"/catalog/zapasnye-chasti-i-komplektuyushchie/zapchasti-dlya-drobilok/drobilki-shchekovye/smd-108a/";""
"щека в сборе смд-108а смд-108а купить";"нужен Wordstat";"Тип детали";"/catalog/zapasnye-chasti-i-komplektuyushchie/zapchasti-dlya-drobilok/drobilki-shchekovye/smd-108a/";""
"щека в сборе смд-109а смд-109а";"нужен Wordstat";"Тип детали";"/catalog/zapasnye-chasti-i-komplektuyushchie/zapchasti-dlya-drobilok/drobilki-shchekovye/smd-109a/";""
"щека в сборе смд-109а смд-109а купить";"нужен Wordstat";"Тип детали";"/catalog/zapasnye-chasti-i-komplektuyushchie/zapchasti-dlya-drobilok/drobilki-shchekovye/smd-109a/";""
"щека в сборе смд-110а смд-110а";"нужен Wordstat";"Тип детали";"/catalog/zapasnye-chasti-i-komplektuyushchie/zapchasti-dlya-drobilok/drobilki-shchekovye/smd-110a/";""
"щека в сборе смд-110а смд-110а купить";"нужен Wordstat";"Тип детали";"/catalog/zapasnye-chasti-i-komplektuyushchie/zapchasti-dlya-drobilok/drobilki-shchekovye/smd-110a/";""
"щека голая смд-108а смд-108а";"нужен Wordstat";"Тип детали";"/catalog/zapasnye-chasti-i-komplektuyushchie/zapchasti-dlya-drobilok/drobilki-shchekovye/smd-108a/";""
"щека голая смд-108а смд-108а купить";"нужен Wordstat";"Тип детали";"/catalog/zapasnye-chasti-i-komplektuyushchie/zapchasti-dlya-drobilok/drobilki-shchekovye/smd-108a/";""
"щека голая смд-109а смд-109а";"нужен Wordstat";"Тип детали";"/catalog/zapasnye-chasti-i-komplektuyushchie/zapchasti-dlya-drobilok/drobilki-shchekovye/smd-109a/";""
"щека голая смд-109а смд-109а купить";"нужен Wordstat";"Тип детали";"/catalog/zapasnye-chasti-i-komplektuyushchie/zapchasti-dlya-drobilok/drobilki-shchekovye/smd-109a/";""
"щека голая смд-110а смд-110а";"нужен Wordstat";"Тип детали";"/catalog/zapasnye-chasti-i-komplektuyushchie/zapchasti-dlya-drobilok/drobilki-shchekovye/smd-110a/";""
"щека голая смд-110а смд-110а купить";"нужен Wordstat";"Тип детали";"/catalog/zapasnye-chasti-i-komplektuyushchie/zapchasti-dlya-drobilok/drobilki-shchekovye/smd-110a/";""
"эксцентрик голый ксд-1200 и кмд-1200";"нужен Wordstat";"Тип детали";"/catalog/zapasnye-chasti-i-komplektuyushchie/zapchasti-dlya-drobilok/drobilki-konusnye/ksd-1200-i-kmd-1200/";""
"эксцентрик голый ксд-1200 и кмд-1200 купить";"нужен Wordstat";"Тип детали";"/catalog/zapasnye-chasti-i-komplektuyushchie/zapchasti-dlya-drobilok/drobilki-konusnye/ksd-1200-i-kmd-1200/";""
"электродвигатель а180м4 дро-592 дро-592";"нужен Wordstat";"Тип детали";"/catalog/zapasnye-chasti-i-komplektuyushchie/zapchasti-dlya-drobilok/drobilki-konusnye/dro-592-ksd-600/";""
"электродвигатель а180м4 дро-592 дро-592 купить";"нужен Wordstat";"Тип детали";"/catalog/zapasnye-chasti-i-komplektuyushchie/zapchasti-dlya-drobilok/drobilki-konusnye/dro-592-ksd-600/";""
"электродвигатель а250м6 смд-120а смд-120а";"нужен Wordstat";"Тип детали";"/catalog/zapasnye-chasti-i-komplektuyushchie/zapchasti-dlya-drobilok/drobilki-konusnye/smd-120a-ksd-900/";""
"электродвигатель а250м6 смд-120а смд-120а купить";"нужен Wordstat";"Тип детали";"/catalog/zapasnye-chasti-i-komplektuyushchie/zapchasti-dlya-drobilok/drobilki-konusnye/smd-120a-ksd-900/";""
"электродвигатель а250s6 смд-108а";"нужен Wordstat";"Тип детали";"/catalog/zapasnye-chasti-i-komplektuyushchie/zapchasti-dlya-drobilok/drobilki-shchekovye/smd-108a/";""
"электродвигатель а250s6 смд-108а купить";"нужен Wordstat";"Тип детали";"/catalog/zapasnye-chasti-i-komplektuyushchie/zapchasti-dlya-drobilok/drobilki-shchekovye/smd-108a/";""
"электродвигатель а250s6 смд-109а";"нужен Wordstat";"Тип детали";"/catalog/zapasnye-chasti-i-komplektuyushchie/zapchasti-dlya-drobilok/drobilki-shchekovye/smd-109a/";""
"электродвигатель а250s6 смд-109а купить";"нужен Wordstat";"Тип детали";"/catalog/zapasnye-chasti-i-komplektuyushchie/zapchasti-dlya-drobilok/drobilki-shchekovye/smd-109a/";""
"электродвигатель а280s6 смд-120ат смд-120а";"нужен Wordstat";"Тип детали";"/catalog/zapasnye-chasti-i-komplektuyushchie/zapchasti-dlya-drobilok/drobilki-konusnye/smd-120a-ksd-900/";""
"электродвигатель а280s6 смд-120ат смд-120а купить";"нужен Wordstat";"Тип детали";"/catalog/zapasnye-chasti-i-komplektuyushchie/zapchasti-dlya-drobilok/drobilki-konusnye/smd-120a-ksd-900/";""
"электродвигатель на салазках дро-592";"нужен Wordstat";"Тип детали";"/catalog/zapasnye-chasti-i-komplektuyushchie/zapchasti-dlya-drobilok/drobilki-konusnye/dro-592-ksd-600/";""
"электродвигатель на салазках дро-592 купить";"нужен Wordstat";"Тип детали";"/catalog/zapasnye-chasti-i-komplektuyushchie/zapchasti-dlya-drobilok/drobilki-konusnye/dro-592-ksd-600/";""
"капитальный ремонт дробилок";"нужен Wordstat";"Услуга";"/services/remont-drobilok/";""
"капитальный ремонт дробилок на заказ";"нужен Wordstat";"Услуга";"/services/remont-drobilok/";""
"капитальный ремонт дробилок цена";"нужен Wordstat";"Услуга";"/services/remont-drobilok/";""
"капитальный ремонт дробилок челябинск";"нужен Wordstat";"Услуга";"/services/remont-drobilok/";""
"капитальный ремонт щековой дробилки";"нужен Wordstat";"Услуга";"/services/remont-drobilok/";""
"литьё 110г13л на заказ";"нужен Wordstat";"Услуга";"/services/lite/";""
"литьё по чертежам заказчика";"нужен Wordstat";"Услуга";"/services/lite/";""
"литьё по чертежам заказчика на заказ";"нужен Wordstat";"Услуга";"/services/lite/";""
"литьё по чертежам заказчика цена";"нужен Wordstat";"Услуга";"/services/lite/";""
"литьё по чертежам заказчика челябинск";"нужен Wordstat";"Услуга";"/services/lite/";""
"механообработка";"нужен Wordstat";"Услуга";"/services/mehanoobrabotka/";""
"механообработка на заказ";"нужен Wordstat";"Услуга";"/services/mehanoobrabotka/";""
"механообработка цена";"нужен Wordstat";"Услуга";"/services/mehanoobrabotka/";""
"механообработка челябинск";"нужен Wordstat";"Услуга";"/services/mehanoobrabotka/";""
"механообработка чпу челябинск";"нужен Wordstat";"Услуга";"/services/mehanoobrabotka/";""
"отливки по чертежам заказчика челябинск";"нужен Wordstat";"Услуга";"/services/lite/";""
"плетение канилированной сетки";"нужен Wordstat";"Услуга";"/services/setka-riflenaya/";""
"плетение рифлёной сетки";"нужен Wordstat";"Услуга";"/services/setka-riflenaya/";""
"плетение рифлёной сетки на заказ";"нужен Wordstat";"Услуга";"/services/setka-riflenaya/";""
"плетение рифлёной сетки цена";"нужен Wordstat";"Услуга";"/services/setka-riflenaya/";""
"плетение рифлёной сетки челябинск";"нужен Wordstat";"Услуга";"/services/setka-riflenaya/";""
"ремонт конусной дробилки";"нужен Wordstat";"Услуга";"/services/remont-drobilok/";""
"ремонт питателей";"нужен Wordstat";"Услуга";"/services/remont-pitateley/";""
"ремонт питателей на заказ";"нужен Wordstat";"Услуга";"/services/remont-pitateley/";""
"ремонт питателей цена";"нужен Wordstat";"Услуга";"/services/remont-pitateley/";""
"ремонт питателей челябинск";"нужен Wordstat";"Услуга";"/services/remont-pitateley/";""
"сетка рифлёная гост 3306-88 купить";"нужен Wordstat";"Услуга";"/catalog/zapasnye-chasti-i-komplektuyushchie/zapchasti-dlya-grokhotov/setka-riflenaya-dlya-grokhotov/";""
