URL;Код ответа;Title;Description;H1;В sitemap;В навигации;Отдавал пустую копию каталога
"/";"200";"Поставка оборудования, запасных частей и расходных материалов для дробильно-сортировочного, горно-добывающего и дорожно-строительного оборудования";"Поставка оборудования, запасных частей и расходных материалов для дробильно-сортировочного, горно-добывающего и дорожно-строительного оборудования";"";"да";"нет";"нет"
"/404.php";"404";"";"";"";"да";"нет";"нет"
"/500.html";"200";"Service is temporarily unavailable";"";"Service is temporarily unavailable";"да";"нет";"нет"
"/cart/";"404";"";"";"";"да";"нет";"нет"
"/cart/order/";"404";"";"";"";"да";"нет";"нет"
"/catalog/";"200";"Каталог товаров - Завод дробильно-сортировочного оборудования";"Поставка оборудования, запасных частей и расходных материалов для дробильно-сортировочного, горно-добывающего и дорожно-строительного оборудования";"Каталог товаров";"да";"нет";"да"
"/catalog/drobilki/";"200";"Каталог - Завод дробильно-сортировочного оборудования";"Поставка оборудования, запасных частей и расходных материалов для дробильно-сортировочного, горно-добывающего и дорожно-строительного оборудования";"Каталог";"да";"нет";"да"
"/catalog/drobilki/zapchasti-dlya-drobilnogo-oborudovaniya/";"200";"Каталог - Завод дробильно-сортировочного оборудования";"Поставка оборудования, запасных частей и расходных материалов для дробильно-сортировочного, горно-добывающего и дорожно-строительного оборудования";"Каталог";"да";"нет";"да"
"/catalog/drobilki/zapchasti-dlya-drobilnogo-oborudovaniya/drobilki-shchekovye/";"200";"Каталог - Завод дробильно-сортировочного оборудования";"Поставка оборудования, запасных частей и расходных материалов для дробильно-сортировочного, горно-добывающего и дорожно-строительного оборудования";"Каталог";"да";"нет";"да"
"/catalog/drobilno-sortirovochnoe-oborudovanie/";"200";"ДРОБИЛЬНО-СОРТИРОВОЧНОЕ ОБОРУДОВАНИЕ от Завод ДСО";"Завод ДСО предлагает дробильно-сортировочное оборудование в Челябинске";"ДРОБИЛЬНО-СОРТИРОВОЧНОЕ ОБОРУДОВАНИЕ";"да";"да";"нет"
"/catalog/drobilno-sortirovochnoe-oborudovanie/drobilki/";"200";"ДРОБИЛКИ от Завод ДСО";"Завод ДСО предлагает дробилки в Челябинске";"ДРОБИЛКИ";"да";"да";"нет"
"/catalog/drobilno-sortirovochnoe-oborudovanie/drobilki/konusnye-drobilki/";"200";"Конусные дробилки от Завод ДСО";"Завод ДСО предлагает конусные дробилки в Челябинске";"Конусные дробилки";"да";"да";"нет"
"/catalog/drobilno-sortirovochnoe-oborudovanie/drobilki/konusnye-drobilki/dro-592-ksd-600/";"200";"ДРО-592 (КСД-600) от Завод ДСО";"Завод ДСО предлагает дро-592 (ксд-600) в Челябинске";"ДРО-592 (КСД-600)";"да";"да";"нет"
"/catalog/drobilno-sortirovochnoe-oborudovanie/drobilki/konusnye-drobilki/kmd-1200gr/";"200";"КМД-1200Гр от Завод ДСО";"Завод ДСО предлагает кмд-1200гр в Челябинске";"КМД-1200Гр";"да";"да";"нет"
"/catalog/drobilno-sortirovochnoe-oborudovanie/drobilki/konusnye-drobilki/kmd-1200t/";"200";"КМД-1200Т от Завод ДСО";"Завод ДСО предлагает кмд-1200т в Челябинске";"КМД-1200Т";"да";"да";"нет"
"/catalog/drobilno-sortirovochnoe-oborudovanie/drobilki/konusnye-drobilki/ksd-1200gr/";"200";"КСД-1200Гр от Завод ДСО";"Завод ДСО предлагает ксд-1200гр в Челябинске";"КСД-1200Гр";"да";"да";"нет"
"/catalog/drobilno-sortirovochnoe-oborudovanie/drobilki/konusnye-drobilki/ksd-1200t/";"200";"КСД-1200Т от Завод ДСО";"Завод ДСО предлагает ксд-1200т в Челябинске";"КСД-1200Т";"да";"да";"нет"
"/catalog/drobilno-sortirovochnoe-oborudovanie/drobilki/konusnye-drobilki/smd-120a-r-ksd-900/";"200";"СМД-120А-Р (КСД-900) от Завод ДСО";"Завод ДСО предлагает смд-120а-р (ксд-900) в Челябинске";"СМД-120А-Р (КСД-900)";"да";"да";"нет"
"/catalog/drobilno-sortirovochnoe-oborudovanie/drobilki/konusnye-drobilki/smd-120a-t-kmd-900/";"200";"СМД-120А-Т (КМД-900) от Завод ДСО";"Завод ДСО предлагает смд-120а-т (кмд-900) в Челябинске";"СМД-120А-Т (КМД-900)";"да";"да";"нет"
"/catalog/drobilno-sortirovochnoe-oborudovanie/drobilki/rotornye-drobilki/";"200";"Роторные дробилки от Завод ДСО";"Завод ДСО предлагает роторные дробилки в Челябинске";"Роторные дробилки";"да";"да";"нет"
"/catalog/drobilno-sortirovochnoe-oborudovanie/drobilki/shchekovye-drobilki/";"200";"Щековые дробилки от Завода ДСО";"Завод ДСО предлагает щековые дробилки в Челябинске";"Щековые дробилки";"да";"да";"нет"
"/catalog/drobilno-sortirovochnoe-oborudovanie/drobilki/shchekovye-drobilki/smd-108a-r/";"200";"СМД-108А-Р от Завода ДСО";"Завод ДСО предлагает смд-108а-р в Челябинске";"СМД-108А-Р";"да";"да";"нет"
"/catalog/drobilno-sortirovochnoe-oborudovanie/drobilki/shchekovye-drobilki/smd-109a-r/";"200";"СМД-109А-Р от Завода ДСО";"Завод ДСО предлагает смд-109а-р в Челябинске";"СМД-109А-Р";"да";"да";"нет"
"/catalog/drobilno-sortirovochnoe-oborudovanie/drobilki/shchekovye-drobilki/smd-110a-r/";"200";"СМД-110А-Р от Завода ДСО";"Завод ДСО предлагает смд-110а-р в Челябинске";"СМД-110А-Р";"да";"да";"нет"
"/catalog/drobilno-sortirovochnoe-oborudovanie/grokhota/";"200";"ГРОХОТА от Завод ДСО";"Завод ДСО предлагает грохота в Челябинске";"ГРОХОТА";"да";"да";"нет"
"/catalog/drobilno-sortirovochnoe-oborudovanie/konveyera/";"200";"КОНВЕЙЕРА от Завод ДСО";"Завод ДСО предлагает конвейера в Челябинске";"КОНВЕЙЕРА";"да";"да";"нет"
"/catalog/drobilno-sortirovochnoe-oborudovanie/pitateli/";"200";"ПИТАТЕЛИ от Завод ДСО";"Завод ДСО предлагает питатели в Челябинске";"ПИТАТЕЛИ";"да";"да";"нет"
"/catalog/futerovochnye-bolty-bronebolty/";"200";"ФУТЕРОВОЧНЫЕ БОЛТЫ (БРОНЕБОЛТЫ) от группы компаний Челябинские мастерские";"группа компаний Челябинские мастерские предлагает футеровочные болты (бронеболты) в Челябинске";"ФУТЕРОВОЧНЫЕ БОЛТЫ (БРОНЕБОЛТЫ)";"да";"да";"нет"
"/catalog/futerovochnye-bolty-bronebolty/futerovochnyy-bolt-bronebolt-s-kvadratnoy-golovkoy/";"200";"Футеровочный болт (бронеболт) с квадратной головкой от Завода ДСО";"Завод ДСО предлагает футеровочный болт (бронеболт) с квадратной головкой в Челябинске";"Футеровочный болт (бронеболт) с квадратной головкой";"да";"да";"нет"
"/catalog/futerovochnye-bolty-bronebolty/futerovochnyy-bolt-bronebolt-s-kvadratnoy-golovkoy/futerovochnyy-bolt-bronebolt-m20kh2-5-s-kvadratnoy-golovkoy/";"200";"Футеровочный болт (бронеболт) М20х2,5 с квадратной головкой от Завода ДСО";"Завод ДСО предлагает футеровочный болт (бронеболт) м20х2,5 с квадратной головкой в Челябинске";"Футеровочный болт (бронеболт) М20х2,5 с квадратной головкой";"да";"да";"нет"
"/catalog/futerovochnye-bolty-bronebolty/futerovochnyy-bolt-bronebolt-s-kvadratnoy-golovkoy/futerovochnyy-bolt-bronebolt-m24kh3-s-kvadratnoy-golovkoy/";"200";"Футеровочный болт (бронеболт) М24х3 с квадратной головкой от Завода ДСО";"Завод ДСО предлагает футеровочный болт (бронеболт) м24х3 с квадратной головкой в Челябинске";"Футеровочный болт (бронеболт) М24х3 с квадратной головкой";"да";"да";"нет"
"/catalog/futerovochnye-bolty-bronebolty/futerovochnyy-bolt-bronebolt-s-kvadratnoy-golovkoy/futerovochnyy-bolt-bronebolt-m30kh3-5-s-kvadratnoy-golovkoy/";"200";"Футеровочный болт (бронеболт) М30х3,5 с квадратной головкой от Завода ДСО";"Завод ДСО предлагает футеровочный болт (бронеболт) м30х3,5 с квадратной головкой в Челябинске";"Футеровочный болт (бронеболт) М30х3,5 с квадратной головкой";"да";"да";"нет"
"/catalog/futerovochnye-bolty-bronebolty/futerovochnyy-bolt-bronebolt-s-kvadratnoy-golovkoy/futerovochnyy-bolt-bronebolt-m36kh4-s-kvadratnoy-golovkoy/";"200";"Футеровочный болт (бронеболт) М36х4 с квадратной головкой от Завода ДСО";"Завод ДСО предлагает футеровочный болт (бронеболт) м36х4 с квадратной головкой в Челябинске";"Футеровочный болт (бронеболт) М36х4 с квадратной головкой";"да";"да";"нет"
"/catalog/futerovochnye-bolty-bronebolty/futerovochnyy-bolt-bronebolt-s-kvadratnoy-golovkoy/futerovochnyy-bolt-bronebolt-m42kh4-5-s-kvadratnoy-golovkoy/";"200";"Футеровочный болт (бронеболт) М42х4,5 с квадратной головкой от Завода ДСО";"Завод ДСО предлагает футеровочный болт (бронеболт) м42х4,5 с квадратной головкой в Челябинске";"Футеровочный болт (бронеболт) М42х4,5 с квадратной головкой";"да";"да";"нет"
"/catalog/futerovochnye-bolty-bronebolty/futerovochnyy-bolt-bronebolt-s-kvadratnoy-golovkoy/futerovochnyy-bolt-bronebolt-m48kh5-s-kvadratnoy-golovkoy/";"200";"Футеровочный болт (бронеболт) М48х5 с квадратной головкой от Завода ДСО";"Завод ДСО предлагает футеровочный болт (бронеболт) м48х5 с квадратной головкой в Челябинске";"Футеровочный болт (бронеболт) М48х5 с квадратной головкой";"да";"да";"нет"
"/catalog/futerovochnye-bolty-bronebolty/futerovochnyy-bolt-bronebolt-s-kvadratnoy-golovkoy/futerovochnyy-bolt-bronebolt-m52kh5-s-kvadratnoy-golovkoy/";"200";"Футеровочный болт (бронеболт) М52х5 с квадратной головкой от Завода ДСО";"Завод ДСО предлагает футеровочный болт (бронеболт) м52х5 с квадратной головкой в Челябинске";"Футеровочный болт (бронеболт) М52х5 с квадратной головкой";"да";"да";"нет"
"/catalog/futerovochnye-bolty-bronebolty/futerovochnyy-bolt-bronebolt-s-kvadratnoy-golovkoy/futerovochnyy-bolt-bronebolt-m56kh5-5-s-kvadratnoy-golovkoy/";"200";"Футеровочный болт (бронеболт) М56х5,5 с квадратной головкой от Завода ДСО";"Завод ДСО предлагает футеровочный болт (бронеболт) м56х5,5 с квадратной головкой в Челябинске";"Футеровочный болт (бронеболт) М56х5,5 с квадратной головкой";"да";"да";"нет"
"/catalog/futerovochnye-bolty-bronebolty/futerovochnyy-bolt-bronebolt-s-kvadratnoy-golovkoy/futerovochnyy-bolt-bronebolt-m64kh6-s-kvadratnoy-golovkoy/";"200";"Футеровочный болт (бронеболт) М64х6 с квадратной головкой от Завода ДСО";"Завод ДСО предлагает футеровочный болт (бронеболт) м64х6 с квадратной головкой в Челябинске";"Футеровочный болт (бронеболт) М64х6 с квадратной головкой";"да";"да";"нет"
"/catalog/futerovochnye-bolty-bronebolty/futerovochnyy-bolt-bronebolt-s-ovalnoy-golovkoy/";"200";"Футеровочный болт (бронеболт) с овальной головкой от Завода ДСО";"Завод ДСО предлагает футеровочный болт (бронеболт) с овальной головкой в Челябинске";"Футеровочный болт (бронеболт) с овальной головкой";"да";"да";"нет"
"/catalog/futerovochnye-bolty-bronebolty/futerovochnyy-bolt-bronebolt-s-ovalnoy-golovkoy/futerovochnyy-bolt-bronebolt-m20kh2-5-s-ovalnoy-golovkoy/";"200";"Каталог товаров - Завод дробильно-сортировочного оборудования";"Поставка оборудования, запасных частей и расходных материалов для дробильно-сортировочного, горно-добывающего и дорожно-строительного оборудования";"Каталог товаров";"да";"да";"да"
"/catalog/futerovochnye-bolty-bronebolty/futerovochnyy-bolt-bronebolt-s-ovalnoy-golovkoy/futerovochnyy-bolt-bronebolt-m24kh2-s-ovalnoy-golovkoy/";"200";"Футеровочный болт (бронеболт) М64х6 с овальной головкой от Завода ДСО";"Завод ДСО предлагает футеровочный болт (бронеболт) м64х6 с овальной головкой в Челябинске";"Футеровочный болт (бронеболт) М64х6 с овальной головкой";"да";"да";"нет"
"/catalog/futerovochnye-bolty-bronebolty/futerovochnyy-bolt-bronebolt-s-ovalnoy-golovkoy/futerovochnyy-bolt-bronebolt-m24kh3-s-ovalnoy-golovkoy/";"200";"Футеровочный болт (бронеболт) М24х3 с овальной головкой от Завода ДСО";"Завод ДСО предлагает футеровочный болт (бронеболт) м24х3 с овальной головкой в Челябинске";"Футеровочный болт (бронеболт) М24х3 с овальной головкой";"да";"да";"нет"
"/catalog/futerovochnye-bolty-bronebolty/futerovochnyy-bolt-bronebolt-s-ovalnoy-golovkoy/futerovochnyy-bolt-bronebolt-m30kh2-s-ovalnoy-golovkoy/";"200";"Футеровочный болт (бронеболт) М56х5,5 с овальной головкой от Завода ДСО";"Завод ДСО предлагает футеровочный болт (бронеболт) м56х5,5 с овальной головкой в Челябинске";"Футеровочный болт (бронеболт) М56х5,5 с овальной головкой";"да";"да";"нет"
"/catalog/futerovochnye-bolty-bronebolty/futerovochnyy-bolt-bronebolt-s-ovalnoy-golovkoy/futerovochnyy-bolt-bronebolt-m30kh3-5-s-ovalnoy-golovkoy/";"200";"Футеровочный болт (бронеболт) М30х3,5 с овальной головкой от Завода ДСО";"Завод ДСО предлагает футеровочный болт (бронеболт) м30х3,5 с овальной головкой в Челябинске";"Футеровочный болт (бронеболт) М30х3,5 с овальной головкой";"да";"да";"нет"
"/catalog/futerovochnye-bolty-bronebolty/futerovochnyy-bolt-bronebolt-s-ovalnoy-golovkoy/futerovochnyy-bolt-bronebolt-m36kh2-s-ovalnoy-golovkoy/";"200";"Футеровочный болт (бронеболт) М52х5 с овальной головкой от Завода ДСО";"Завод ДСО предлагает футеровочный болт (бронеболт) м52х5 с овальной головкой в Челябинске";"Футеровочный болт (бронеболт) М52х5 с овальной головкой";"да";"да";"нет"
"/catalog/futerovochnye-bolty-bronebolty/futerovochnyy-bolt-bronebolt-s-ovalnoy-golovkoy/futerovochnyy-bolt-bronebolt-m36kh4-s-ovalnoy-golovkoy/";"200";"Футеровочный болт (бронеболт) М36х4 с овальной головкой от Завода ДСО";"Завод ДСО предлагает футеровочный болт (бронеболт) м36х4 с овальной головкой в Челябинске";"Футеровочный болт (бронеболт) М36х4 с овальной головкой";"да";"да";"нет"
"/catalog/futerovochnye-bolty-bronebolty/futerovochnyy-bolt-bronebolt-s-ovalnoy-golovkoy/futerovochnyy-bolt-bronebolt-m42kh4-5-s-ovalnoy-golovkoy/";"200";"Футеровочный болт (бронеболт) М42х4,5 с овальной головкой от Завода ДСО";"Завод ДСО предлагает футеровочный болт (бронеболт) м42х4,5 с овальной головкой в Челябинске";"Футеровочный болт (бронеболт) М42х4,5 с овальной головкой";"да";"да";"нет"
"/catalog/futerovochnye-bolty-bronebolty/futerovochnyy-bolt-bronebolt-s-ovalnoy-golovkoy/futerovochnyy-bolt-bronebolt-m48kh5-s-ovalnoy-golovkoy/";"200";"Футеровочный болт (бронеболт) М48х5 с овальной головкой от Завода ДСО";"Завод ДСО предлагает футеровочный болт (бронеболт) м48х5 с овальной головкой в Челябинске";"Футеровочный болт (бронеболт) М48х5 с овальной головкой";"да";"да";"нет"
"/catalog/kompaund-epoksidnyy-dvukhkomponentnyy-fillbond-17/";"200";"КОМПАУНД ЭПОКСИДНЫЙ ДВУХКОМПОНЕНТНЫЙ FILLBOND 17";"Завод ДСО предлагает компаунд эпоксидный двухкомпонентный fillbond 17 в Челябинске";"КОМПАУНД ЭПОКСИДНЫЙ ДВУХКОМПОНЕНТНЫЙ FILLBOND 17";"да";"да";"нет"
"/catalog/komplektuyushchie-dlya-konveerov/";"200";"Каталог - Завод дробильно-сортировочного оборудования";"Поставка оборудования, запасных частей и расходных материалов для дробильно-сортировочного, горно-добывающего и дорожно-строительного оборудования";"Каталог";"да";"нет";"да"
"/catalog/komplektuyushchie-dlya-konveerov/roliki-konveyernye/";"200";"Каталог - Завод дробильно-сортировочного оборудования";"Поставка оборудования, запасных частей и расходных материалов для дробильно-сортировочного, горно-добывающего и дорожно-строительного оборудования";"Каталог";"да";"нет";"да"
"/catalog/komplektuyushchie-dlya-konveyerov/";"200";"Каталог - Завод дробильно-сортировочного оборудования";"Поставка оборудования, запасных частей и расходных материалов для дробильно-сортировочного, горно-добывающего и дорожно-строительного оборудования";"Каталог";"да";"нет";"да"
"/catalog/oborudovanie/";"200";"Каталог - Завод дробильно-сортировочного оборудования";"Поставка оборудования, запасных частей и расходных материалов для дробильно-сортировочного, горно-добывающего и дорожно-строительного оборудования";"Каталог";"да";"нет";"да"
"/catalog/promyshlennoe-oborudovanie/";"200";"Каталог - Завод дробильно-сортировочного оборудования";"Поставка оборудования, запасных частей и расходных материалов для дробильно-сортировочного, горно-добывающего и дорожно-строительного оборудования";"Каталог";"да";"нет";"да"
"/catalog/setka-riflenaya-dlya-grokhotov/";"200";"Каталог - Завод дробильно-сортировочного оборудования";"Поставка оборудования, запасных частей и расходных материалов для дробильно-сортировочного, горно-добывающего и дорожно-строительного оборудования";"Каталог";"да";"нет";"да"
"/catalog/setka-riflenaya-dlya-grokhotov/setka-riflenaya-dlya-grokhotov-iz-nemetskoy-pruzhinnoy-stali/";"200";"Каталог - Завод дробильно-сортировочного оборудования";"Поставка оборудования, запасных частей и расходных материалов для дробильно-сортировочного, горно-добывающего и дорожно-строительного оборудования";"Каталог";"да";"нет";"да"
"/catalog/setka-riflenaya-dlya-grokhotov/setka-riflenaya-dlya-grokhotov-iz-nemetskoy-pruzhinnoy-stali/setka-riflenaya-yach-1-6kh1-6/";"200";"Каталог - Завод дробильно-сортировочного оборудования";"Поставка оборудования, запасных частей и расходных материалов для дробильно-сортировочного, горно-добывающего и дорожно-строительного оборудования";"Каталог";"да";"нет";"да"
"/catalog/setka-riflenaya-dlya-grokhotov/setka-riflenaya-dlya-grokhotov-iz-nemetskoy-pruzhinnoy-stali/setka-riflenaya-yach-10kh10/";"200";"Каталог - Завод дробильно-сортировочного оборудования";"Поставка оборудования, запасных частей и расходных материалов для дробильно-сортировочного, горно-добывающего и дорожно-строительного оборудования";"Каталог";"да";"нет";"да"
"/catalog/setka-riflenaya-dlya-grokhotov/setka-riflenaya-dlya-grokhotov-iz-nemetskoy-pruzhinnoy-stali/setka-riflenaya-yach-12kh12/";"200";"Каталог - Завод дробильно-сортировочного оборудования";"Поставка оборудования, запасных частей и расходных материалов для дробильно-сортировочного, горно-добывающего и дорожно-строительного оборудования";"Каталог";"да";"нет";"да"
"/catalog/setka-riflenaya-dlya-grokhotov/setka-riflenaya-dlya-grokhotov-iz-nemetskoy-pruzhinnoy-stali/setka-riflenaya-yach-13kh13/";"200";"Каталог - Завод дробильно-сортировочного оборудования";"Поставка оборудования, запасных частей и расходных материалов для дробильно-сортировочного, горно-добывающего и дорожно-строительного оборудования";"Каталог";"да";"нет";"да"
"/catalog/setka-riflenaya-dlya-grokhotov/setka-riflenaya-dlya-grokhotov-iz-nemetskoy-pruzhinnoy-stali/setka-riflenaya-yach-14kh14/";"200";"Каталог - Завод дробильно-сортировочного оборудования";"Поставка оборудования, запасных частей и расходных материалов для дробильно-сортировочного, горно-добывающего и дорожно-строительного оборудования";"Каталог";"да";"нет";"да"
"/catalog/setka-riflenaya-dlya-grokhotov/setka-riflenaya-dlya-grokhotov-iz-nemetskoy-pruzhinnoy-stali/setka-riflenaya-yach-15kh15/";"200";"Каталог - Завод дробильно-сортировочного оборудования";"Поставка оборудования, запасных частей и расходных материалов для дробильно-сортировочного, горно-добывающего и дорожно-строительного оборудования";"Каталог";"да";"нет";"да"
"/catalog/setka-riflenaya-dlya-grokhotov/setka-riflenaya-dlya-grokhotov-iz-nemetskoy-pruzhinnoy-stali/setka-riflenaya-yach-16kh16/";"200";"Каталог - Завод дробильно-сортировочного оборудования";"Поставка оборудования, запасных частей и расходных материалов для дробильно-сортировочного, горно-добывающего и дорожно-строительного оборудования";"Каталог";"да";"нет";"да"
"/catalog/setka-riflenaya-dlya-grokhotov/setka-riflenaya-dlya-grokhotov-iz-nemetskoy-pruzhinnoy-stali/setka-riflenaya-yach-18kh18/";"200";"Каталог - Завод дробильно-сортировочного оборудования";"Поставка оборудования, запасных частей и расходных материалов для дробильно-сортировочного, горно-добывающего и дорожно-строительного оборудования";"Каталог";"да";"нет";"да"
"/catalog/setka-riflenaya-dlya-grokhotov/setka-riflenaya-dlya-grokhotov-iz-nemetskoy-pruzhinnoy-stali/setka-riflenaya-yach-20kh20/";"200";"Каталог - Завод дробильно-сортировочного оборудования";"Поставка оборудования, запасных частей и расходных материалов для дробильно-сортировочного, горно-добывающего и дорожно-строительного оборудования";"Каталог";"да";"нет";"да"
"/catalog/setka-riflenaya-dlya-grokhotov/setka-riflenaya-dlya-grokhotov-iz-nemetskoy-pruzhinnoy-stali/setka-riflenaya-yach-22kh22/";"200";"Каталог - Завод дробильно-сортировочного оборудования";"Поставка оборудования, запасных частей и расходных материалов для дробильно-сортировочного, горно-добывающего и дорожно-строительного оборудования";"Каталог";"да";"нет";"да"
"/catalog/setka-riflenaya-dlya-grokhotov/setka-riflenaya-dlya-grokhotov-iz-nemetskoy-pruzhinnoy-stali/setka-riflenaya-yach-25kh25/";"200";"Каталог - Завод дробильно-сортировочного оборудования";"Поставка оборудования, запасных частей и расходных материалов для дробильно-сортировочного, горно-добывающего и дорожно-строительного оборудования";"Каталог";"да";"нет";"да"
"/catalog/setka-riflenaya-dlya-grokhotov/setka-riflenaya-dlya-grokhotov-iz-nemetskoy-pruzhinnoy-stali/setka-riflenaya-yach-2kh2/";"200";"Каталог - Завод дробильно-сортировочного оборудования";"Поставка оборудования, запасных частей и расходных материалов для дробильно-сортировочного, горно-добывающего и дорожно-строительного оборудования";"Каталог";"да";"нет";"да"
"/catalog/setka-riflenaya-dlya-grokhotov/setka-riflenaya-dlya-grokhotov-iz-nemetskoy-pruzhinnoy-stali/setka-riflenaya-yach-30kh30/";"200";"Каталог - Завод дробильно-сортировочного оборудования";"Поставка оборудования, запасных частей и расходных материалов для дробильно-сортировочного, горно-добывающего и дорожно-строительного оборудования";"Каталог";"да";"нет";"да"
"/catalog/setka-riflenaya-dlya-grokhotov/setka-riflenaya-dlya-grokhotov-iz-nemetskoy-pruzhinnoy-stali/setka-riflenaya-yach-32kh32/";"200";"Каталог - Завод дробильно-сортировочного оборудования";"Поставка оборудования, запасных частей и расходных материалов для дробильно-сортировочного, горно-добывающего и дорожно-строительного оборудования";"Каталог";"да";"нет";"да"
"/catalog/setka-riflenaya-dlya-grokhotov/setka-riflenaya-dlya-grokhotov-iz-nemetskoy-pruzhinnoy-stali/setka-riflenaya-yach-36kh36/";"200";"Каталог - Завод дробильно-сортировочного оборудования";"Поставка оборудования, запасных частей и расходных материалов для дробильно-сортировочного, горно-добывающего и дорожно-строительного оборудования";"Каталог";"да";"нет";"да"
"/catalog/setka-riflenaya-dlya-grokhotov/setka-riflenaya-dlya-grokhotov-iz-nemetskoy-pruzhinnoy-stali/setka-riflenaya-yach-38kh38/";"200";"Каталог - Завод дробильно-сортировочного оборудования";"Поставка оборудования, запасных частей и расходных материалов для дробильно-сортировочного, горно-добывающего и дорожно-строительного оборудования";"Каталог";"да";"нет";"да"
"/catalog/setka-riflenaya-dlya-grokhotov/setka-riflenaya-dlya-grokhotov-iz-nemetskoy-pruzhinnoy-stali/setka-riflenaya-yach-3kh3/";"200";"Каталог - Завод дробильно-сортировочного оборудования";"Поставка оборудования, запасных частей и расходных материалов для дробильно-сортировочного, горно-добывающего и дорожно-строительного оборудования";"Каталог";"да";"нет";"да"
"/catalog/setka-riflenaya-dlya-grokhotov/setka-riflenaya-dlya-grokhotov-iz-nemetskoy-pruzhinnoy-stali/setka-riflenaya-yach-40kh40/";"200";"Каталог - Завод дробильно-сортировочного оборудования";"Поставка оборудования, запасных частей и расходных материалов для дробильно-сортировочного, горно-добывающего и дорожно-строительного оборудования";"Каталог";"да";"нет";"да"
"/catalog/setka-riflenaya-dlya-grokhotov/setka-riflenaya-dlya-grokhotov-iz-nemetskoy-pruzhinnoy-stali/setka-riflenaya-yach-45kh45/";"200";"Каталог - Завод дробильно-сортировочного оборудования";"Поставка оборудования, запасных частей и расходных материалов для дробильно-сортировочного, горно-добывающего и дорожно-строительного оборудования";"Каталог";"да";"нет";"да"
"/catalog/setka-riflenaya-dlya-grokhotov/setka-riflenaya-dlya-grokhotov-iz-nemetskoy-pruzhinnoy-stali/setka-riflenaya-yach-4kh4/";"200";"Каталог - Завод дробильно-сортировочного оборудования";"Поставка оборудования, запасных частей и расходных материалов для дробильно-сортировочного, горно-добывающего и дорожно-строительного оборудования";"Каталог";"да";"нет";"да"
"/catalog/setka-riflenaya-dlya-grokhotov/setka-riflenaya-dlya-grokhotov-iz-nemetskoy-pruzhinnoy-stali/setka-riflenaya-yach-50kh50/";"200";"Каталог - Завод дробильно-сортировочного оборудования";"Поставка оборудования, запасных частей и расходных материалов для дробильно-сортировочного, горно-добывающего и дорожно-строительного оборудования";"Каталог";"да";"нет";"да"
"/catalog/setka-riflenaya-dlya-grokhotov/setka-riflenaya-dlya-grokhotov-iz-nemetskoy-pruzhinnoy-stali/setka-riflenaya-yach-55kh55/";"200";"Каталог - Завод дробильно-сортировочного оборудования";"Поставка оборудования, запасных частей и расходных материалов для дробильно-сортировочного, горно-добывающего и дорожно-строительного оборудования";"Каталог";"да";"нет";"да"
"/catalog/setka-riflenaya-dlya-grokhotov/setka-riflenaya-dlya-grokhotov-iz-nemetskoy-pruzhinnoy-stali/setka-riflenaya-yach-57kh57/";"200";"Каталог - Завод дробильно-сортировочного оборудования";"Поставка оборудования, запасных частей и расходных материалов для дробильно-сортировочного, горно-добывающего и дорожно-строительного оборудования";"Каталог";"да";"нет";"да"
"/catalog/setka-riflenaya-dlya-grokhotov/setka-riflenaya-dlya-grokhotov-iz-nemetskoy-pruzhinnoy-stali/setka-riflenaya-yach-5kh5/";"200";"Каталог - Завод дробильно-сортировочного оборудования";"Поставка оборудования, запасных частей и расходных материалов для дробильно-сортировочного, горно-добывающего и дорожно-строительного оборудования";"Каталог";"да";"нет";"да"
"/catalog/setka-riflenaya-dlya-grokhotov/setka-riflenaya-dlya-grokhotov-iz-nemetskoy-pruzhinnoy-stali/setka-riflenaya-yach-60kh60/";"200";"Каталог - Завод дробильно-сортировочного оборудования";"Поставка оборудования, запасных частей и расходных материалов для дробильно-сортировочного, горно-добывающего и дорожно-строительного оборудования";"Каталог";"да";"нет";"да"
"/catalog/setka-riflenaya-dlya-grokhotov/setka-riflenaya-dlya-grokhotov-iz-nemetskoy-pruzhinnoy-stali/setka-riflenaya-yach-6kh6/";"200";"Каталог - Завод дробильно-сортировочного оборудования";"Поставка оборудования, запасных частей и расходных материалов для дробильно-сортировочного, горно-добывающего и дорожно-строительного оборудования";"Каталог";"да";"нет";"да"
"/catalog/setka-riflenaya-dlya-grokhotov/setka-riflenaya-dlya-grokhotov-iz-nemetskoy-pruzhinnoy-stali/setka-riflenaya-yach-70kh70/";"200";"Каталог - Завод дробильно-сортировочного оборудования";"Поставка оборудования, запасных частей и расходных материалов для дробильно-сортировочного, горно-добывающего и дорожно-строительного оборудования";"Каталог";"да";"нет";"да"
"/catalog/setka-riflenaya-dlya-grokhotov/setka-riflenaya-dlya-grokhotov-iz-nemetskoy-pruzhinnoy-stali/setka-riflenaya-yach-8kh8/";"200";"Каталог - Завод дробильно-сортировочного оборудования";"Поставка оборудования, запасных частей и расходных материалов для дробильно-сортировочного, горно-добывающего и дорожно-строительного оборудования";"Каталог";"да";"нет";"да"
"/catalog/setka-riflenaya-dlya-grokhotov/setka-riflenaya-dlya-grokhotov-iz-rossiyskoy-stali/";"200";"Каталог - Завод дробильно-сортировочного оборудования";"Поставка оборудования, запасных частей и расходных материалов для дробильно-сортировочного, горно-добывающего и дорожно-строительного оборудования";"Каталог";"да";"нет";"да"
"/catalog/setka-riflenaya-dlya-grokhotov/setka-riflenaya-dlya-grokhotov-iz-rossiyskoy-stali/setka-riflenaya-yach-10kh10-gost3306-88/";"200";"Сетка рифленая яч. 10х10 ГОСТ3306-88 от Завода ДСО";"Завод ДСО предлагает сетка рифленая яч. 10х10 гост3306-88 в Челябинске";"Сетка рифленая яч. 10х10 ГОСТ3306-88";"да";"нет";"нет"
"/catalog/setka-riflenaya-dlya-grokhotov/setka-riflenaya-dlya-grokhotov-iz-rossiyskoy-stali/setka-riflenaya-yach-12kh12-gost3306-88/";"200";"Сетка рифленая яч. 12х12 ГОСТ3306-88 от Завода ДСО";"Завод ДСО предлагает сетка рифленая яч. 12х12 гост3306-88 в Челябинске";"Сетка рифленая яч. 12х12 ГОСТ3306-88";"да";"нет";"нет"
"/catalog/setka-riflenaya-dlya-grokhotov/setka-riflenaya-dlya-grokhotov-iz-rossiyskoy-stali/setka-riflenaya-yach-15kh15-gost3306-88/";"200";"Сетка рифленая яч. 15х15 ГОСТ3306-88 от Завода ДСО";"Завод ДСО предлагает сетка рифленая яч. 15х15 гост3306-88 в Челябинске";"Сетка рифленая яч. 15х15 ГОСТ3306-88";"да";"нет";"нет"
"/catalog/setka-riflenaya-dlya-grokhotov/setka-riflenaya-dlya-grokhotov-iz-rossiyskoy-stali/setka-riflenaya-yach-18kh18-gost3306-88/";"200";"Сетка рифленая яч. 18х18 ГОСТ3306-88 от Завода ДСО";"Завод ДСО предлагает сетка рифленая яч. 18х18 гост3306-88 в Челябинске";"Сетка рифленая яч. 18х18 ГОСТ3306-88";"да";"нет";"нет"
"/catalog/setka-riflenaya-dlya-grokhotov/setka-riflenaya-dlya-grokhotov-iz-rossiyskoy-stali/setka-riflenaya-yach-20kh20-gost3306-88/";"200";"Сетка рифленая яч. 20х20 ГОСТ3306-88 от Завода ДСО";"Завод ДСО предлагает сетка рифленая яч. 20х20 гост3306-88 в Челябинске";"Сетка рифленая яч. 20х20 ГОСТ3306-88";"да";"нет";"нет"
"/catalog/setka-riflenaya-dlya-grokhotov/setka-riflenaya-dlya-grokhotov-iz-rossiyskoy-stali/setka-riflenaya-yach-25kh25-gost3306-88/";"200";"Сетка рифленая яч. 25х25 ГОСТ3306-88 от Завода ДСО";"Завод ДСО предлагает сетка рифленая яч. 25х25 гост3306-88 в Челябинске";"Сетка рифленая яч. 25х25 ГОСТ3306-88";"да";"нет";"нет"
"/catalog/setka-riflenaya-dlya-grokhotov/setka-riflenaya-dlya-grokhotov-iz-rossiyskoy-stali/setka-riflenaya-yach-30kh30-gost3306-88/";"200";"Сетка рифленая яч. 30х30 ГОСТ3306-88 от Завода ДСО";"Завод ДСО предлагает сетка рифленая яч. 30х30 гост3306-88 в Челябинске";"Сетка рифленая яч. 30х30 ГОСТ3306-88";"да";"нет";"нет"
"/catalog/setka-riflenaya-dlya-grokhotov/setka-riflenaya-dlya-grokhotov-iz-rossiyskoy-stali/setka-riflenaya-yach-35kh35-gost3306-88/";"200";"Сетка рифленая яч. 35х35 ГОСТ3306-88 от Завода ДСО";"Завод ДСО предлагает сетка рифленая яч. 35х35 гост3306-88 в Челябинске";"Сетка рифленая яч. 35х35 ГОСТ3306-88";"да";"нет";"нет"
"/catalog/setka-riflenaya-dlya-grokhotov/setka-riflenaya-dlya-grokhotov-iz-rossiyskoy-stali/setka-riflenaya-yach-3kh3-gost3306-88/";"200";"Сетка рифленая яч. 3х3 ГОСТ3306-88 от Завода ДСО";"Завод ДСО предлагает сетка рифленая яч. 3х3 гост3306-88 в Челябинске";"Сетка рифленая яч. 3х3 ГОСТ3306-88";"да";"нет";"нет"
"/catalog/setka-riflenaya-dlya-grokhotov/setka-riflenaya-dlya-grokhotov-iz-rossiyskoy-stali/setka-riflenaya-yach-40kh40-gost3306-88/";"200";"Сетка рифленая яч. 40х40 ГОСТ3306-88 от Завода ДСО";"Завод ДСО предлагает сетка рифленая яч. 40х40 гост3306-88 в Челябинске";"Сетка рифленая яч. 40х40 ГОСТ3306-88";"да";"нет";"нет"
"/catalog/setka-riflenaya-dlya-grokhotov/setka-riflenaya-dlya-grokhotov-iz-rossiyskoy-stali/setka-riflenaya-yach-5kh5-gost3306-88/";"200";"Сетка рифленая яч. 5х5 ГОСТ3306-88 от Завода ДСО";"Завод ДСО предлагает сетка рифленая яч. 5х5 гост3306-88 в Челябинске";"Сетка рифленая яч. 5х5 ГОСТ3306-88";"да";"нет";"нет"
"/catalog/setka-riflenaya-dlya-grokhotov/setka-riflenaya-dlya-grokhotov-iz-rossiyskoy-stali/setka-riflenaya-yach-70kh70-gost3306-88/";"200";"Сетка рифленая яч. 70х70 ГОСТ3306-88 от Завода ДСО";"Завод ДСО предлагает сетка рифленая яч. 70х70 гост3306-88 в Челябинске";"Сетка рифленая яч. 70х70 ГОСТ3306-88";"да";"нет";"нет"
"/catalog/setka-riflenaya-dlya-grokhotov/setka-riflenaya-dlya-grokhotov-iz-rossiyskoy-stali/setka-riflenaya-yach-8kh8-gost3306-88/";"200";"Сетка рифленая яч. 8х8 ГОСТ3306-88 от Завода ДСО";"Завод ДСО предлагает сетка рифленая яч. 8х8 гост3306-88 в Челябинске";"Сетка рифленая яч. 8х8 ГОСТ3306-88";"да";"нет";"нет"
"/catalog/zapasnye-chasti-i-komplektuyushchie/";"200";"ЗАПАСНЫЕ ЧАСТИ И КОМПЛЕКТУЮЩИЕ от Завода ДСО";"Завод ДСО предлагает запасные части и комплектующие в Челябинске";"ЗАПАСНЫЕ ЧАСТИ И КОМПЛЕКТУЮЩИЕ";"да";"да";"нет"
"/catalog/zapasnye-chasti-i-komplektuyushchie/setka-riflenaya-dlya-grokhotov/";"200";"Каталог - Завод дробильно-сортировочного оборудования";"Поставка оборудования, запасных частей и расходных материалов для дробильно-сортировочного, горно-добывающего и дорожно-строительного оборудования";"Каталог";"да";"нет";"да"
"/catalog/zapasnye-chasti-i-komplektuyushchie/zapchasti-dlya-abz/";"200";"Каталог - Завод дробильно-сортировочного оборудования";"Поставка оборудования, запасных частей и расходных материалов для дробильно-сортировочного, горно-добывающего и дорожно-строительного оборудования";"Каталог";"да";"нет";"да"
"/catalog/zapasnye-chasti-i-komplektuyushchie/zapchasti-dlya-abz/zapchasti-dlya-ds-158-ds-185/";"200";"Каталог - Завод дробильно-сортировочного оборудования";"Поставка оборудования, запасных частей и расходных материалов для дробильно-сортировочного, горно-добывающего и дорожно-строительного оборудования";"Каталог";"да";"нет";"да"
"/catalog/zapasnye-chasti-i-komplektuyushchie/zapchasti-dlya-abz/zapchasti-dlya-ds-158-ds-185/bronelist-ds-158-45-10-002/";"";"";"";"";"нет";"да";"нет"
"/catalog/zapasnye-chasti-i-komplektuyushchie/zapchasti-dlya-abz/zapchasti-dlya-ds-158-ds-185/bronelist-ds-158-46-10-002-verkhniy-tortsevoy/";"";"";"";"";"нет";"да";"нет"
"/catalog/zapasnye-chasti-i-komplektuyushchie/zapchasti-dlya-abz/zapchasti-dlya-ds-158-ds-185/bronelist-ds-185-45-12-001/";"";"";"";"";"нет";"да";"нет"
"/catalog/zapasnye-chasti-i-komplektuyushchie/zapchasti-dlya-abz/zapchasti-dlya-ds-158-ds-185/bronelist-ds-185-45-12-006/";"";"";"";"";"нет";"да";"нет"
"/catalog/zapasnye-chasti-i-komplektuyushchie/zapchasti-dlya-abz/zapchasti-dlya-ds-158-ds-185/bronelist-ds-185-45-12-040-verkhniy-tortsevoy/";"";"";"";"";"нет";"да";"нет"
"/catalog/zapasnye-chasti-i-komplektuyushchie/zapchasti-dlya-abz/zapchasti-dlya-ds-158-ds-185/list-bronevoy-ds-158-45-10-118/";"";"";"";"";"нет";"да";"нет"
"/catalog/zapasnye-chasti-i-komplektuyushchie/zapchasti-dlya-abz/zapchasti-dlya-ds-158-ds-185/list-bronevoy-ds-158-45-10-119-kontsevoy/";"";"";"";"";"нет";"да";"нет"
"/catalog/zapasnye-chasti-i-komplektuyushchie/zapchasti-dlya-abz/zapchasti-dlya-ds-158-ds-185/list-bronevoy-ds-158-46-10-001-nizhniy-tortsevoy/";"";"";"";"";"нет";"да";"нет"
"/catalog/zapasnye-chasti-i-komplektuyushchie/zapchasti-dlya-abz/zapchasti-dlya-ds-158-ds-185/list-predokhranitelnyy-bokovoy-d597-08-12-056/";"";"";"";"";"нет";"да";"нет"
"/catalog/zapasnye-chasti-i-komplektuyushchie/zapchasti-dlya-abz/zapchasti-dlya-ds-158-ds-185/lopast-ds-158-45-10-282/";"";"";"";"";"нет";"да";"нет"
"/catalog/zapasnye-chasti-i-komplektuyushchie/zapchasti-dlya-abz/zapchasti-dlya-ds-158-ds-185/sektor-broni-ds-158-45-10-008/";"";"";"";"";"нет";"да";"нет"
"/catalog/zapasnye-chasti-i-komplektuyushchie/zapchasti-dlya-abz/zapchasti-dlya-ds-158-ds-185/stoyka-levaya-ds-158-45-10-283/";"";"";"";"";"нет";"да";"нет"
"/catalog/zapasnye-chasti-i-komplektuyushchie/zapchasti-dlya-abz/zapchasti-dlya-ds-158-ds-185/stoyka-pravaya-ds-158-45-10-281/";"";"";"";"";"нет";"да";"нет"
"/catalog/zapasnye-chasti-i-komplektuyushchie/zapchasti-dlya-drobilnogo-oborudovaniya/";"200";"Каталог - Завод дробильно-сортировочного оборудования";"Поставка оборудования, запасных частей и расходных материалов для дробильно-сортировочного, горно-добывающего и дорожно-строительного оборудования";"Каталог";"да";"нет";"да"
"/catalog/zapasnye-chasti-i-komplektuyushchie/zapchasti-dlya-drobilok/";"200";"Запчасти для дробилок от Завода ДСО";"Завод ДСО предлагает запчасти для дробилок в Челябинске";"Запчасти для дробилок";"да";"да";"нет"
"/catalog/zapasnye-chasti-i-komplektuyushchie/zapchasti-dlya-drobilok/drobilki-konusnye/";"";"";"";"";"нет";"да";"нет"
"/catalog/zapasnye-chasti-i-komplektuyushchie/zapchasti-dlya-drobilok/drobilki-konusnye/dro-592-ksd-600/";"";"";"";"";"нет";"да";"нет"
"/catalog/zapasnye-chasti-i-komplektuyushchie/zapchasti-dlya-drobilok/drobilki-konusnye/dro-592-ksd-600/bolt-1059201020-dro-592-ksd-600/";"";"";"";"";"нет";"да";"нет"
"/catalog/zapasnye-chasti-i-komplektuyushchie/zapchasti-dlya-drobilok/drobilki-konusnye/dro-592-ksd-600/bolt-1059201030-dro-592-ksd-600/";"200";"Каталог товаров - Завод дробильно-сортировочного оборудования";"Поставка оборудования, запасных частей и расходных материалов для дробильно-сортировочного, горно-добывающего и дорожно-строительного оборудования";"Каталог товаров";"да";"да";"да"
"/catalog/zapasnye-chasti-i-komplektuyushchie/zapchasti-dlya-drobilok/drobilki-konusnye/dro-592-ksd-600/bolt-m24kh165-1029702105-dro-592-ksd-600/";"200";"Болт М24х165 1029702105 ДРО-592 (КСД-600) от Завода ДСО";"Завод ДСО предлагает болт м24х165 1029702105 дро-592 (ксд-600) в Челябинске";"Болт М24х165 1029702105 ДРО-592 (КСД-600)";"да";"да";"нет"
"/catalog/zapasnye-chasti-i-komplektuyushchie/zapchasti-dlya-drobilok/drobilki-konusnye/dro-592-ksd-600/bolt-m30kh180-1029702001-dro-592-ksd-600/";"200";"Болт М30х180 1029702001 ДРО-592 (КСД-600) от Завода ДСО";"Завод ДСО предлагает болт м30х180 1029702001 дро-592 (ксд-600) в Челябинске";"Болт М30х180 1029702001 ДРО-592 (КСД-600)";"да";"да";"нет"
"/catalog/zapasnye-chasti-i-komplektuyushchie/zapchasti-dlya-drobilok/drobilki-konusnye/dro-592-ksd-600/disk-verkhniy-1029706005-dro-592-ksd-600/";"200";"Диск верхний 1029706005 ДРО-592 (КСД-600) от Завода ДСО";"Завод ДСО предлагает диск верхний 1029706005 дро-592 (ксд-600) в Челябинске";"Диск верхний 1029706005 ДРО-592 (КСД-600)";"да";"да";"нет"
"/catalog/zapasnye-chasti-i-komplektuyushchie/zapchasti-dlya-drobilok/drobilki-konusnye/dro-592-ksd-600/elektrodvigatel-a180m4-dro-592-ksd-600/";"";"";"";"";"нет";"да";"нет"
"/catalog/zapasnye-chasti-i-komplektuyushchie/zapchasti-dlya-drobilok/drobilki-konusnye/dro-592-ksd-600/elektrodvigatel-na-salazkakh-1059200600/";"200";"Электродвигатель на салазках 1059200600 от Завода ДСО";"Завод ДСО предлагает электродвигатель на салазках 1059200600 в Челябинске";"Электродвигатель на салазках 1059200600";"да";"да";"нет"
"/catalog/zapasnye-chasti-i-komplektuyushchie/zapchasti-dlya-drobilok/drobilki-konusnye/dro-592-ksd-600/futerovka-1029701007-dro-592-ksd-600/";"200";"Футеровка 1029701007 ДРО-592 (КСД-600) от Завода ДСО";"Завод ДСО предлагает футеровка 1029701007 дро-592 (ксд-600) в Челябинске";"Футеровка 1029701007 ДРО-592 (КСД-600)";"да";"да";"нет"
"/catalog/zapasnye-chasti-i-komplektuyushchie/zapchasti-dlya-drobilok/drobilki-konusnye/dro-592-ksd-600/futerovka-1056107016-dro-592-ksd-600/";"200";"Футеровка 1056107016 ДРО-592 (КСД-600) от Завода ДСО";"Завод ДСО предлагает футеровка 1056107016 дро-592 (ксд-600) в Челябинске";"Футеровка 1056107016 ДРО-592 (КСД-600)";"да";"да";"нет"
"/catalog/zapasnye-chasti-i-komplektuyushchie/zapchasti-dlya-drobilok/drobilki-konusnye/dro-592-ksd-600/gayka-1059204005-ksd-600/";"200";"Гайка 1059204005 КСД-600 от Завода ДСО";"Завод ДСО предлагает гайка 1059204005 ксд-600 в Челябинске";"Гайка 1059204005 КСД-600";"да";"да";"нет"
"/catalog/zapasnye-chasti-i-komplektuyushchie/zapchasti-dlya-drobilok/drobilki-konusnye/dro-592-ksd-600/golovka-kozhukha-1029704100-dro-592-ksd-600/";"200";"Головка кожуха 1029704100 ДРО-592 (КСД-600) от Завода ДСО";"Завод ДСО предлагает головка кожуха 1029704100 дро-592 (ксд-600) в Челябинске";"Головка кожуха 1029704100 ДРО-592 (КСД-600)";"да";"да";"нет"
"/catalog/zapasnye-chasti-i-komplektuyushchie/zapchasti-dlya-drobilok/drobilki-konusnye/dro-592-ksd-600/karter-privoda-1059207001-dro-592-ksd-600/";"";"";"";"";"нет";"да";"нет"
"/catalog/zapasnye-chasti-i-komplektuyushchie/zapchasti-dlya-drobilok/drobilki-konusnye/dro-592-ksd-600/khomut-1029705100/";"200";"Хомут 1029705100 от Завода ДСО";"Завод ДСО предлагает хомут 1029705100 в Челябинске";"Хомут 1029705100";"да";"да";"нет"
"/catalog/zapasnye-chasti-i-komplektuyushchie/zapchasti-dlya-drobilok/drobilki-konusnye/dro-592-ksd-600/koleso-zubchatoe-1029706001-dro-592-ksd-600/";"200";"Колесо зубчатое 1029706001 ДРО-592 (КСД-600) от Завода ДСО";"Завод ДСО предлагает колесо зубчатое 1029706001 дро-592 (ксд-600) в Челябинске";"Колесо зубчатое 1029706001 ДРО-592 (КСД-600)";"да";"да";"нет"
"/catalog/zapasnye-chasti-i-komplektuyushchie/zapchasti-dlya-drobilok/drobilki-konusnye/dro-592-ksd-600/koltso-1059201010-dro-592-ksd-600/";"200";"Каталог товаров - Завод дробильно-сортировочного оборудования";"Поставка оборудования, запасных частей и расходных материалов для дробильно-сортировочного, горно-добывающего и дорожно-строительного оборудования";"Каталог товаров";"да";"да";"да"
"/catalog/zapasnye-chasti-i-komplektuyushchie/zapchasti-dlya-drobilok/drobilki-konusnye/dro-592-ksd-600/koltso-220-230-46-2-4-gost-9833-dro-592-ksd-600/";"200";"Кольцо 220-230-46-2-4 ГОСТ 9833 ДРО-592 (КСД-600) от Завода ДСО";"Завод ДСО предлагает кольцо 220-230-46-2-4 гост 9833 дро-592 (ксд-600) в Челябинске";"Кольцо 220-230-46-2-4 ГОСТ 9833 ДРО-592 (КСД-600)";"да";"да";"нет"
"/catalog/zapasnye-chasti-i-komplektuyushchie/zapchasti-dlya-drobilok/drobilki-konusnye/dro-592-ksd-600/konus-drobyashchiy-nepodvizhnyy-sb-ksd-600-1029702000/";"200";"Конус дробящий неподвижный СБ КСД-600 1029702000 от Завода ДСО";"Завод ДСО предлагает конус дробящий неподвижный сб ксд-600 1029702000 в Челябинске";"Конус дробящий неподвижный СБ КСД-600 1029702000";"да";"да";"нет"
"/catalog/zapasnye-chasti-i-komplektuyushchie/zapchasti-dlya-drobilok/drobilki-konusnye/dro-592-ksd-600/konus-drobyashchiy-podvizhnyy-sb-ksd-600-1059204000/";"200";"Каталог товаров - Завод дробильно-сортировочного оборудования";"Поставка оборудования, запасных частей и расходных материалов для дробильно-сортировочного, горно-добывающего и дорожно-строительного оборудования";"Каталог товаров";"да";"да";"да"
"/catalog/zapasnye-chasti-i-komplektuyushchie/zapchasti-dlya-drobilok/drobilki-konusnye/dro-592-ksd-600/konus-nepodvizhnyy-bronya-ksd-600-1029702102-297-2-1-2/";"200";"Конус неподвижный (броня) КСД-600 1029702102 (297-2-1-2) от Завода ДСО";"Завод ДСО предлагает конус неподвижный (броня) ксд-600 1029702102 (297-2-1-2) в Челябинске";"Конус неподвижный (броня) КСД-600 1029702102 (297-2-1-2)";"да";"да";"нет"
"/catalog/zapasnye-chasti-i-komplektuyushchie/zapchasti-dlya-drobilok/drobilki-konusnye/dro-592-ksd-600/konus-nesushchiy-1059204200-dro-592-ksd-600/";"200";"Конус несущий 1059204200 ДРО-592 (КСД-600) от Завода ДСО";"Завод ДСО предлагает конус несущий 1059204200 дро-592 (ксд-600) в Челябинске";"Конус несущий 1059204200 ДРО-592 (КСД-600)";"да";"да";"нет"
"/catalog/zapasnye-chasti-i-komplektuyushchie/zapchasti-dlya-drobilok/drobilki-konusnye/dro-592-ksd-600/konus-podvizhnyy-bronya-ksd-600-1059204001-297-4-0-1/";"200";"Каталог товаров - Завод дробильно-сортировочного оборудования";"Поставка оборудования, запасных частей и расходных материалов для дробильно-сортировочного, горно-добывающего и дорожно-строительного оборудования";"Каталог товаров";"да";"да";"да"
"/catalog/zapasnye-chasti-i-komplektuyushchie/zapchasti-dlya-drobilok/drobilki-konusnye/dro-592-ksd-600/korpus-nepodvizhnogo-konusa-1029702100/";"200";"Каталог товаров - Завод дробильно-сортировочного оборудования";"Поставка оборудования, запасных частей и расходных материалов для дробильно-сортировочного, горно-добывающего и дорожно-строительного оборудования";"Каталог товаров";"да";"да";"да"
"/catalog/zapasnye-chasti-i-komplektuyushchie/zapchasti-dlya-drobilok/drobilki-konusnye/dro-592-ksd-600/korpus-sb-1059201000/";"200";"Корпус СБ 1059201000 от Завода ДСО";"Завод ДСО предлагает корпус сб 1059201000 в Челябинске";"Корпус СБ 1059201000";"да";"да";"нет"
"/catalog/zapasnye-chasti-i-komplektuyushchie/zapchasti-dlya-drobilok/drobilki-konusnye/dro-592-ksd-600/korpus-ustanovochnyy-1029702300/";"200";"Корпус установочный 1029702300 от Завода ДСО";"Завод ДСО предлагает корпус установочный 1029702300 в Челябинске";"Корпус установочный 1029702300";"да";"да";"нет"
"/catalog/zapasnye-chasti-i-komplektuyushchie/zapchasti-dlya-drobilok/drobilki-konusnye/dro-592-ksd-600/kozhukh-drobyashchiy-1029704300-dro-592-ksd-600/";"200";"Кожух дробящий 1029704300 ДРО-592 (КСД-600) от Завода ДСО";"Завод ДСО предлагает кожух дробящий 1029704300 дро-592 (ксд-600) в Челябинске";"Кожух дробящий 1029704300 ДРО-592 (КСД-600)";"да";"да";"нет"
"/catalog/zapasnye-chasti-i-komplektuyushchie/zapchasti-dlya-drobilok/drobilki-konusnye/dro-592-ksd-600/kryshka-podpyatnika-1059201005-dro-592-ksd-600/";"200";"Каталог товаров - Завод дробильно-сортировочного оборудования";"Поставка оборудования, запасных частей и расходных материалов для дробильно-сортировочного, горно-добывающего и дорожно-строительного оборудования";"Каталог товаров";"да";"да";"да"
"/catalog/zapasnye-chasti-i-komplektuyushchie/zapchasti-dlya-drobilok/drobilki-konusnye/dro-592-ksd-600/kryshka-privoda-1056107014-dro-592-ksd-600/";"200";"Крышка привода 1056107014 ДРО-592 (КСД-600) от Завода ДСО";"Завод ДСО предлагает крышка привода 1056107014 дро-592 (ксд-600) в Челябинске";"Крышка привода 1056107014 ДРО-592 (КСД-600)";"да";"да";"нет"
"/catalog/zapasnye-chasti-i-komplektuyushchie/zapchasti-dlya-drobilok/drobilki-konusnye/dro-592-ksd-600/kryshka-privoda-1059207004-dro-592-ksd-600/";"200";"Крышка привода 1059207004 ДРО-592 (КСД-600) от Завода ДСО";"Завод ДСО предлагает крышка привода 1059207004 дро-592 (ксд-600) в Челябинске";"Крышка привода 1059207004 ДРО-592 (КСД-600)";"да";"да";"нет"
"/catalog/zapasnye-chasti-i-komplektuyushchie/zapchasti-dlya-drobilok/drobilki-konusnye/dro-592-ksd-600/manzheta-1-2-85kh110-2-gost-8753-dro-592-ksd-600/";"200";"Манжета 1.2-85х110-2 ГОСТ 8753 ДРО-592 (КСД-600) от Завода ДСО";"Завод ДСО предлагает манжета 1.2-85х110-2 гост 8753 дро-592 (ксд-600) в Челябинске";"Манжета 1.2-85х110-2 ГОСТ 8753 ДРО-592 (КСД-600)";"да";"да";"нет"
"/catalog/zapasnye-chasti-i-komplektuyushchie/zapchasti-dlya-drobilok/drobilki-konusnye/dro-592-ksd-600/mekhanizm-regulirovaniya-shcheli-1059209000-dro-592-ksd-600/";"200";"Механизм регулирования щели 1059209000 ДРО-592 (КСД-600) от Завода ДСО";"Завод ДСО предлагает механизм регулирования щели 1059209000 дро-592 (ксд-600) в Челябинске";"Механизм регулирования щели 1059209000 ДРО-592 (КСД-600)";"да";"да";"нет"
"/catalog/zapasnye-chasti-i-komplektuyushchie/zapchasti-dlya-drobilok/drobilki-konusnye/dro-592-ksd-600/osnovanie-podpyatnika-1059205002-dro-592-ksd-600/";"200";"Основание подпятника 1059205002 ДРО-592 (КСД-600) от Завода ДСО";"Завод ДСО предлагает основание подпятника 1059205002 дро-592 (ксд-600) в Челябинске";"Основание подпятника 1059205002 ДРО-592 (КСД-600)";"да";"да";"нет"
"/catalog/zapasnye-chasti-i-komplektuyushchie/zapchasti-dlya-drobilok/drobilki-konusnye/dro-592-ksd-600/palets-1056106008-dro-592-ksd-600/";"200";"Палец 1056106008 ДРО-592 (КСД-600) от Завода ДСО";"Завод ДСО предлагает палец 1056106008 дро-592 (ксд-600) в Челябинске";"Палец 1056106008 ДРО-592 (КСД-600)";"да";"да";"нет"
"/catalog/zapasnye-chasti-i-komplektuyushchie/zapchasti-dlya-drobilok/drobilki-konusnye/dro-592-ksd-600/palets-1059201004-dro-592-ksd-600/";"200";"Палец 1059201004 ДРО-592 (КСД-600) от Завода ДСО";"Завод ДСО предлагает палец 1059201004 дро-592 (ксд-600) в Челябинске";"Палец 1059201004 ДРО-592 (КСД-600)";"да";"да";"нет"
"/catalog/zapasnye-chasti-i-komplektuyushchie/zapchasti-dlya-drobilok/drobilki-konusnye/dro-592-ksd-600/plita-podpyatnika-nizhnyaya-1056106015-dro-592-ksd-600/";"200";"Каталог товаров - Завод дробильно-сортировочного оборудования";"Поставка оборудования, запасных частей и расходных материалов для дробильно-сортировочного, горно-добывающего и дорожно-строительного оборудования";"Каталог товаров";"да";"да";"да"
"/catalog/zapasnye-chasti-i-komplektuyushchie/zapchasti-dlya-drobilok/drobilki-konusnye/dro-592-ksd-600/podpyatnik-sfericheskiy-bez-burta-1056105008-sm561-5-0-8-dro-592-ksd-600/";"200";"Каталог товаров - Завод дробильно-сортировочного оборудования";"Поставка оборудования, запасных частей и расходных материалов для дробильно-сортировочного, горно-добывающего и дорожно-строительного оборудования";"Каталог товаров";"да";"да";"да"
"/catalog/zapasnye-chasti-i-komplektuyushchie/zapchasti-dlya-drobilok/drobilki-konusnye/dro-592-ksd-600/podpyatnik-sfericheskiy-s-burtom-1059205001-dro-592-ksd-600/";"200";"Каталог товаров - Завод дробильно-сортировочного оборудования";"Поставка оборудования, запасных частей и расходных материалов для дробильно-сортировочного, горно-добывающего и дорожно-строительного оборудования";"Каталог товаров";"да";"да";"да"
"/catalog/zapasnye-chasti-i-komplektuyushchie/zapchasti-dlya-drobilok/drobilki-konusnye/dro-592-ksd-600/podshipnik-30-53616n-22316mvszw-33-gost-520/";"200";"Каталог товаров - Завод дробильно-сортировочного оборудования";"Поставка оборудования, запасных частей и расходных материалов для дробильно-сортировочного, горно-добывающего и дорожно-строительного оборудования";"Каталог товаров";"да";"да";"да"
"/catalog/zapasnye-chasti-i-komplektuyushchie/zapchasti-dlya-drobilok/drobilki-konusnye/dro-592-ksd-600/podshipnik-32617-gost-520/";"200";"Подшипник 32617 ГОСТ 520 от Завода ДСО";"Завод ДСО предлагает подшипник 32617 гост 520 в Челябинске";"Подшипник 32617 ГОСТ 520";"да";"да";"нет"
"/catalog/zapasnye-chasti-i-komplektuyushchie/zapchasti-dlya-drobilok/drobilki-konusnye/dro-592-ksd-600/postel-ksd-600-sb-1059205000/";"200";"Постель КСД-600 СБ 1059205000 от Завода ДСО";"Завод ДСО предлагает постель ксд-600 сб 1059205000 в Челябинске";"Постель КСД-600 СБ 1059205000";"да";"да";"нет"
"/catalog/zapasnye-chasti-i-komplektuyushchie/zapchasti-dlya-drobilok/drobilki-konusnye/dro-592-ksd-600/privod-sb-1059207000-dro-592-ksd-600/";"200";"Каталог товаров - Завод дробильно-сортировочного оборудования";"Поставка оборудования, запасных частей и расходных материалов для дробильно-сортировочного, горно-добывающего и дорожно-строительного оборудования";"Каталог товаров";"да";"да";"да"
"/catalog/zapasnye-chasti-i-komplektuyushchie/zapchasti-dlya-drobilok/drobilki-konusnye/dro-592-ksd-600/prokladka-1059200003/";"200";"Прокладка 1059200003 от Завода ДСО";"Завод ДСО предлагает прокладка 1059200003 в Челябинске";"Прокладка 1059200003";"да";"да";"нет"
"/catalog/zapasnye-chasti-i-komplektuyushchie/zapchasti-dlya-drobilok/drobilki-konusnye/dro-592-ksd-600/prokladka-1059204006/";"200";"Каталог товаров - Завод дробильно-сортировочного оборудования";"Поставка оборудования, запасных частей и расходных материалов для дробильно-сортировочного, горно-добывающего и дорожно-строительного оборудования";"Каталог товаров";"да";"да";"да"
"/catalog/zapasnye-chasti-i-komplektuyushchie/zapchasti-dlya-drobilok/drobilki-konusnye/dro-592-ksd-600/prokladka-privoda-1059207002/";"200";"Каталог товаров - Завод дробильно-сортировочного оборудования";"Поставка оборудования, запасных частей и расходных материалов для дробильно-сортировочного, горно-добывающего и дорожно-строительного оборудования";"Каталог товаров";"да";"да";"да"
"/catalog/zapasnye-chasti-i-komplektuyushchie/zapchasti-dlya-drobilok/drobilki-konusnye/dro-592-ksd-600/pruzhina-1056101004-dro-592-ksd-600/";"";"";"";"";"нет";"да";"нет"
"/catalog/zapasnye-chasti-i-komplektuyushchie/zapchasti-dlya-drobilok/drobilki-konusnye/dro-592-ksd-600/remen-klinovoy-s-v-3350/";"";"";"";"";"нет";"да";"нет"
"/catalog/zapasnye-chasti-i-komplektuyushchie/zapchasti-dlya-drobilok/drobilki-konusnye/dro-592-ksd-600/salazki-1059200610/";"200";"Каталог товаров - Завод дробильно-сортировочного оборудования";"Поставка оборудования, запасных частей и расходных материалов для дробильно-сортировочного, горно-добывающего и дорожно-строительного оборудования";"Каталог товаров";"да";"да";"да"
"/catalog/zapasnye-chasti-i-komplektuyushchie/zapchasti-dlya-drobilok/drobilki-konusnye/dro-592-ksd-600/shayba-tekstolitovaya-1056106005-dro-592-ksd-600/";"200";"Шайба текстолитовая 1056106005 ДРО-592 (КСД-600) от Завода ДСО";"Завод ДСО предлагает шайба текстолитовая 1056106005 дро-592 (ксд-600) в Челябинске";"Шайба текстолитовая 1056106005 ДРО-592 (КСД-600)";"да";"да";"нет"
"/catalog/zapasnye-chasti-i-komplektuyushchie/zapchasti-dlya-drobilok/drobilki-konusnye/dro-592-ksd-600/shesternya-konicheskaya-1056107003-297-7-0-3-dro-592-ksd-600/";"";"";"";"";"нет";"да";"нет"
"/catalog/zapasnye-chasti-i-komplektuyushchie/zapchasti-dlya-drobilok/drobilki-konusnye/dro-592-ksd-600/shkaf-upravleniya-dro-592-ksd-600/";"200";"Каталог товаров - Завод дробильно-сортировочного оборудования";"Поставка оборудования, запасных частей и расходных материалов для дробильно-сортировочного, горно-добывающего и дорожно-строительного оборудования";"Каталог товаров";"да";"да";"да"
"/catalog/zapasnye-chasti-i-komplektuyushchie/zapchasti-dlya-drobilok/drobilki-konusnye/dro-592-ksd-600/shkiv-elektrodvigatelya-1048800006-10-dro-592-ksd-600/";"";"";"";"";"нет";"да";"нет"
"/catalog/zapasnye-chasti-i-komplektuyushchie/zapchasti-dlya-drobilok/drobilki-konusnye/dro-592-ksd-600/shkiv-privoda-1029707004-dro-592-ksd-600/";"";"";"";"";"нет";"да";"нет"
"/catalog/zapasnye-chasti-i-komplektuyushchie/zapchasti-dlya-drobilok/drobilki-konusnye/dro-592-ksd-600/shpilka-1029701011-dro-592-ksd-600/";"200";"Каталог товаров - Завод дробильно-сортировочного оборудования";"Поставка оборудования, запасных частей и расходных материалов для дробильно-сортировочного, горно-добывающего и дорожно-строительного оборудования";"Каталог товаров";"да";"да";"да"
"/catalog/zapasnye-chasti-i-komplektuyushchie/zapchasti-dlya-drobilok/drobilki-konusnye/dro-592-ksd-600/shponka-1029706009-dro-592-ksd-600/";"200";"Каталог товаров - Завод дробильно-сортировочного оборудования";"Поставка оборудования, запасных частей и расходных материалов для дробильно-сортировочного, горно-добывающего и дорожно-строительного оборудования";"Каталог товаров";"да";"да";"да"
"/catalog/zapasnye-chasti-i-komplektuyushchie/zapchasti-dlya-drobilok/drobilki-konusnye/dro-592-ksd-600/shponka-1059201003-dro-592-ksd-600/";"200";"Каталог товаров - Завод дробильно-сортировочного оборудования";"Поставка оборудования, запасных частей и расходных материалов для дробильно-сортировочного, горно-добывающего и дорожно-строительного оборудования";"Каталог товаров";"да";"да";"да"
"/catalog/zapasnye-chasti-i-komplektuyushchie/zapchasti-dlya-drobilok/drobilki-konusnye/dro-592-ksd-600/shponka-privoda-1059207005-dro-592-ksd-600/";"200";"Шпонка привода 1059207005 ДРО-592 (КСД-600) от Завода ДСО";"Завод ДСО предлагает шпонка привода 1059207005 дро-592 (ксд-600) в Челябинске";"Шпонка привода 1059207005 ДРО-592 (КСД-600)";"да";"да";"нет"
"/catalog/zapasnye-chasti-i-komplektuyushchie/zapchasti-dlya-drobilok/drobilki-konusnye/dro-592-ksd-600/stanina-1059201001-dro-592-ksd-600/";"";"";"";"";"нет";"да";"нет"
"/catalog/zapasnye-chasti-i-komplektuyushchie/zapchasti-dlya-drobilok/drobilki-konusnye/dro-592-ksd-600/stantsiya-smazki-1059208000-maslostantsiya-ksd-600/";"200";"Станция смазки 1059208000 (маслостанция КСД-600) от Завода ДСО";"Завод ДСО предлагает станция смазки 1059208000 (маслостанция ксд-600) в Челябинске";"Станция смазки 1059208000 (маслостанция КСД-600)";"да";"да";"нет"
"/catalog/zapasnye-chasti-i-komplektuyushchie/zapchasti-dlya-drobilok/drobilki-konusnye/dro-592-ksd-600/stopor-1056101021-dro-592-ksd-600/";"200";"Каталог товаров - Завод дробильно-сортировочного оборудования";"Поставка оборудования, запасных частей и расходных материалов для дробильно-сортировочного, горно-добывающего и дорожно-строительного оборудования";"Каталог товаров";"да";"да";"да"
"/catalog/zapasnye-chasti-i-komplektuyushchie/zapchasti-dlya-drobilok/drobilki-konusnye/dro-592-ksd-600/stopor-4844205005-dro-592-ksd-600/";"200";"Стопор 4844205005 ДРО-592 (КСД-600) от Завода ДСО";"Завод ДСО предлагает стопор 4844205005 дро-592 (ксд-600) в Челябинске";"Стопор 4844205005 ДРО-592 (КСД-600)";"да";"да";"нет"
"/catalog/zapasnye-chasti-i-komplektuyushchie/zapchasti-dlya-drobilok/drobilki-konusnye/dro-592-ksd-600/tarelka-pruzhiny-1056101040-dro-592-ksd-600/";"200";"Тарелка пружины 1056101040 ДРО-592 (КСД-600) от Завода ДСО";"Завод ДСО предлагает тарелка пружины 1056101040 дро-592 (ксд-600) в Челябинске";"Тарелка пружины 1056101040 ДРО-592 (КСД-600)";"да";"да";"нет"
"/catalog/zapasnye-chasti-i-komplektuyushchie/zapchasti-dlya-drobilok/drobilki-konusnye/dro-592-ksd-600/truboprovod-napornyy-1059200300/";"200";"Каталог товаров - Завод дробильно-сортировочного оборудования";"Поставка оборудования, запасных частей и расходных материалов для дробильно-сортировочного, горно-добывающего и дорожно-строительного оборудования";"Каталог товаров";"да";"да";"да"
"/catalog/zapasnye-chasti-i-komplektuyushchie/zapchasti-dlya-drobilok/drobilki-konusnye/dro-592-ksd-600/truboprovod-slivnoy-1059200400/";"200";"Трубопровод сливной 1059200400 от Завода ДСО";"Завод ДСО предлагает трубопровод сливной 1059200400 в Челябинске";"Трубопровод сливной 1059200400";"да";"да";"нет"
"/catalog/zapasnye-chasti-i-komplektuyushchie/zapchasti-dlya-drobilok/drobilki-konusnye/dro-592-ksd-600/val-ekstsentrikovyy-golyy-ksd-600-1059206001/";"200";"Вал эксцентриковый голый КСД-600 1059206001 от Завода ДСО";"Завод ДСО предлагает вал эксцентриковый голый ксд-600 1059206001 в Челябинске";"Вал эксцентриковый голый КСД-600 1059206001";"да";"да";"нет"
"/catalog/zapasnye-chasti-i-komplektuyushchie/zapchasti-dlya-drobilok/drobilki-konusnye/dro-592-ksd-600/val-ekstsentrikovyy-ksd-600-sb-1059206000/";"200";"Вал эксцентриковый КСД-600 СБ 1059206000 от Завода ДСО";"Завод ДСО предлагает вал эксцентриковый ксд-600 сб 1059206000 в Челябинске";"Вал эксцентриковый КСД-600 СБ 1059206000";"да";"да";"нет"
"/catalog/zapasnye-chasti-i-komplektuyushchie/zapchasti-dlya-drobilok/drobilki-konusnye/dro-592-ksd-600/val-privoda-1056107017-dro-592-ksd-600/";"";"";"";"";"нет";"да";"нет"
"/catalog/zapasnye-chasti-i-komplektuyushchie/zapchasti-dlya-drobilok/drobilki-konusnye/dro-592-ksd-600/val-vertikalnyy-golyy-ksd-600-1059204003/";"200";"Каталог товаров - Завод дробильно-сортировочного оборудования";"Поставка оборудования, запасных частей и расходных материалов для дробильно-сортировочного, горно-добывающего и дорожно-строительного оборудования";"Каталог товаров";"да";"да";"да"
"/catalog/zapasnye-chasti-i-komplektuyushchie/zapchasti-dlya-drobilok/drobilki-konusnye/dro-592-ksd-600/voronka-1029702200/";"200";"Каталог товаров - Завод дробильно-сортировочного оборудования";"Поставка оборудования, запасных частей и расходных материалов для дробильно-сортировочного, горно-добывающего и дорожно-строительного оборудования";"Каталог товаров";"да";"да";"да"
"/catalog/zapasnye-chasti-i-komplektuyushchie/zapchasti-dlya-drobilok/drobilki-konusnye/dro-592-ksd-600/vorotnik-protivopylnyy-1029705003-297-5-0-3-dro-592-ksd-600/";"";"";"";"";"нет";"да";"нет"
"/catalog/zapasnye-chasti-i-komplektuyushchie/zapchasti-dlya-drobilok/drobilki-konusnye/dro-592-ksd-600/vtulka-konusnaya-nizhnyaya-1029706004-297-6-0-4-dro-592-ksd-600/";"200";"Каталог товаров - Завод дробильно-сортировочного оборудования";"Поставка оборудования, запасных частей и расходных материалов для дробильно-сортировочного, горно-добывающего и дорожно-строительного оборудования";"Каталог товаров";"да";"да";"да"
"/catalog/zapasnye-chasti-i-komplektuyushchie/zapchasti-dlya-drobilok/drobilki-konusnye/dro-592-ksd-600/vtulka-konusnaya-tselnaya-1059206002-dro-592-ksd-600/";"200";"Втулка конусная цельная 1059206002 ДРО-592 (КСД-600) от Завода ДСО";"Завод ДСО предлагает втулка конусная цельная 1059206002 дро-592 (ксд-600) в Челябинске";"Втулка конусная цельная 1059206002 ДРО-592 (КСД-600)";"да";"да";"нет"
"/catalog/zapasnye-chasti-i-komplektuyushchie/zapchasti-dlya-drobilok/drobilki-konusnye/dro-592-ksd-600/vtulka-konusnaya-verkhnyaya-1029706002-297-6-0-2-dro-592-ksd-600/";"200";"Втулка конусная верхняя 1029706002 (297-6-0-2) ДРО-592 (КСД-600) от Завода ДСО";"Завод ДСО предлагает втулка конусная верхняя 1029706002 (297-6-0-2) дро-592 (ксд-600) в Челябинске";"Втулка конусная верхняя 1029706002 (297-6-0-2) ДРО-592 (КСД-600)";"да";"да";"нет"
"/catalog/zapasnye-chasti-i-komplektuyushchie/zapchasti-dlya-drobilok/drobilki-konusnye/dro-592-ksd-600/vtulka-tsilindricheskaya-nizhnyaya-1029701003-297-1-0-3-dro-592-ksd-600/";"200";"Каталог товаров - Завод дробильно-сортировочного оборудования";"Поставка оборудования, запасных частей и расходных материалов для дробильно-сортировочного, горно-добывающего и дорожно-строительного оборудования";"Каталог товаров";"да";"да";"да"
"/catalog/zapasnye-chasti-i-komplektuyushchie/zapchasti-dlya-drobilok/drobilki-konusnye/dro-592-ksd-600/vtulka-tsilindricheskaya-tselnaya-1059201002-dro-592-ksd-600/";"200";"Втулка цилиндрическая цельная 1059201002 ДРО-592 (КСД-600) от Завода ДСО";"Завод ДСО предлагает втулка цилиндрическая цельная 1059201002 дро-592 (ксд-600) в Челябинске";"Втулка цилиндрическая цельная 1059201002 ДРО-592 (КСД-600)";"да";"да";"нет"
"/catalog/zapasnye-chasti-i-komplektuyushchie/zapchasti-dlya-drobilok/drobilki-konusnye/dro-592-ksd-600/vtulka-tsilindricheskaya-verkhnyaya-1029701002-297-1-0-2-dro-592-ksd-600/";"200";"Каталог товаров - Завод дробильно-сортировочного оборудования";"Поставка оборудования, запасных частей и расходных материалов для дробильно-сортировочного, горно-добывающего и дорожно-строительного оборудования";"Каталог товаров";"да";"да";"да"
"/catalog/zapasnye-chasti-i-komplektuyushchie/zapchasti-dlya-drobilok/drobilki-konusnye/ksd-1200-i-kmd-1200/";"200";"КСД-1200 и КМД-1200 от Завода ДСО";"Завод ДСО предлагает ксд-1200 и кмд-1200 в Челябинске";"КСД-1200 и КМД-1200";"да";"да";"нет"
"/catalog/zapasnye-chasti-i-komplektuyushchie/zapchasti-dlya-drobilok/drobilki-konusnye/ksd-1200-i-kmd-1200/bronya-konusa-nepodvizhnaya-1-79167-ksd-1200t/";"200";"Броня конуса неподвижная 1-79167 КСД-1200Т от Завода ДСО";"Завод ДСО предлагает броня конуса неподвижная 1-79167 ксд-1200т в Челябинске";"Броня конуса неподвижная 1-79167 КСД-1200Т";"да";"да";"нет"
"/catalog/zapasnye-chasti-i-komplektuyushchie/zapchasti-dlya-drobilok/drobilki-konusnye/ksd-1200-i-kmd-1200/bronya-konusa-nepodvizhnaya-1-79168-kmd-1200gr/";"200";"Броня конуса неподвижная 1-79168 КМД-1200Гр от Завода ДСО";"Завод ДСО предлагает броня конуса неподвижная 1-79168 кмд-1200гр в Челябинске";"Броня конуса неподвижная 1-79168 КМД-1200Гр";"да";"да";"нет"
"/catalog/zapasnye-chasti-i-komplektuyushchie/zapchasti-dlya-drobilok/drobilki-konusnye/ksd-1200-i-kmd-1200/bronya-konusa-nepodvizhnaya-1-79169-kmd-1200t/";"200";"Каталог товаров - Завод дробильно-сортировочного оборудования";"Поставка оборудования, запасных частей и расходных материалов для дробильно-сортировочного, горно-добывающего и дорожно-строительного оборудования";"Каталог товаров";"да";"да";"да"
"/catalog/zapasnye-chasti-i-komplektuyushchie/zapchasti-dlya-drobilok/drobilki-konusnye/ksd-1200-i-kmd-1200/bronya-konusa-nepodvizhnaya-1-80524-ksd-1200gr/";"200";"Каталог товаров - Завод дробильно-сортировочного оборудования";"Поставка оборудования, запасных частей и расходных материалов для дробильно-сортировочного, горно-добывающего и дорожно-строительного оборудования";"Каталог товаров";"да";"да";"да"
"/catalog/zapasnye-chasti-i-komplektuyushchie/zapchasti-dlya-drobilok/drobilki-konusnye/ksd-1200-i-kmd-1200/bronya-konusa-podvizhnaya-2-74254-ksd-1200gr-i-ksd-1200t/";"200";"Броня конуса подвижная 2-74254 КСД-1200Гр и КСД-1200Т от Завода ДСО";"Завод ДСО предлагает броня конуса подвижная 2-74254 ксд-1200гр и ксд-1200т в Челябинске";"Броня конуса подвижная 2-74254 КСД-1200Гр и КСД-1200Т";"да";"да";"нет"
"/catalog/zapasnye-chasti-i-komplektuyushchie/zapchasti-dlya-drobilok/drobilki-konusnye/ksd-1200-i-kmd-1200/bronya-konusa-podvizhnaya-2-74275-kmd-1200gr-i-kmd-1200t/";"200";"Каталог товаров - Завод дробильно-сортировочного оборудования";"Поставка оборудования, запасных частей и расходных материалов для дробильно-сортировочного, горно-добывающего и дорожно-строительного оборудования";"Каталог товаров";"да";"да";"да"
"/catalog/zapasnye-chasti-i-komplektuyushchie/zapchasti-dlya-drobilok/drobilki-konusnye/ksd-1200-i-kmd-1200/bronya-privoda-3-135364-ksd-1200-kmd-1200/";"200";"Броня привода 3-135364 КСД-1200 (КМД-1200) от Завода ДСО";"Завод ДСО предлагает броня привода 3-135364 ксд-1200 (кмд-1200) в Челябинске";"Броня привода 3-135364 КСД-1200 (КМД-1200)";"да";"да";"нет"
"/catalog/zapasnye-chasti-i-komplektuyushchie/zapchasti-dlya-drobilok/drobilki-konusnye/ksd-1200-i-kmd-1200/bronya-rebra-4-252627-ksd-1200-kmd-1200/";"200";"Каталог товаров - Завод дробильно-сортировочного оборудования";"Поставка оборудования, запасных частей и расходных материалов для дробильно-сортировочного, горно-добывающего и дорожно-строительного оборудования";"Каталог товаров";"да";"да";"да"
"/catalog/zapasnye-chasti-i-komplektuyushchie/zapchasti-dlya-drobilok/drobilki-konusnye/ksd-1200-i-kmd-1200/chasha-opornaya-sb-1-112908-ksd-1200-kmd-1200/";"200";"Чаша опорная СБ 1-112908 КСД-1200 (КМД-1200) от Завода ДСО";"Завод ДСО предлагает чаша опорная сб 1-112908 ксд-1200 (кмд-1200) в Челябинске";"Чаша опорная СБ 1-112908 КСД-1200 (КМД-1200)";"да";"да";"нет"
"/catalog/zapasnye-chasti-i-komplektuyushchie/zapchasti-dlya-drobilok/drobilki-konusnye/ksd-1200-i-kmd-1200/disk-nizhniy-tekstolitovyy-4-413835-ksd-1200-kmd-1200/";"200";"Диск нижний текстолитовый 4-413835 КСД-1200 (КМД-1200) от Завода ДСО";"Завод ДСО предлагает диск нижний текстолитовый 4-413835 ксд-1200 (кмд-1200) в Челябинске";"Диск нижний текстолитовый 4-413835 КСД-1200 (КМД-1200)";"да";"да";"нет"
"/catalog/zapasnye-chasti-i-komplektuyushchie/zapchasti-dlya-drobilok/drobilki-konusnye/ksd-1200-i-kmd-1200/disk-sredniy-stalnoy-3-135358-ksd-1200-kmd-1200/";"200";"Диск средний стальной 3-135358 КСД-1200 (КМД-1200) от Завода ДСО";"Завод ДСО предлагает Диск средний стальной 3-135358 КСД-1200 (КМД-1200) в Челябинске";"Диск средний стальной 3-135358 КСД-1200 (КМД-1200)";"да";"да";"нет"
"/catalog/zapasnye-chasti-i-komplektuyushchie/zapchasti-dlya-drobilok/drobilki-konusnye/ksd-1200-i-kmd-1200/disk-sredniy-tekstolitovyy-4-413837-ksd-1200-kmd-1200/";"200";"Каталог товаров - Завод дробильно-сортировочного оборудования";"Поставка оборудования, запасных частей и расходных материалов для дробильно-сортировочного, горно-добывающего и дорожно-строительного оборудования";"Каталог товаров";"да";"да";"да"
"/catalog/zapasnye-chasti-i-komplektuyushchie/zapchasti-dlya-drobilok/drobilki-konusnye/ksd-1200-i-kmd-1200/disk-verkhniy-stalnoy-3-205065-ksd-1200-kmd-1200/";"200";"Каталог товаров - Завод дробильно-сортировочного оборудования";"Поставка оборудования, запасных частей и расходных материалов для дробильно-сортировочного, горно-добывающего и дорожно-строительного оборудования";"Каталог товаров";"да";"да";"да"
"/catalog/zapasnye-chasti-i-komplektuyushchie/zapchasti-dlya-drobilok/drobilki-konusnye/ksd-1200-i-kmd-1200/ekstsentrik-golyy-2-105985-ksd-1200-kmd-1200/";"200";"Каталог товаров - Завод дробильно-сортировочного оборудования";"Поставка оборудования, запасных частей и расходных материалов для дробильно-сортировочного, горно-добывающего и дорожно-строительного оборудования";"Каталог товаров";"да";"да";"да"
"/catalog/zapasnye-chasti-i-komplektuyushchie/zapchasti-dlya-drobilok/drobilki-konusnye/ksd-1200-i-kmd-1200/flanets-privoda-2-102676-ksd-1200-kmd-1200/";"200";"Каталог товаров - Завод дробильно-сортировочного оборудования";"Поставка оборудования, запасных частей и расходных материалов для дробильно-сортировочного, горно-добывающего и дорожно-строительного оборудования";"Каталог товаров";"да";"да";"да"
"/catalog/zapasnye-chasti-i-komplektuyushchie/zapchasti-dlya-drobilok/drobilki-konusnye/ksd-1200-i-kmd-1200/klin-4-252619-ksd-1200-kmd-1200/";"200";"Каталог товаров - Завод дробильно-сортировочного оборудования";"Поставка оборудования, запасных частей и расходных материалов для дробильно-сортировочного, горно-добывающего и дорожно-строительного оборудования";"Каталог товаров";"да";"да";"да"
"/catalog/zapasnye-chasti-i-komplektuyushchie/zapchasti-dlya-drobilok/drobilki-konusnye/ksd-1200-i-kmd-1200/klin-stopornyy-4-252620-ksd-1200-kmd-1200/";"200";"Каталог товаров - Завод дробильно-сортировочного оборудования";"Поставка оборудования, запасных частей и расходных материалов для дробильно-сортировочного, горно-добывающего и дорожно-строительного оборудования";"Каталог товаров";"да";"да";"да"
"/catalog/zapasnye-chasti-i-komplektuyushchie/zapchasti-dlya-drobilok/drobilki-konusnye/ksd-1200-i-kmd-1200/koleso-konicheskoe-1-112913-ksd-1200-kmd-1200/";"200";"Каталог товаров - Завод дробильно-сортировочного оборудования";"Поставка оборудования, запасных частей и расходных материалов для дробильно-сортировочного, горно-добывающего и дорожно-строительного оборудования";"Каталог товаров";"да";"да";"да"
"/catalog/zapasnye-chasti-i-komplektuyushchie/zapchasti-dlya-drobilok/drobilki-konusnye/ksd-1200-i-kmd-1200/koltso-350-360-58-2-2-gost-9833-73/";"200";"Кольцо 350-360-58-2-2 ГОСТ 9833-73 от Завода ДСО";"Завод ДСО предлагает кольцо 350-360-58-2-2 гост 9833-73 в Челябинске";"Кольцо 350-360-58-2-2 ГОСТ 9833-73";"да";"да";"нет"
"/catalog/zapasnye-chasti-i-komplektuyushchie/zapchasti-dlya-drobilok/drobilki-konusnye/ksd-1200-i-kmd-1200/koltso-privoda-4-248304-ksd-1200-kmd-1200/";"200";"Кольцо привода 4-248304 КСД-1200 (КМД-1200) от Завода ДСО";"Завод ДСО предлагает Кольцо привода 4-248304 КСД-1200 (КМД-1200) в Челябинске";"Кольцо привода 4-248304 КСД-1200 (КМД-1200)";"да";"да";"нет"
"/catalog/zapasnye-chasti-i-komplektuyushchie/zapchasti-dlya-drobilok/drobilki-konusnye/ksd-1200-i-kmd-1200/koltso-reguliruyushchee-sb-1-124588-01-ksd-1200t/";"200";"Кольцо регулирующее СБ 1-124588-01 КСД-1200Т от Завода ДСО";"Завод ДСО предлагает кольцо регулирующее сб 1-124588-01 ксд-1200т в Челябинске";"Кольцо регулирующее СБ 1-124588-01 КСД-1200Т";"да";"да";"нет"
"/catalog/zapasnye-chasti-i-komplektuyushchie/zapchasti-dlya-drobilok/drobilki-konusnye/ksd-1200-i-kmd-1200/koltso-reguliruyushchee-sb-1-124588-02-kmd-1200gr/";"200";"Кольцо регулирующее СБ 1-124588-02 КМД-1200Гр от Завода ДСО";"Завод ДСО предлагает кольцо регулирующее сб 1-124588-02 кмд-1200гр в Челябинске";"Кольцо регулирующее СБ 1-124588-02 КМД-1200Гр";"да";"да";"нет"
"/catalog/zapasnye-chasti-i-komplektuyushchie/zapchasti-dlya-drobilok/drobilki-konusnye/ksd-1200-i-kmd-1200/koltso-reguliruyushchee-sb-1-124588-03-kmd-1200t/";"200";"Каталог товаров - Завод дробильно-сортировочного оборудования";"Поставка оборудования, запасных частей и расходных материалов для дробильно-сортировочного, горно-добывающего и дорожно-строительного оборудования";"Каталог товаров";"да";"да";"да"
"/catalog/zapasnye-chasti-i-komplektuyushchie/zapchasti-dlya-drobilok/drobilki-konusnye/ksd-1200-i-kmd-1200/koltso-reguliruyushchee-sb-1-124588-ksd-1200gr/";"200";"Кольцо регулирующее СБ 1-124588 КСД-1200Гр от Завода ДСО";"Завод ДСО предлагает кольцо регулирующее сб 1-124588 ксд-1200гр в Челябинске";"Кольцо регулирующее СБ 1-124588 КСД-1200Гр";"да";"да";"нет"
"/catalog/zapasnye-chasti-i-komplektuyushchie/zapchasti-dlya-drobilok/drobilki-konusnye/ksd-1200-i-kmd-1200/koltso-ustroystva-opornogo-1-85108-ksd-1200-kmd-1200/";"200";"Кольцо устройства опорного 1-85108 КСД-1200 (КМД-1200) от Завода ДСО";"Завод ДСО предлагает кольцо устройства опорного 1-85108 ксд-1200 (кмд-1200) в Челябинске";"Кольцо устройства опорного 1-85108 КСД-1200 (КМД-1200)";"да";"да";"нет"
"/catalog/zapasnye-chasti-i-komplektuyushchie/zapchasti-dlya-drobilok/drobilki-konusnye/ksd-1200-i-kmd-1200/konus-drobyashchiy-podvizhnyy-sb-1-112892-01-kmd-1200gr-i-kmd-1200t/";"200";"Конус дробящий подвижный СБ 1-112892-01 КМД-1200Гр и КМД-1200Т от Завода ДСО";"Завод ДСО предлагает конус дробящий подвижный сб 1-112892-01 кмд-1200гр и кмд-1200т в Челябинске";"Конус дробящий подвижный СБ 1-112892-01 КМД-1200Гр и КМД-1200Т";"да";"да";"нет"
"/catalog/zapasnye-chasti-i-komplektuyushchie/zapchasti-dlya-drobilok/drobilki-konusnye/ksd-1200-i-kmd-1200/konus-drobyashchiy-podvizhnyy-sb-1-112892-ksd-1200gr-i-ksd-1200t/";"200";"Конус дробящий подвижный СБ 1-112892 КСД-1200Гр и КСД-1200Т от Завода ДСО";"Завод ДСО предлагает конус дробящий подвижный сб 1-112892 ксд-1200гр и ксд-1200т в Челябинске";"Конус дробящий подвижный СБ 1-112892 КСД-1200Гр и КСД-1200Т";"да";"да";"нет"
"/catalog/zapasnye-chasti-i-komplektuyushchie/zapchasti-dlya-drobilok/drobilki-konusnye/ksd-1200-i-kmd-1200/korpus-chashi-2-105987-ksd-1200-kmd-1200/";"200";"Каталог товаров - Завод дробильно-сортировочного оборудования";"Поставка оборудования, запасных частей и расходных материалов для дробильно-сортировочного, горно-добывающего и дорожно-строительного оборудования";"Каталог товаров";"да";"да";"да"
"/catalog/zapasnye-chasti-i-komplektuyushchie/zapchasti-dlya-drobilok/drobilki-konusnye/ksd-1200-i-kmd-1200/korpus-koltsa-reguliruyushchego-1-87745-ksd-1200-kmd-1200/";"200";"Каталог товаров - Завод дробильно-сортировочного оборудования";"Поставка оборудования, запасных частей и расходных материалов для дробильно-сортировочного, горно-добывающего и дорожно-строительного оборудования";"Каталог товаров";"да";"да";"да"
"/catalog/zapasnye-chasti-i-komplektuyushchie/zapchasti-dlya-drobilok/drobilki-konusnye/ksd-1200-i-kmd-1200/korpus-konusa-1-140829-ksd-1200-kmd-1200/";"200";"Корпус конуса 1-140829 КСД-1200 (КМД-1200) от Завода ДСО";"Завод ДСО предлагает Корпус конуса 1-140829 КСД-1200 (КМД-1200) в Челябинске";"Корпус конуса 1-140829 КСД-1200 (КМД-1200)";"да";"да";"нет"
"/catalog/zapasnye-chasti-i-komplektuyushchie/zapchasti-dlya-drobilok/drobilki-konusnye/ksd-1200-i-kmd-1200/korpus-konusa-sb-2-105506-ksd-1200-kmd-1200/";"200";"Каталог товаров - Завод дробильно-сортировочного оборудования";"Поставка оборудования, запасных частей и расходных материалов для дробильно-сортировочного, горно-добывающего и дорожно-строительного оборудования";"Каталог товаров";"да";"да";"да"
"/catalog/zapasnye-chasti-i-komplektuyushchie/zapchasti-dlya-drobilok/drobilki-konusnye/ksd-1200-i-kmd-1200/korpus-privoda-2-134427-ksd-1200-kmd-1200/";"200";"Корпус привода 2-134427 КСД-1200 (КМД-1200) от Завода ДСО";"Завод ДСО предлагает Корпус привода 2-134427 КСД-1200 (КМД-1200) в Челябинске";"Корпус привода 2-134427 КСД-1200 (КМД-1200)";"да";"да";"нет"
"/catalog/zapasnye-chasti-i-komplektuyushchie/zapchasti-dlya-drobilok/drobilki-konusnye/ksd-1200-i-kmd-1200/korpus-staniny-0-14984-ksd-1200-kmd-1200/";"200";"Корпус станины 0-14984 КСД-1200 (КМД-1200) от Завода ДСО";"Завод ДСО предлагает Корпус станины 0-14984 КСД-1200 (КМД-1200) в Челябинске";"Корпус станины 0-14984 КСД-1200 (КМД-1200)";"да";"да";"нет"
"/catalog/zapasnye-chasti-i-komplektuyushchie/zapchasti-dlya-drobilok/drobilki-konusnye/ksd-1200-i-kmd-1200/kozhukh-koltsa-reguliruyushchego-3-233132-ksd-1200-kmd-1200/";"200";"Кожух кольца регулирующего 3-233132 КСД-1200 (КМД-1200) от Завода ДСО";"Завод ДСО предлагает кожух кольца регулирующего 3-233132 ксд-1200 (кмд-1200) в Челябинске";"Кожух кольца регулирующего 3-233132 КСД-1200 (КМД-1200)";"да";"да";"нет"
"/catalog/zapasnye-chasti-i-komplektuyushchie/zapchasti-dlya-drobilok/drobilki-konusnye/ksd-1200-i-kmd-1200/kozhukh-sb-2-115397-ksd-1200-kmd-1200/";"200";"Каталог товаров - Завод дробильно-сортировочного оборудования";"Поставка оборудования, запасных частей и расходных материалов для дробильно-сортировочного, горно-добывающего и дорожно-строительного оборудования";"Каталог товаров";"да";"да";"да"
"/catalog/zapasnye-chasti-i-komplektuyushchie/zapchasti-dlya-drobilok/drobilki-konusnye/ksd-1200-i-kmd-1200/kryshka-privoda-2-102676-ksd-1200-kmd-1200/";"200";"Каталог товаров - Завод дробильно-сортировочного оборудования";"Поставка оборудования, запасных частей и расходных материалов для дробильно-сортировочного, горно-добывающего и дорожно-строительного оборудования";"Каталог товаров";"да";"да";"да"
"/catalog/zapasnye-chasti-i-komplektuyushchie/zapchasti-dlya-drobilok/drobilki-konusnye/ksd-1200-i-kmd-1200/kryshka-staniny-2-72981-ksd-1200-kmd-1200/";"200";"Крышка станины 2-72981 КСД-1200 (КМД-1200) от Завода ДСО";"Завод ДСО предлагает Крышка станины 2-72981 КСД-1200 (КМД-1200) в Челябинске";"Крышка станины 2-72981 КСД-1200 (КМД-1200)";"да";"да";"нет"
"/catalog/zapasnye-chasti-i-komplektuyushchie/zapchasti-dlya-drobilok/drobilki-konusnye/ksd-1200-i-kmd-1200/manzheta-1-1-90kh115-gost-8752-79/";"200";"Каталог товаров - Завод дробильно-сортировочного оборудования";"Поставка оборудования, запасных частей и расходных материалов для дробильно-сортировочного, горно-добывающего и дорожно-строительного оборудования";"Каталог товаров";"да";"да";"да"
"/catalog/zapasnye-chasti-i-komplektuyushchie/zapchasti-dlya-drobilok/drobilki-konusnye/ksd-1200-i-kmd-1200/mekhanizm-povorota-sb-1-137570-ksd-1200-kmd-1200/";"200";"Механизм поворота СБ 1-137570 КСД-1200 (КМД-1200) от Завода ДСО";"Завод ДСО предлагает механизм поворота сб 1-137570 ксд-1200 (кмд-1200) в Челябинске";"Механизм поворота СБ 1-137570 КСД-1200 (КМД-1200)";"да";"да";"нет"
"/catalog/zapasnye-chasti-i-komplektuyushchie/zapchasti-dlya-drobilok/drobilki-konusnye/ksd-1200-i-kmd-1200/mufta-lepestkovaya-sb-1200-000-ksd-1200-kmd-1200/";"200";"Каталог товаров - Завод дробильно-сортировочного оборудования";"Поставка оборудования, запасных частей и расходных материалов для дробильно-сортировочного, горно-добывающего и дорожно-строительного оборудования";"Каталог товаров";"да";"да";"да"
"/catalog/zapasnye-chasti-i-komplektuyushchie/zapchasti-dlya-drobilok/drobilki-konusnye/ksd-1200-i-kmd-1200/palets-4-413832-ksd-1200-kmd-1200/";"200";"Палец 4-413832 КСД-1200 (КМД-1200) от Завода ДСО";"Завод ДСО предлагает палец 4-413832 ксд-1200 (кмд-1200) в Челябинске";"Палец 4-413832 КСД-1200 (КМД-1200)";"да";"да";"нет"
"/catalog/zapasnye-chasti-i-komplektuyushchie/zapchasti-dlya-drobilok/drobilki-konusnye/ksd-1200-i-kmd-1200/palets-4-413834-ksd-1200-kmd-1200/";"200";"Каталог товаров - Завод дробильно-сортировочного оборудования";"Поставка оборудования, запасных частей и расходных материалов для дробильно-сортировочного, горно-добывающего и дорожно-строительного оборудования";"Каталог товаров";"да";"да";"да"
"/catalog/zapasnye-chasti-i-komplektuyushchie/zapchasti-dlya-drobilok/drobilki-konusnye/ksd-1200-i-kmd-1200/plita-raspredelitelnaya-3-233082-ksd-1200-kmd-1200/";"200";"Плита распределительная 3-233082 КСД-1200 (КМД-1200) от Завода ДСО";"Завод ДСО предлагает Плита распределительная 3-233082 КСД-1200 (КМД-1200) в Челябинске";"Плита распределительная 3-233082 КСД-1200 (КМД-1200)";"да";"да";"нет"
"/catalog/zapasnye-chasti-i-komplektuyushchie/zapchasti-dlya-drobilok/drobilki-konusnye/ksd-1200-i-kmd-1200/podpyatnik-sfericheskiy-1-112909-ksd-1200-kmd-1200/";"200";"Каталог товаров - Завод дробильно-сортировочного оборудования";"Поставка оборудования, запасных частей и расходных материалов для дробильно-сортировочного, горно-добывающего и дорожно-строительного оборудования";"Каталог товаров";"да";"да";"да"
"/catalog/zapasnye-chasti-i-komplektuyushchie/zapchasti-dlya-drobilok/drobilki-konusnye/ksd-1200-i-kmd-1200/podshipnik-53620n-gost-24696-81/";"200";"Подшипник 53620Н ГОСТ 24696-81 от Завода ДСО";"Завод ДСО предлагает подшипник 53620н гост 24696-81 в Челябинске";"Подшипник 53620Н ГОСТ 24696-81";"да";"да";"нет"
"/catalog/zapasnye-chasti-i-komplektuyushchie/zapchasti-dlya-drobilok/drobilki-konusnye/ksd-1200-i-kmd-1200/podshipnik-7520/";"200";"Подшипник 7520 от Завода ДСО";"Завод ДСО предлагает подшипник 7520 в Челябинске";"Подшипник 7520";"да";"да";"нет"
"/catalog/zapasnye-chasti-i-komplektuyushchie/zapchasti-dlya-drobilok/drobilki-konusnye/ksd-1200-i-kmd-1200/prokladka-4-252626-ksd-1200-kmd-1200/";"200";"Каталог товаров - Завод дробильно-сортировочного оборудования";"Поставка оборудования, запасных частей и расходных материалов для дробильно-сортировочного, горно-добывающего и дорожно-строительного оборудования";"Каталог товаров";"да";"да";"да"
"/catalog/zapasnye-chasti-i-komplektuyushchie/zapchasti-dlya-drobilok/drobilki-konusnye/ksd-1200-i-kmd-1200/prokladka-4-485031-ksd-1200-kmd-1200/";"200";"Прокладка 4-485031 КСД-1200 (КМД-1200) от Завода ДСО";"Завод ДСО предлагает Прокладка 4-485031 КСД-1200 (КМД-1200) в Челябинске";"Прокладка 4-485031 КСД-1200 (КМД-1200)";"да";"да";"нет"
"/catalog/zapasnye-chasti-i-komplektuyushchie/zapchasti-dlya-drobilok/drobilki-konusnye/ksd-1200-i-kmd-1200/prokladka-koltsa-reguliruyushchego-4-413848-ksd-1200-kmd-1200/";"200";"Прокладка кольца регулирующего 4-413848 КСД-1200 (КМД-1200) от Завода ДСО";"Завод ДСО предлагает прокладка кольца регулирующего 4-413848 ксд-1200 (кмд-1200) в Челябинске";"Прокладка кольца регулирующего 4-413848 КСД-1200 (КМД-1200)";"да";"да";"нет"
"/catalog/zapasnye-chasti-i-komplektuyushchie/zapchasti-dlya-drobilok/drobilki-konusnye/ksd-1200-i-kmd-1200/pruzhina-3n8725-11-dro-592-ksd-600/";"200";"Пружина 3Н8725-11 ДРО-592 (КСД-600) от Завода ДСО";"Завод ДСО предлагает пружина 3н8725-11 дро-592 (ксд-600) в Челябинске";"Пружина 3Н8725-11 ДРО-592 (КСД-600)";"да";"да";"нет"
"/catalog/zapasnye-chasti-i-komplektuyushchie/zapchasti-dlya-drobilok/drobilki-konusnye/ksd-1200-i-kmd-1200/pyleotboynik-3-205048-ksd-1200-kmd-1200/";"200";"Каталог товаров - Завод дробильно-сортировочного оборудования";"Поставка оборудования, запасных частей и расходных материалов для дробильно-сортировочного, горно-добывающего и дорожно-строительного оборудования";"Каталог товаров";"да";"да";"да"
"/catalog/zapasnye-chasti-i-komplektuyushchie/zapchasti-dlya-drobilok/drobilki-konusnye/ksd-1200-i-kmd-1200/sektsiya-pruzhin-sb-1-112897-ksd-1200-kmd-1200/";"200";"Секция пружин СБ 1-112897 КСД-1200 (КМД-1200) от Завода ДСО";"Завод ДСО предлагает секция пружин сб 1-112897 ксд-1200 (кмд-1200) в Челябинске";"Секция пружин СБ 1-112897 КСД-1200 (КМД-1200)";"да";"да";"нет"
"/catalog/zapasnye-chasti-i-komplektuyushchie/zapchasti-dlya-drobilok/drobilki-konusnye/ksd-1200-i-kmd-1200/shesternya-konicheskaya-2-74259-ksd-1200-kmd-1200/";"200";"Шестерня коническая 2-74259 КСД-1200 (КМД-1200) от Завода ДСО";"Завод ДСО предлагает Шестерня коническая 2-74259 КСД-1200 (КМД-1200) в Челябинске";"Шестерня коническая 2-74259 КСД-1200 (КМД-1200)";"да";"да";"нет"
"/catalog/zapasnye-chasti-i-komplektuyushchie/zapchasti-dlya-drobilok/drobilki-konusnye/ksd-1200-i-kmd-1200/shpilka-koltsa-reguliruyushchego-4-474336-ksd-1200-kmd-1200/";"200";"Каталог товаров - Завод дробильно-сортировочного оборудования";"Поставка оборудования, запасных частей и расходных материалов для дробильно-сортировочного, горно-добывающего и дорожно-строительного оборудования";"Каталог товаров";"да";"да";"да"
"/catalog/zapasnye-chasti-i-komplektuyushchie/zapchasti-dlya-drobilok/drobilki-konusnye/ksd-1200-i-kmd-1200/shponka-4-428891-ksd-1200-kmd-1200/";"200";"Шпонка 4-428891 КСД-1200 (КМД-1200) от Завода ДСО";"Завод ДСО предлагает Шпонка 4-428891 КСД-1200 (КМД-1200) в Челябинске";"Шпонка 4-428891 КСД-1200 (КМД-1200)";"да";"да";"нет"
"/catalog/zapasnye-chasti-i-komplektuyushchie/zapchasti-dlya-drobilok/drobilki-konusnye/ksd-1200-i-kmd-1200/shponka-ekstsentrika-4-248311-ksd-1200-kmd-1200/";"200";"Каталог товаров - Завод дробильно-сортировочного оборудования";"Поставка оборудования, запасных частей и расходных материалов для дробильно-сортировочного, горно-добывающего и дорожно-строительного оборудования";"Каталог товаров";"да";"да";"да"
"/catalog/zapasnye-chasti-i-komplektuyushchie/zapchasti-dlya-drobilok/drobilki-konusnye/ksd-1200-i-kmd-1200/shponka-privoda-4-248308-ksd-1200-kmd-1200/";"200";"Шпонка привода 4-248308 КСД-1200 (КМД-1200) от Завода ДСО";"Завод ДСО предлагает Шпонка привода 4-248308 КСД-1200 (КМД-1200) в Челябинске";"Шпонка привода 4-248308 КСД-1200 (КМД-1200)";"да";"да";"нет"
"/catalog/zapasnye-chasti-i-komplektuyushchie/zapchasti-dlya-drobilok/drobilki-konusnye/ksd-1200-i-kmd-1200/shponka-privoda-4-252636-ksd-1200-kmd-1200/";"200";"Шпонка привода 4-252636 КСД-1200 (КМД-1200) от Завода ДСО";"Завод ДСО предлагает Шпонка привода 4-252636 КСД-1200 (КМД-1200) в Челябинске";"Шпонка привода 4-252636 КСД-1200 (КМД-1200)";"да";"да";"нет"
"/catalog/zapasnye-chasti-i-komplektuyushchie/zapchasti-dlya-drobilok/drobilki-konusnye/ksd-1200-i-kmd-1200/shponka-spetsialnaya-4-419289-ksd-1200-kmd-1200/";"200";"Шпонка специальная 4-419289 КСД-1200 (КМД-1200) от Завода ДСО";"Завод ДСО предлагает Шпонка специальная 4-419289 КСД-1200 (КМД-1200) в Челябинске";"Шпонка специальная 4-419289 КСД-1200 (КМД-1200)";"да";"да";"нет"
"/catalog/zapasnye-chasti-i-komplektuyushchie/zapchasti-dlya-drobilok/drobilki-konusnye/ksd-1200-i-kmd-1200/shtyr-4-413833-ksd-1200-kmd-1200/";"200";"Каталог товаров - Завод дробильно-сортировочного оборудования";"Поставка оборудования, запасных частей и расходных материалов для дробильно-сортировочного, горно-добывающего и дорожно-строительного оборудования";"Каталог товаров";"да";"да";"да"
"/catalog/zapasnye-chasti-i-komplektuyushchie/zapchasti-dlya-drobilok/drobilki-konusnye/ksd-1200-i-kmd-1200/skoba-koltsa-reguliruyushchego-4-419285-ksd-1200-kmd-1200/";"200";"Каталог товаров - Завод дробильно-сортировочного оборудования";"Поставка оборудования, запасных частей и расходных материалов для дробильно-сортировочного, горно-добывающего и дорожно-строительного оборудования";"Каталог товаров";"да";"да";"да"
"/catalog/zapasnye-chasti-i-komplektuyushchie/zapchasti-dlya-drobilok/drobilki-konusnye/ksd-1200-i-kmd-1200/stanina-0-198810-ksd-1200-kmd-1200/";"200";"Станина 0-198810 КСД-1200 (КМД-1200) от Завода ДСО";"Завод ДСО предлагает станина 0-198810 ксд-1200 (кмд-1200) в Челябинске";"Станина 0-198810 КСД-1200 (КМД-1200)";"да";"да";"нет"
"/catalog/zapasnye-chasti-i-komplektuyushchie/zapchasti-dlya-drobilok/drobilki-konusnye/ksd-1200-i-kmd-1200/stupitsa-3-233089-ksd-1200-kmd-1200/";"200";"Ступица 3-233089 КСД-1200 (КМД-1200) от Завода ДСО";"Завод ДСО предлагает Ступица 3-233089 КСД-1200 (КМД-1200) в Челябинске";"Ступица 3-233089 КСД-1200 (КМД-1200)";"да";"да";"нет"
"/catalog/zapasnye-chasti-i-komplektuyushchie/zapchasti-dlya-drobilok/drobilki-konusnye/ksd-1200-i-kmd-1200/ustanovka-plity-raspredelitelnoy-sb-2-131560-ksd-1200-kmd-1200/";"200";"Установка плиты распределительной СБ 2-131560 КСД-1200 (КМД-1200) от Завода ДСО";"Завод ДСО предлагает Установка плиты распределительной СБ 2-131560 КСД-1200 (КМД-1200) в Челябинске";"Установка плиты распределительной СБ 2-131560 КСД-1200 (КМД-1200)";"да";"да";"нет"
"/catalog/zapasnye-chasti-i-komplektuyushchie/zapchasti-dlya-drobilok/drobilki-konusnye/ksd-1200-i-kmd-1200/ustanovka-vtulok-tsilindricheskikh-sb-2-108072-ksd-1200-kmd-1200/";"200";"Установка втулок цилиндрических СБ 2-108072 КСД-1200 (КМД-1200) от Завода ДСО";"Завод ДСО предлагает Установка втулок цилиндрических СБ 2-108072 КСД-1200 (КМД-1200) в Челябинске";"Установка втулок цилиндрических СБ 2-108072 КСД-1200 (КМД-1200)";"да";"да";"нет"
"/catalog/zapasnye-chasti-i-komplektuyushchie/zapchasti-dlya-drobilok/drobilki-konusnye/ksd-1200-i-kmd-1200/ustroystvo-opornoe-sb-2-71799-ksd-1200-kmd-1200/";"200";"Устройство опорное СБ 2-71799 КСД-1200 (КМД-1200) от Завода ДСО";"Завод ДСО предлагает устройство опорное сб 2-71799 ксд-1200 (кмд-1200) в Челябинске";"Устройство опорное СБ 2-71799 КСД-1200 (КМД-1200)";"да";"да";"нет"
"/catalog/zapasnye-chasti-i-komplektuyushchie/zapchasti-dlya-drobilok/drobilki-konusnye/ksd-1200-i-kmd-1200/ustroystvo-zagruzochnoe-sb-1-129773-ksd-1200-kmd-1200/";"200";"Устройство загрузочное СБ 1-129773 КСД-1200 (КМД-1200) от Завода ДСО";"Завод ДСО предлагает устройство загрузочное сб 1-129773 ксд-1200 (кмд-1200) в Челябинске";"Устройство загрузочное СБ 1-129773 КСД-1200 (КМД-1200)";"да";"да";"нет"
"/catalog/zapasnye-chasti-i-komplektuyushchie/zapchasti-dlya-drobilok/drobilki-konusnye/ksd-1200-i-kmd-1200/val-ekstsentrikovyy-sb-2-105517-ksd-1200-kmd-1200/";"200";"Вал эксцентриковый СБ 2-105517 КСД-1200 (КМД-1200) от Завода ДСО";"Завод ДСО предлагает вал эксцентриковый сб 2-105517 ксд-1200 (кмд-1200) в Челябинске";"Вал эксцентриковый СБ 2-105517 КСД-1200 (КМД-1200)";"да";"да";"нет"
"/catalog/zapasnye-chasti-i-komplektuyushchie/zapchasti-dlya-drobilok/drobilki-konusnye/ksd-1200-i-kmd-1200/val-privoda-golyy-1-112901-ksd-1200-kmd-1200/";"200";"Вал привода голый 1-112901 КСД-1200 (КМД-1200) от Завода ДСО";"Завод ДСО предлагает Вал привода голый 1-112901 КСД-1200 (КМД-1200) в Челябинске";"Вал привода голый 1-112901 КСД-1200 (КМД-1200)";"да";"да";"нет"
"/catalog/zapasnye-chasti-i-komplektuyushchie/zapchasti-dlya-drobilok/drobilki-konusnye/ksd-1200-i-kmd-1200/val-privodnoy-sb-1-112900-ksd-1200-kmd-1200/";"200";"Вал приводной СБ 1-112900 КСД-1200 (КМД-1200) от Завода ДСО";"Завод ДСО предлагает вал приводной сб 1-112900 ксд-1200 (кмд-1200) в Челябинске";"Вал приводной СБ 1-112900 КСД-1200 (КМД-1200)";"да";"да";"нет"
"/catalog/zapasnye-chasti-i-komplektuyushchie/zapchasti-dlya-drobilok/drobilki-konusnye/ksd-1200-i-kmd-1200/val-vertikalnyy-golyy-2-105507-ksd-1200-kmd-1200/";"200";"Каталог товаров - Завод дробильно-сортировочного оборудования";"Поставка оборудования, запасных частей и расходных материалов для дробильно-сортировочного, горно-добывающего и дорожно-строительного оборудования";"Каталог товаров";"да";"да";"да"
"/catalog/zapasnye-chasti-i-komplektuyushchie/zapchasti-dlya-drobilok/drobilki-konusnye/ksd-1200-i-kmd-1200/voronka-koltsa-reguliruyushchego-1-124589-ksd-1200-kmd-1200/";"200";"Каталог товаров - Завод дробильно-сортировочного оборудования";"Поставка оборудования, запасных частей и расходных материалов для дробильно-сортировочного, горно-добывающего и дорожно-строительного оборудования";"Каталог товаров";"да";"да";"да"
"/catalog/zapasnye-chasti-i-komplektuyushchie/zapchasti-dlya-drobilok/drobilki-konusnye/ksd-1200-i-kmd-1200/voronka-priemnaya-1-129774-ksd-1200-kmd-1200/";"200";"Каталог товаров - Завод дробильно-сортировочного оборудования";"Поставка оборудования, запасных частей и расходных материалов для дробильно-сортировочного, горно-добывающего и дорожно-строительного оборудования";"Каталог товаров";"да";"да";"да"
"/catalog/zapasnye-chasti-i-komplektuyushchie/zapchasti-dlya-drobilok/drobilki-konusnye/ksd-1200-i-kmd-1200/vorotnik-3-254724-ksd-1200-kmd-1200/";"200";"Каталог товаров - Завод дробильно-сортировочного оборудования";"Поставка оборудования, запасных частей и расходных материалов для дробильно-сортировочного, горно-добывающего и дорожно-строительного оборудования";"Каталог товаров";"да";"да";"да"
"/catalog/zapasnye-chasti-i-komplektuyushchie/zapchasti-dlya-drobilok/drobilki-konusnye/ksd-1200-i-kmd-1200/vorotnik-koltsa-reguliruyushchego-1-124589-ksd-1200-kmd-1200/";"200";"Воротник кольца регулирующего 1-124589 КСД-1200 (КМД-1200) от Завода ДСО";"Завод ДСО предлагает воротник кольца регулирующего 1-124589 ксд-1200 (кмд-1200) в Челябинске";"Воротник кольца регулирующего 1-124589 КСД-1200 (КМД-1200)";"да";"да";"нет"
"/catalog/zapasnye-chasti-i-komplektuyushchie/zapchasti-dlya-drobilok/drobilki-konusnye/ksd-1200-i-kmd-1200/vtulka-konusnaya-nizhnyaya-3-246446-ksd-1200-kmd-1200/";"200";"Втулка конусная нижняя 3-246446 КСД-1200 (КМД-1200) от Завода ДСО";"Завод ДСО предлагает втулка конусная нижняя 3-246446 ксд-1200 (кмд-1200) в Челябинске";"Втулка конусная нижняя 3-246446 КСД-1200 (КМД-1200)";"да";"да";"нет"
"/catalog/zapasnye-chasti-i-komplektuyushchie/zapchasti-dlya-drobilok/drobilki-konusnye/ksd-1200-i-kmd-1200/vtulka-konusnaya-tselnaya-3-135366-ksd-1200-kmd-1200/";"200";"Каталог товаров - Завод дробильно-сортировочного оборудования";"Поставка оборудования, запасных частей и расходных материалов для дробильно-сортировочного, горно-добывающего и дорожно-строительного оборудования";"Каталог товаров";"да";"да";"да"
"/catalog/zapasnye-chasti-i-komplektuyushchie/zapchasti-dlya-drobilok/drobilki-konusnye/ksd-1200-i-kmd-1200/vtulka-konusnaya-verkhnyaya-2-125914-ksd-1200-kmd-1200/";"200";"Каталог товаров - Завод дробильно-сортировочного оборудования";"Поставка оборудования, запасных частей и расходных материалов для дробильно-сортировочного, горно-добывающего и дорожно-строительного оборудования";"Каталог товаров";"да";"да";"да"
"/catalog/zapasnye-chasti-i-komplektuyushchie/zapchasti-dlya-drobilok/drobilki-konusnye/ksd-1200-i-kmd-1200/vtulka-predokhranitelnaya-2-76828-ksd-1200-kmd-1200/";"200";"Каталог товаров - Завод дробильно-сортировочного оборудования";"Поставка оборудования, запасных частей и расходных материалов для дробильно-сортировочного, горно-добывающего и дорожно-строительного оборудования";"Каталог товаров";"да";"да";"да"
"/catalog/zapasnye-chasti-i-komplektuyushchie/zapchasti-dlya-drobilok/drobilki-konusnye/ksd-1200-i-kmd-1200/vtulka-privoda-4-248264-ksd-1200-kmd-1200/";"200";"Каталог товаров - Завод дробильно-сортировочного оборудования";"Поставка оборудования, запасных частей и расходных материалов для дробильно-сортировочного, горно-добывающего и дорожно-строительного оборудования";"Каталог товаров";"да";"да";"да"
"/catalog/zapasnye-chasti-i-komplektuyushchie/zapchasti-dlya-drobilok/drobilki-konusnye/ksd-1200-i-kmd-1200/vtulka-promezhutochnaya-2-105518-kmd-1200gr-i-kmd-1200t/";"200";"Каталог товаров - Завод дробильно-сортировочного оборудования";"Поставка оборудования, запасных частей и расходных материалов для дробильно-сортировочного, горно-добывающего и дорожно-строительного оборудования";"Каталог товаров";"да";"да";"да"
"/catalog/zapasnye-chasti-i-komplektuyushchie/zapchasti-dlya-drobilok/drobilki-konusnye/ksd-1200-i-kmd-1200/vtulka-promezhutochnaya-4-490679-ksd-1200gr-i-ksd-1200t/";"200";"Втулка промежуточная 4-490679 КСД-1200Гр и КСД-1200Т от Завода ДСО";"Завод ДСО предлагает Втулка промежуточная 4-490679 КСД-1200Гр и КСД-1200Т в Челябинске";"Втулка промежуточная 4-490679 КСД-1200Гр и КСД-1200Т";"да";"да";"нет"
"/catalog/zapasnye-chasti-i-komplektuyushchie/zapchasti-dlya-drobilok/drobilki-konusnye/ksd-1200-i-kmd-1200/vtulka-tsilindricheskaya-nizhnyaya-3-137609-ksd-1200-kmd-1200/";"200";"Втулка цилиндрическая нижняя 3-137609 КСД-1200 (КМД-1200) от Завода ДСО";"Завод ДСО предлагает втулка цилиндрическая нижняя 3-137609 ксд-1200 (кмд-1200) в Челябинске";"Втулка цилиндрическая нижняя 3-137609 КСД-1200 (КМД-1200)";"да";"да";"нет"
"/catalog/zapasnye-chasti-i-komplektuyushchie/zapchasti-dlya-drobilok/drobilki-konusnye/ksd-1200-i-kmd-1200/vtulka-tsilindricheskaya-verkhnyaya-3-212493-ksd-1200-kmd-1200/";"200";"Втулка цилиндрическая верхняя 3-212493 КСД-1200 (КМД-1200) от Завода ДСО";"Завод ДСО предлагает втулка цилиндрическая верхняя 3-212493 ксд-1200 (кмд-1200) в Челябинске";"Втулка цилиндрическая верхняя 3-212493 КСД-1200 (КМД-1200)";"да";"да";"нет"
"/catalog/zapasnye-chasti-i-komplektuyushchie/zapchasti-dlya-drobilok/drobilki-konusnye/smd-120a-ksd-900/";"";"";"";"";"нет";"да";"нет"
"/catalog/zapasnye-chasti-i-komplektuyushchie/zapchasti-dlya-drobilok/drobilki-konusnye/smd-120a-ksd-900/bunker-nepodvizhnogo-konusa-ksd-900-1051002100/";"200";"Бункер неподвижного конуса КСД-900 1051002100 от Завода ДСО";"Завод ДСО предлагает бункер неподвижного конуса ксд-900 1051002100 в Челябинске";"Бункер неподвижного конуса КСД-900 1051002100";"да";"да";"нет"
"/catalog/zapasnye-chasti-i-komplektuyushchie/zapchasti-dlya-drobilok/drobilki-konusnye/smd-120a-ksd-900/disk-verkhniy-4844205003-ksd-900/";"200";"Каталог товаров - Завод дробильно-сортировочного оборудования";"Поставка оборудования, запасных частей и расходных материалов для дробильно-сортировочного, горно-добывающего и дорожно-строительного оборудования";"Каталог товаров";"да";"да";"да"
"/catalog/zapasnye-chasti-i-komplektuyushchie/zapchasti-dlya-drobilok/drobilki-konusnye/smd-120a-ksd-900/elektrodvigatel-a250m6-smd-120a-ksd-900/";"200";"Электродвигатель А250М6 СМД-120А (КСД-900) от Завода ДСО";"Завод ДСО предлагает электродвигатель а250м6 смд-120а (ксд-900) в Челябинске";"Электродвигатель А250М6 СМД-120А (КСД-900)";"да";"да";"нет"
"/catalog/zapasnye-chasti-i-komplektuyushchie/zapchasti-dlya-drobilok/drobilki-konusnye/smd-120a-ksd-900/elektrodvigatel-a280s6-smd-120at-kmd-900/";"200";"Электродвигатель А280S6 СМД-120Ат (КМД-900) от Завода ДСО";"Завод ДСО предлагает электродвигатель а280s6 смд-120ат (кмд-900) в Челябинске";"Электродвигатель А280S6 СМД-120Ат (КМД-900)";"да";"да";"нет"
"/catalog/zapasnye-chasti-i-komplektuyushchie/zapchasti-dlya-drobilok/drobilki-konusnye/smd-120a-ksd-900/futerovka-4856001013-smd-120a-ksd-900/";"200";"Футеровка 4856001013 СМД-120А (КСД-900) от Завода ДСО";"Завод ДСО предлагает футеровка 4856001013 смд-120а (ксд-900) в Челябинске";"Футеровка 4856001013 СМД-120А (КСД-900)";"да";"да";"нет"
"/catalog/zapasnye-chasti-i-komplektuyushchie/zapchasti-dlya-drobilok/drobilki-konusnye/smd-120a-ksd-900/futerovka-privoda-4844206009-ksd-900/";"200";"Каталог товаров - Завод дробильно-сортировочного оборудования";"Поставка оборудования, запасных частей и расходных материалов для дробильно-сортировочного, горно-добывающего и дорожно-строительного оборудования";"Каталог товаров";"да";"да";"да"
"/catalog/zapasnye-chasti-i-komplektuyushchie/zapchasti-dlya-drobilok/drobilki-konusnye/smd-120a-ksd-900/gayka-4844203004-smd-120a-ksd-900/";"200";"Гайка 4844203004 СМД-120А (КСД-900) от Завода ДСО";"Завод ДСО предлагает гайка 4844203004 смд-120а (ксд-900) в Челябинске";"Гайка 4844203004 СМД-120А (КСД-900)";"да";"да";"нет"
"/catalog/zapasnye-chasti-i-komplektuyushchie/zapchasti-dlya-drobilok/drobilki-konusnye/smd-120a-ksd-900/gayka-shlitsevaya-1051003004-smd-120at-kmd-900/";"200";"Гайка шлицевая 1051003004 СМД-120Ат (КМД-900) от Завода ДСО";"Завод ДСО предлагает гайка шлицевая 1051003004 смд-120ат (кмд-900) в Челябинске";"Гайка шлицевая 1051003004 СМД-120Ат (КМД-900)";"да";"да";"нет"
"/catalog/zapasnye-chasti-i-komplektuyushchie/zapchasti-dlya-drobilok/drobilki-konusnye/smd-120a-ksd-900/karter-privoda-4844206001-ksd-900/";"200";"Картер привода 4844206001 КСД-900 от Завода ДСО";"Завод ДСО предлагает Картер привода 4844206001 КСД-900 в Челябинске";"Картер привода 4844206001 КСД-900";"да";"да";"нет"
"/catalog/zapasnye-chasti-i-komplektuyushchie/zapchasti-dlya-drobilok/drobilki-konusnye/smd-120a-ksd-900/khomut-4830505100/";"200";"Хомут 4830505100 от Завода ДСО";"Завод ДСО предлагает хомут 4830505100 в Челябинске";"Хомут 4830505100";"да";"да";"нет"
"/catalog/zapasnye-chasti-i-komplektuyushchie/zapchasti-dlya-drobilok/drobilki-konusnye/smd-120a-ksd-900/koltso-privoda-4844206007-ksd-900/";"200";"Кольцо привода 4844206007 КСД-900 от Завода ДСО";"Завод ДСО предлагает Кольцо привода 4844206007 КСД-900 в Челябинске";"Кольцо привода 4844206007 КСД-900";"да";"да";"нет"
"/catalog/zapasnye-chasti-i-komplektuyushchie/zapchasti-dlya-drobilok/drobilki-konusnye/smd-120a-ksd-900/koltso-rezbovoe-4844201007-smd-120a-ksd-900/";"200";"Кольцо резьбовое 4844201007 СМД-120А (КСД-900) от Завода ДСО";"Завод ДСО предлагает кольцо резьбовое 4844201007 смд-120а (ксд-900) в Челябинске";"Кольцо резьбовое 4844201007 СМД-120А (КСД-900)";"да";"да";"нет"
"/catalog/zapasnye-chasti-i-komplektuyushchie/zapchasti-dlya-drobilok/drobilki-konusnye/smd-120a-ksd-900/koltso-rezinovoe-privoda-390-400-58-gost-9833-ksd-900/";"200";"Кольцо резиновое привода 390-400-58 ГОСТ 9833 КСД-900 от Завода ДСО";"Завод ДСО предлагает Кольцо резиновое привода 390-400-58 ГОСТ 9833 КСД-900 в Челябинске";"Кольцо резиновое привода 390-400-58 ГОСТ 9833 КСД-900";"да";"да";"нет"
"/catalog/zapasnye-chasti-i-komplektuyushchie/zapchasti-dlya-drobilok/drobilki-konusnye/smd-120a-ksd-900/kontrgayka-ksd-900-4844202012/";"200";"Контргайка КСД-900 4844202012 от Завода ДСО";"Завод ДСО предлагает контргайка ксд-900 4844202012 в Челябинске";"Контргайка КСД-900 4844202012";"да";"да";"нет"
"/catalog/zapasnye-chasti-i-komplektuyushchie/zapchasti-dlya-drobilok/drobilki-konusnye/smd-120a-ksd-900/konus-drobyashchiy-nepodvizhnyy-sb-1051002000-20-smd-120a-ksd-900/";"200";"Конус дробящий неподвижный СБ 1051002000-20 СМД-120А (КСД-900) от Завода ДСО";"Завод ДСО предлагает конус дробящий неподвижный сб 1051002000-20 смд-120а (ксд-900) в Челябинске";"Конус дробящий неподвижный СБ 1051002000-20 СМД-120А (КСД-900)";"да";"да";"нет"
"/catalog/zapasnye-chasti-i-komplektuyushchie/zapchasti-dlya-drobilok/drobilki-konusnye/smd-120a-ksd-900/konus-drobyashchiy-nepodvizhnyy-sb-1051004000-40-smd-120at-kmd-900/";"200";"Каталог товаров - Завод дробильно-сортировочного оборудования";"Поставка оборудования, запасных частей и расходных материалов для дробильно-сортировочного, горно-добывающего и дорожно-строительного оборудования";"Каталог товаров";"да";"да";"да"
"/catalog/zapasnye-chasti-i-komplektuyushchie/zapchasti-dlya-drobilok/drobilki-konusnye/smd-120a-ksd-900/konus-drobyashchiy-podvizhnyy-sb-1051005000-smd-120at-kmd-900/";"200";"Каталог товаров - Завод дробильно-сортировочного оборудования";"Поставка оборудования, запасных частей и расходных материалов для дробильно-сортировочного, горно-добывающего и дорожно-строительного оборудования";"Каталог товаров";"да";"да";"да"
"/catalog/zapasnye-chasti-i-komplektuyushchie/zapchasti-dlya-drobilok/drobilki-konusnye/smd-120a-ksd-900/konus-drobyashchiy-podvizhnyy-sb-4844203000-smd-120a-ksd-900/";"200";"Конус дробящий подвижный СБ 4844203000 СМД-120А (КСД-900) от Завода ДСО";"Завод ДСО предлагает конус дробящий подвижный сб 4844203000 смд-120а (ксд-900) в Челябинске";"Конус дробящий подвижный СБ 4844203000 СМД-120А (КСД-900)";"да";"да";"нет"
"/catalog/zapasnye-chasti-i-komplektuyushchie/zapchasti-dlya-drobilok/drobilki-konusnye/smd-120a-ksd-900/konus-nepodvizhnyy-bronya-smd-120a-ksd-900-1051002003/";"200";"Каталог товаров - Завод дробильно-сортировочного оборудования";"Поставка оборудования, запасных частей и расходных материалов для дробильно-сортировочного, горно-добывающего и дорожно-строительного оборудования";"Каталог товаров";"да";"да";"да"
"/catalog/zapasnye-chasti-i-komplektuyushchie/zapchasti-dlya-drobilok/drobilki-konusnye/smd-120a-ksd-900/konus-nepodvizhnyy-bronya-smd-120at-kmd-900-1051004001/";"200";"Конус неподвижный (броня) СМД-120Ат (КМД-900) 1051004001 от Завода ДСО";"Завод ДСО предлагает конус неподвижный (броня) смд-120ат (кмд-900) 1051004001 в Челябинске";"Конус неподвижный (броня) СМД-120Ат (КМД-900) 1051004001";"да";"да";"нет"
"/catalog/zapasnye-chasti-i-komplektuyushchie/zapchasti-dlya-drobilok/drobilki-konusnye/smd-120a-ksd-900/konus-nesushchiy-4844203012-ksd-900/";"200";"Каталог товаров - Завод дробильно-сортировочного оборудования";"Поставка оборудования, запасных частей и расходных материалов для дробильно-сортировочного, горно-добывающего и дорожно-строительного оборудования";"Каталог товаров";"да";"да";"да"
"/catalog/zapasnye-chasti-i-komplektuyushchie/zapchasti-dlya-drobilok/drobilki-konusnye/smd-120a-ksd-900/konus-podvizhnyy-bronya-smd-120a-ksd-900-4844203002/";"200";"Конус подвижный (броня) СМД-120А (КСД-900) 4844203002 от Завода ДСО";"Завод ДСО предлагает конус подвижный (броня) смд-120а (ксд-900) 4844203002 в Челябинске";"Конус подвижный (броня) СМД-120А (КСД-900) 4844203002";"да";"да";"нет"
"/catalog/zapasnye-chasti-i-komplektuyushchie/zapchasti-dlya-drobilok/drobilki-konusnye/smd-120a-ksd-900/konus-podvizhnyy-bronya-smd-120at-kmd-900-1051005001/";"200";"Конус подвижный (броня) СМД-120Ат (КМД-900) 1051005001 от Завода ДСО";"Завод ДСО предлагает конус подвижный (броня) смд-120ат (кмд-900) 1051005001 в Челябинске";"Конус подвижный (броня) СМД-120Ат (КМД-900) 1051005001";"да";"да";"нет"
"/catalog/zapasnye-chasti-i-komplektuyushchie/zapchasti-dlya-drobilok/drobilki-konusnye/smd-120a-ksd-900/korpus-nepodvizhnogo-konusa-1051002001-ksd-900/";"200";"Корпус неподвижного конуса 1051002001 КСД-900 от Завода ДСО";"Завод ДСО предлагает корпус неподвижного конуса 1051002001 ксд-900 в Челябинске";"Корпус неподвижного конуса 1051002001 КСД-900";"да";"да";"нет"
"/catalog/zapasnye-chasti-i-komplektuyushchie/zapchasti-dlya-drobilok/drobilki-konusnye/smd-120a-ksd-900/korpus-opory-4844204002-ksd-900/";"200";"Корпус опоры 4844204002 КСД-900 от Завода ДСО";"Завод ДСО предлагает корпус опоры 4844204002 ксд-900 в Челябинске";"Корпус опоры 4844204002 КСД-900";"да";"да";"нет"
"/catalog/zapasnye-chasti-i-komplektuyushchie/zapchasti-dlya-drobilok/drobilki-konusnye/smd-120a-ksd-900/korpus-sb-1051001000/";"200";"Корпус СБ 1051001000 от Завода ДСО";"Завод ДСО предлагает корпус сб 1051001000 в Челябинске";"Корпус СБ 1051001000";"да";"да";"нет"
"/catalog/zapasnye-chasti-i-komplektuyushchie/zapchasti-dlya-drobilok/drobilki-konusnye/smd-120a-ksd-900/korpus-ustanovochnyy-ksd-900-1051002500/";"200";"Корпус установочный КСД-900 1051002500 от Завода ДСО";"Завод ДСО предлагает корпус установочный ксд-900 1051002500 в Челябинске";"Корпус установочный КСД-900 1051002500";"да";"да";"нет"
"/catalog/zapasnye-chasti-i-komplektuyushchie/zapchasti-dlya-drobilok/drobilki-konusnye/smd-120a-ksd-900/kozhukh-drobyashchiy-1051005002-smd-120at-kmd-900/";"200";"Каталог товаров - Завод дробильно-сортировочного оборудования";"Поставка оборудования, запасных частей и расходных материалов для дробильно-сортировочного, горно-добывающего и дорожно-строительного оборудования";"Каталог товаров";"да";"да";"да"
"/catalog/zapasnye-chasti-i-komplektuyushchie/zapchasti-dlya-drobilok/drobilki-konusnye/smd-120a-ksd-900/kozhukh-drobyashchiy-4844203003-smd-120a-ksd-900/";"200";"Каталог товаров - Завод дробильно-сортировочного оборудования";"Поставка оборудования, запасных частей и расходных материалов для дробильно-сортировочного, горно-добывающего и дорожно-строительного оборудования";"Каталог товаров";"да";"да";"да"
"/catalog/zapasnye-chasti-i-komplektuyushchie/zapchasti-dlya-drobilok/drobilki-konusnye/smd-120a-ksd-900/kryshka-podpyatnika-4844201008-smd-120a-ksd-900/";"200";"Каталог товаров - Завод дробильно-сортировочного оборудования";"Поставка оборудования, запасных частей и расходных материалов для дробильно-сортировочного, горно-добывающего и дорожно-строительного оборудования";"Каталог товаров";"да";"да";"да"
"/catalog/zapasnye-chasti-i-komplektuyushchie/zapchasti-dlya-drobilok/drobilki-konusnye/smd-120a-ksd-900/kryshka-privoda-4844206004-10-ksd-900/";"200";"Каталог товаров - Завод дробильно-сортировочного оборудования";"Поставка оборудования, запасных частей и расходных материалов для дробильно-сортировочного, горно-добывающего и дорожно-строительного оборудования";"Каталог товаров";"да";"да";"да"
"/catalog/zapasnye-chasti-i-komplektuyushchie/zapchasti-dlya-drobilok/drobilki-konusnye/smd-120a-ksd-900/manzheta-1-2-110-135-2-gost-8752/";"200";"Каталог товаров - Завод дробильно-сортировочного оборудования";"Поставка оборудования, запасных частей и расходных материалов для дробильно-сортировочного, горно-добывающего и дорожно-строительного оборудования";"Каталог товаров";"да";"да";"да"
"/catalog/zapasnye-chasti-i-komplektuyushchie/zapchasti-dlya-drobilok/drobilki-konusnye/smd-120a-ksd-900/palets-4830506006-ksd-900/";"200";"Палец 4830506006 КСД-900 от Завода ДСО";"Завод ДСО предлагает Палец 4830506006 КСД-900 в Челябинске";"Палец 4830506006 КСД-900";"да";"да";"нет"
"/catalog/zapasnye-chasti-i-komplektuyushchie/zapchasti-dlya-drobilok/drobilki-konusnye/smd-120a-ksd-900/planka-stopornaya-ksd-900-1051002009/";"200";"Планка стопорная КСД-900 1051002009 от Завода ДСО";"Завод ДСО предлагает планка стопорная ксд-900 1051002009 в Челябинске";"Планка стопорная КСД-900 1051002009";"да";"да";"нет"
"/catalog/zapasnye-chasti-i-komplektuyushchie/zapchasti-dlya-drobilok/drobilki-konusnye/smd-120a-ksd-900/plita-podpyatnika-4856006015-ksd-900/";"200";"Каталог товаров - Завод дробильно-сортировочного оборудования";"Поставка оборудования, запасных частей и расходных материалов для дробильно-сортировочного, горно-добывающего и дорожно-строительного оборудования";"Каталог товаров";"да";"да";"да"
"/catalog/zapasnye-chasti-i-komplektuyushchie/zapchasti-dlya-drobilok/drobilki-konusnye/smd-120a-ksd-900/podpyatnik-sfericheskiy-4844204001-ksd-900/";"200";"Подпятник сферический 4844204001 КСД-900 от Завода ДСО";"Завод ДСО предлагает подпятник сферический 4844204001 ксд-900 в Челябинске";"Подпятник сферический 4844204001 КСД-900";"да";"да";"нет"
"/catalog/zapasnye-chasti-i-komplektuyushchie/zapchasti-dlya-drobilok/drobilki-konusnye/smd-120a-ksd-900/podshipnik-30-53620n-gost-5721/";"200";"Каталог товаров - Завод дробильно-сортировочного оборудования";"Поставка оборудования, запасных частей и расходных материалов для дробильно-сортировочного, горно-добывающего и дорожно-строительного оборудования";"Каталог товаров";"да";"да";"да"
"/catalog/zapasnye-chasti-i-komplektuyushchie/zapchasti-dlya-drobilok/drobilki-konusnye/smd-120a-ksd-900/podshipnik-7522/";"200";"Подшипник 7522 от Завода ДСО";"Завод ДСО предлагает Подшипник 7522 в Челябинске";"Подшипник 7522";"да";"да";"нет"
"/catalog/zapasnye-chasti-i-komplektuyushchie/zapchasti-dlya-drobilok/drobilki-konusnye/smd-120a-ksd-900/postel-ksd-900-sb-4844204000/";"200";"Постель КСД-900 СБ 4844204000 от Завода ДСО";"Завод ДСО предлагает постель ксд-900 сб 4844204000 в Челябинске";"Постель КСД-900 СБ 4844204000";"да";"да";"нет"
"/catalog/zapasnye-chasti-i-komplektuyushchie/zapchasti-dlya-drobilok/drobilki-konusnye/smd-120a-ksd-900/privod-drobilki-smd-120a-1051013000/";"200";"Каталог товаров - Завод дробильно-сортировочного оборудования";"Поставка оборудования, запасных частей и расходных материалов для дробильно-сортировочного, горно-добывающего и дорожно-строительного оборудования";"Каталог товаров";"да";"да";"да"
"/catalog/zapasnye-chasti-i-komplektuyushchie/zapchasti-dlya-drobilok/drobilki-konusnye/smd-120a-ksd-900/privod-drobilki-smd-120at-1051013000-30/";"200";"Каталог товаров - Завод дробильно-сортировочного оборудования";"Поставка оборудования, запасных частей и расходных материалов для дробильно-сортировочного, горно-добывающего и дорожно-строительного оборудования";"Каталог товаров";"да";"да";"да"
"/catalog/zapasnye-chasti-i-komplektuyushchie/zapchasti-dlya-drobilok/drobilki-konusnye/smd-120a-ksd-900/privod-sb-484420600-ksd-900/";"200";"Привод СБ 484420600 КСД-900 от Завода ДСО";"Завод ДСО предлагает привод сб 484420600 ксд-900 в Челябинске";"Привод СБ 484420600 КСД-900";"да";"да";"нет"
"/catalog/zapasnye-chasti-i-komplektuyushchie/zapchasti-dlya-drobilok/drobilki-konusnye/smd-120a-ksd-900/prokladka-1051003006-smd-120at-kmd-900/";"200";"Прокладка 1051003006 СМД-120Ат (КМД-900) от Завода ДСО";"Завод ДСО предлагает прокладка 1051003006 смд-120ат (кмд-900) в Челябинске";"Прокладка 1051003006 СМД-120Ат (КМД-900)";"да";"да";"нет"
"/catalog/zapasnye-chasti-i-komplektuyushchie/zapchasti-dlya-drobilok/drobilki-konusnye/smd-120a-ksd-900/prokladka-4856006013-ksd-900/";"200";"Каталог товаров - Завод дробильно-сортировочного оборудования";"Поставка оборудования, запасных частей и расходных материалов для дробильно-сортировочного, горно-добывающего и дорожно-строительного оборудования";"Каталог товаров";"да";"да";"да"
"/catalog/zapasnye-chasti-i-komplektuyushchie/zapchasti-dlya-drobilok/drobilki-konusnye/smd-120a-ksd-900/prokladka-privoda-4844206005-ksd-900/";"200";"Каталог товаров - Завод дробильно-сортировочного оборудования";"Поставка оборудования, запасных частей и расходных материалов для дробильно-сортировочного, горно-добывающего и дорожно-строительного оборудования";"Каталог товаров";"да";"да";"да"
"/catalog/zapasnye-chasti-i-komplektuyushchie/zapchasti-dlya-drobilok/drobilki-konusnye/smd-120a-ksd-900/pruzhina-4856001018-smd-120a-ksd-900/";"200";"Каталог товаров - Завод дробильно-сортировочного оборудования";"Поставка оборудования, запасных частей и расходных материалов для дробильно-сортировочного, горно-добывающего и дорожно-строительного оборудования";"Каталог товаров";"да";"да";"да"
"/catalog/zapasnye-chasti-i-komplektuyushchie/zapchasti-dlya-drobilok/drobilki-konusnye/smd-120a-ksd-900/remen-klinovoy-d-g-5000-gost-1284-1/";"200";"Ремень клиновой Д(Г)-5000 ГОСТ 1284.1 от Завода ДСО";"Завод ДСО предлагает ремень клиновой д(г)-5000 гост 1284.1 в Челябинске";"Ремень клиновой Д(Г)-5000 ГОСТ 1284.1";"да";"да";"нет"
"/catalog/zapasnye-chasti-i-komplektuyushchie/zapchasti-dlya-drobilok/drobilki-konusnye/smd-120a-ksd-900/salazki-smd-120a-4845008100-20/";"200";"Салазки СМД-120А 4845008100-20 от Завода ДСО";"Завод ДСО предлагает салазки смд-120а 4845008100-20 в Челябинске";"Салазки СМД-120А 4845008100-20";"да";"да";"нет"
"/catalog/zapasnye-chasti-i-komplektuyushchie/zapchasti-dlya-drobilok/drobilki-konusnye/smd-120a-ksd-900/salazki-smd-120at-4845008100-30/";"200";"Салазки СМД-120Ат 4845008100-30 от Завода ДСО";"Завод ДСО предлагает салазки смд-120ат 4845008100-30 в Челябинске";"Салазки СМД-120Ат 4845008100-30";"да";"да";"нет"
"/catalog/zapasnye-chasti-i-komplektuyushchie/zapchasti-dlya-drobilok/drobilki-konusnye/smd-120a-ksd-900/sektor-klinovoy-4844203005-smd-120a-ksd-900/";"200";"Каталог товаров - Завод дробильно-сортировочного оборудования";"Поставка оборудования, запасных частей и расходных материалов для дробильно-сортировочного, горно-добывающего и дорожно-строительного оборудования";"Каталог товаров";"да";"да";"да"
"/catalog/zapasnye-chasti-i-komplektuyushchie/zapchasti-dlya-drobilok/drobilki-konusnye/smd-120a-ksd-900/shayba-tekstolitovaya-4856006005-ksd-900/";"200";"Каталог товаров - Завод дробильно-сортировочного оборудования";"Поставка оборудования, запасных частей и расходных материалов для дробильно-сортировочного, горно-добывающего и дорожно-строительного оборудования";"Каталог товаров";"да";"да";"да"
"/catalog/zapasnye-chasti-i-komplektuyushchie/zapchasti-dlya-drobilok/drobilki-konusnye/smd-120a-ksd-900/shesternya-konicheskaya-4830506001-ksd-900/";"200";"Шестерня коническая 4830506001 КСД-900 от Завода ДСО";"Завод ДСО предлагает шестерня коническая 4830506001 ксд-900 в Челябинске";"Шестерня коническая 4830506001 КСД-900";"да";"да";"нет"
"/catalog/zapasnye-chasti-i-komplektuyushchie/zapchasti-dlya-drobilok/drobilki-konusnye/smd-120a-ksd-900/shesternya-konicheskaya-4856007024-ksd-900/";"200";"Шестерня коническая 4856007024 КСД-900 от Завода ДСО";"Завод ДСО предлагает Шестерня коническая 4856007024 КСД-900 в Челябинске";"Шестерня коническая 4856007024 КСД-900";"да";"да";"нет"
"/catalog/zapasnye-chasti-i-komplektuyushchie/zapchasti-dlya-drobilok/drobilki-konusnye/smd-120a-ksd-900/shkiv-elektrodvigatelya-smd-120a-1051000003/";"200";"Шкив электродвигателя СМД-120А 1051000003 от Завода ДСО";"Завод ДСО предлагает шкив электродвигателя смд-120а 1051000003 в Челябинске";"Шкив электродвигателя СМД-120А 1051000003";"да";"да";"нет"
"/catalog/zapasnye-chasti-i-komplektuyushchie/zapchasti-dlya-drobilok/drobilki-konusnye/smd-120a-ksd-900/shkiv-elektrodvigatelya-smd-120at-1062301201/";"200";"Каталог товаров - Завод дробильно-сортировочного оборудования";"Поставка оборудования, запасных частей и расходных материалов для дробильно-сортировочного, горно-добывающего и дорожно-строительного оборудования";"Каталог товаров";"да";"да";"да"
"/catalog/zapasnye-chasti-i-komplektuyushchie/zapchasti-dlya-drobilok/drobilki-konusnye/smd-120a-ksd-900/shkiv-privoda-4844206003-ksd-900/";"200";"Каталог товаров - Завод дробильно-сортировочного оборудования";"Поставка оборудования, запасных частей и расходных материалов для дробильно-сортировочного, горно-добывающего и дорожно-строительного оборудования";"Каталог товаров";"да";"да";"да"
"/catalog/zapasnye-chasti-i-komplektuyushchie/zapchasti-dlya-drobilok/drobilki-konusnye/smd-120a-ksd-900/shponka-4830504008-ksd-900/";"200";"Каталог товаров - Завод дробильно-сортировочного оборудования";"Поставка оборудования, запасных частей и расходных материалов для дробильно-сортировочного, горно-добывающего и дорожно-строительного оборудования";"Каталог товаров";"да";"да";"да"
"/catalog/zapasnye-chasti-i-komplektuyushchie/zapchasti-dlya-drobilok/drobilki-konusnye/smd-120a-ksd-900/shponka-4844201003-smd-120a-ksd-900/";"200";"Каталог товаров - Завод дробильно-сортировочного оборудования";"Поставка оборудования, запасных частей и расходных материалов для дробильно-сортировочного, горно-добывающего и дорожно-строительного оборудования";"Каталог товаров";"да";"да";"да"
"/catalog/zapasnye-chasti-i-komplektuyushchie/zapchasti-dlya-drobilok/drobilki-konusnye/smd-120a-ksd-900/shponka-4856001028-smd-120a-ksd-900/";"200";"Каталог товаров - Завод дробильно-сортировочного оборудования";"Поставка оборудования, запасных частей и расходных материалов для дробильно-сортировочного, горно-добывающего и дорожно-строительного оборудования";"Каталог товаров";"да";"да";"да"
"/catalog/zapasnye-chasti-i-komplektuyushchie/zapchasti-dlya-drobilok/drobilki-konusnye/smd-120a-ksd-900/shponka-spetsialnaya-4830506017-ksd-900/";"200";"Каталог товаров - Завод дробильно-сортировочного оборудования";"Поставка оборудования, запасных частей и расходных материалов для дробильно-сортировочного, горно-добывающего и дорожно-строительного оборудования";"Каталог товаров";"да";"да";"да"
"/catalog/zapasnye-chasti-i-komplektuyushchie/zapchasti-dlya-drobilok/drobilki-konusnye/smd-120a-ksd-900/skoba-smd-120a-ksd-900-1051002004/";"200";"Скоба СМД-120А (КСД-900) 1051002004 от Завода ДСО";"Завод ДСО предлагает скоба смд-120а (ксд-900) 1051002004 в Челябинске";"Скоба СМД-120А (КСД-900) 1051002004";"да";"да";"нет"
"/catalog/zapasnye-chasti-i-komplektuyushchie/zapchasti-dlya-drobilok/drobilki-konusnye/smd-120a-ksd-900/stakan-4844203007-smd-120a-ksd-900/";"200";"Стакан 4844203007 СМД-120А (КСД-900) от Завода ДСО";"Завод ДСО предлагает стакан 4844203007 смд-120а (ксд-900) в Челябинске";"Стакан 4844203007 СМД-120А (КСД-900)";"да";"да";"нет"
"/catalog/zapasnye-chasti-i-komplektuyushchie/zapchasti-dlya-drobilok/drobilki-konusnye/smd-120a-ksd-900/stakan-privoda-4844206008-ksd-900/";"200";"Стакан привода 4844206008 КСД-900 от Завода ДСО";"Завод ДСО предлагает Стакан привода 4844206008 КСД-900 в Челябинске";"Стакан привода 4844206008 КСД-900";"да";"да";"нет"
"/catalog/zapasnye-chasti-i-komplektuyushchie/zapchasti-dlya-drobilok/drobilki-konusnye/smd-120a-ksd-900/stanina-4844201001-smd-120a-ksd-900/";"200";"Станина 4844201001 СМД-120А (КСД-900) от Завода ДСО";"Завод ДСО предлагает станина 4844201001 смд-120а (ксд-900) в Челябинске";"Станина 4844201001 СМД-120А (КСД-900)";"да";"да";"нет"
"/catalog/zapasnye-chasti-i-komplektuyushchie/zapchasti-dlya-drobilok/drobilki-konusnye/smd-120a-ksd-900/stantsiya-smazki-maslostantsiya-ksd-900-4844212000-10/";"200";"Каталог товаров - Завод дробильно-сортировочного оборудования";"Поставка оборудования, запасных частей и расходных материалов для дробильно-сортировочного, горно-добывающего и дорожно-строительного оборудования";"Каталог товаров";"да";"да";"да"
"/catalog/zapasnye-chasti-i-komplektuyushchie/zapchasti-dlya-drobilok/drobilki-konusnye/smd-120a-ksd-900/stopor-4844201005-smd-120a-ksd-900/";"200";"Стопор 4844201005 СМД-120А (КСД-900) от Завода ДСО";"Завод ДСО предлагает стопор 4844201005 смд-120а (ксд-900) в Челябинске";"Стопор 4844201005 СМД-120А (КСД-900)";"да";"да";"нет"
"/catalog/zapasnye-chasti-i-komplektuyushchie/zapchasti-dlya-drobilok/drobilki-konusnye/smd-120a-ksd-900/stopor-4844205005-ksd-900/";"200";"Стопор 4844205005 КСД-900 от Завода ДСО";"Завод ДСО предлагает стопор 4844205005 ксд-900 в Челябинске";"Стопор 4844205005 КСД-900";"да";"да";"нет"
"/catalog/zapasnye-chasti-i-komplektuyushchie/zapchasti-dlya-drobilok/drobilki-konusnye/smd-120a-ksd-900/tarelka-pruzhiny-4856001800-smd-120a-ksd-900/";"200";"Тарелка пружины 4856001800 СМД-120А (КСД-900) от Завода ДСО";"Завод ДСО предлагает тарелка пружины 4856001800 смд-120а (ксд-900) в Челябинске";"Тарелка пружины 4856001800 СМД-120А (КСД-900)";"да";"да";"нет"
"/catalog/zapasnye-chasti-i-komplektuyushchie/zapchasti-dlya-drobilok/drobilki-konusnye/smd-120a-ksd-900/tarelka-raspredelitelnaya-1060103003-smd-120at-kmd-900/";"200";"Тарелка распределительная 1060103003 СМД-120Ат (КМД-900) от Завода ДСО";"Завод ДСО предлагает тарелка распределительная 1060103003 смд-120ат (кмд-900) в Челябинске";"Тарелка распределительная 1060103003 СМД-120Ат (КМД-900)";"да";"да";"нет"
"/catalog/zapasnye-chasti-i-komplektuyushchie/zapchasti-dlya-drobilok/drobilki-konusnye/smd-120a-ksd-900/tarelka-raspredelitelnaya-4844203008-smd-120a-ksd-900/";"200";"Тарелка распределительная 4844203008 СМД-120А (КСД-900) от Завода ДСО";"Завод ДСО предлагает тарелка распределительная 4844203008 смд-120а (ксд-900) в Челябинске";"Тарелка распределительная 4844203008 СМД-120А (КСД-900)";"да";"да";"нет"
"/catalog/zapasnye-chasti-i-komplektuyushchie/zapchasti-dlya-drobilok/drobilki-konusnye/smd-120a-ksd-900/truboprovod-napornyy-ksd-900-4844200300/";"200";"Трубопровод напорный КСД-900 4844200300 от Завода ДСО";"Завод ДСО предлагает трубопровод напорный ксд-900 4844200300 в Челябинске";"Трубопровод напорный КСД-900 4844200300";"да";"да";"нет"
"/catalog/zapasnye-chasti-i-komplektuyushchie/zapchasti-dlya-drobilok/drobilki-konusnye/smd-120a-ksd-900/truboprovod-slivnoy-ksd-900-4844200400/";"200";"Каталог товаров - Завод дробильно-сортировочного оборудования";"Поставка оборудования, запасных частей и расходных материалов для дробильно-сортировочного, горно-добывающего и дорожно-строительного оборудования";"Каталог товаров";"да";"да";"да"
"/catalog/zapasnye-chasti-i-komplektuyushchie/zapchasti-dlya-drobilok/drobilki-konusnye/smd-120a-ksd-900/ukho-ksd-900-1051002013/";"200";"Ухо КСД-900 1051002013 от Завода ДСО";"Завод ДСО предлагает ухо ксд-900 1051002013 в Челябинске";"Ухо КСД-900 1051002013";"да";"да";"нет"
"/catalog/zapasnye-chasti-i-komplektuyushchie/zapchasti-dlya-drobilok/drobilki-konusnye/smd-120a-ksd-900/val-ekstsentrikovyy-golyy-ksd-900-4844205001/";"200";"Каталог товаров - Завод дробильно-сортировочного оборудования";"Поставка оборудования, запасных частей и расходных материалов для дробильно-сортировочного, горно-добывающего и дорожно-строительного оборудования";"Каталог товаров";"да";"да";"да"
"/catalog/zapasnye-chasti-i-komplektuyushchie/zapchasti-dlya-drobilok/drobilki-konusnye/smd-120a-ksd-900/val-ekstsentrikovyy-ksd-900-sb-4844205000/";"200";"Вал эксцентриковый КСД-900 СБ 4844205000 от Завода ДСО";"Завод ДСО предлагает вал эксцентриковый ксд-900 сб 4844205000 в Челябинске";"Вал эксцентриковый КСД-900 СБ 4844205000";"да";"да";"нет"
"/catalog/zapasnye-chasti-i-komplektuyushchie/zapchasti-dlya-drobilok/drobilki-konusnye/smd-120a-ksd-900/val-gorizontalnyy-4844206002-ksd-900/";"200";"Вал горизонтальный 4844206002 КСД-900 от Завода ДСО";"Завод ДСО предлагает Вал горизонтальный 4844206002 КСД-900 в Челябинске";"Вал горизонтальный 4844206002 КСД-900";"да";"да";"нет"
"/catalog/zapasnye-chasti-i-komplektuyushchie/zapchasti-dlya-drobilok/drobilki-konusnye/smd-120a-ksd-900/val-vertikalnyy-golyy-smd-120a-ksd-900-4844203001/";"200";"Вал вертикальный голый СМД-120А (КСД-900) 4844203001 от Завода ДСО";"Завод ДСО предлагает вал вертикальный голый смд-120а (ксд-900) 4844203001 в Челябинске";"Вал вертикальный голый СМД-120А (КСД-900) 4844203001";"да";"да";"нет"
"/catalog/zapasnye-chasti-i-komplektuyushchie/zapchasti-dlya-drobilok/drobilki-konusnye/smd-120a-ksd-900/val-vertikalnyy-golyy-smd-120at-kmd-900-1051003001/";"200";"Вал вертикальный голый СМД-120Ат (КМД-900) 1051003001 от Завода ДСО";"Завод ДСО предлагает вал вертикальный голый смд-120ат (кмд-900) 1051003001 в Челябинске";"Вал вертикальный голый СМД-120Ат (КМД-900) 1051003001";"да";"да";"нет"
"/catalog/zapasnye-chasti-i-komplektuyushchie/zapchasti-dlya-drobilok/drobilki-konusnye/smd-120a-ksd-900/vintovoy-mekhanizm-sb-ksd-900-1051002400-10/";"200";"Каталог товаров - Завод дробильно-сортировочного оборудования";"Поставка оборудования, запасных частей и расходных материалов для дробильно-сортировочного, горно-добывающего и дорожно-строительного оборудования";"Каталог товаров";"да";"да";"да"
"/catalog/zapasnye-chasti-i-komplektuyushchie/zapchasti-dlya-drobilok/drobilki-konusnye/smd-120a-ksd-900/vintovoy-mekhanizm-sb-ksd-900-1051002400/";"200";"Винтовой механизм СБ КСД-900 1051002400 от Завода ДСО";"Завод ДСО предлагает винтовой механизм сб ксд-900 1051002400 в Челябинске";"Винтовой механизм СБ КСД-900 1051002400";"да";"да";"нет"
"/catalog/zapasnye-chasti-i-komplektuyushchie/zapchasti-dlya-drobilok/drobilki-konusnye/smd-120a-ksd-900/vorotnik-protivopylnyy-4830505003-ksd-900/";"200";"Воротник противопыльный 4830505003 КСД-900 от Завода ДСО";"Завод ДСО предлагает воротник противопыльный 4830505003 ксд-900 в Челябинске";"Воротник противопыльный 4830505003 КСД-900";"да";"да";"нет"
"/catalog/zapasnye-chasti-i-komplektuyushchie/zapchasti-dlya-drobilok/drobilki-konusnye/smd-120a-ksd-900/vtulka-konusnaya-nizhnyaya-4830506004-305-6-0-4-ksd-900/";"200";"Втулка конусная нижняя 4830506004 (305-6-0-4) КСД-900 от Завода ДСО";"Завод ДСО предлагает Втулка конусная нижняя 4830506004 (305-6-0-4) КСД-900 в Челябинске";"Втулка конусная нижняя 4830506004 (305-6-0-4) КСД-900";"да";"да";"нет"
"/catalog/zapasnye-chasti-i-komplektuyushchie/zapchasti-dlya-drobilok/drobilki-konusnye/smd-120a-ksd-900/vtulka-konusnaya-tselnaya-4844205002-ksd-900/";"200";"Втулка конусная цельная 4844205002 КСД-900 от Завода ДСО";"Завод ДСО предлагает втулка конусная цельная 4844205002 ксд-900 в Челябинске";"Втулка конусная цельная 4844205002 КСД-900";"да";"да";"нет"
"/catalog/zapasnye-chasti-i-komplektuyushchie/zapchasti-dlya-drobilok/drobilki-konusnye/smd-120a-ksd-900/vtulka-konusnaya-verkhnyaya-4830506003-305-6-0-3-ksd-900/";"200";"Втулка конусная верхняя 4830506003 (305-6-0-3) КСД-900 от Завода ДСО";"Завод ДСО предлагает Втулка конусная верхняя 4830506003 (305-6-0-3) КСД-900 в Челябинске";"Втулка конусная верхняя 4830506003 (305-6-0-3) КСД-900";"да";"да";"нет"
"/catalog/zapasnye-chasti-i-komplektuyushchie/zapchasti-dlya-drobilok/drobilki-konusnye/smd-120a-ksd-900/vtulka-privoda-4844206006-ksd-900/";"200";"Каталог товаров - Завод дробильно-сортировочного оборудования";"Поставка оборудования, запасных частей и расходных материалов для дробильно-сортировочного, горно-добывающего и дорожно-строительного оборудования";"Каталог товаров";"да";"да";"да"
"/catalog/zapasnye-chasti-i-komplektuyushchie/zapchasti-dlya-drobilok/drobilki-konusnye/smd-120a-ksd-900/vtulka-tsilindricheskaya-nizhnyaya-4830501003-305-1-0-3-ksd-900/";"200";"Втулка цилиндрическая нижняя 4830501003 (305-1-0-3) КСД-900 от Завода ДСО";"Завод ДСО предлагает втулка цилиндрическая нижняя 4830501003 (305-1-0-3) ксд-900 в Челябинске";"Втулка цилиндрическая нижняя 4830501003 (305-1-0-3) КСД-900";"да";"да";"нет"
"/catalog/zapasnye-chasti-i-komplektuyushchie/zapchasti-dlya-drobilok/drobilki-konusnye/smd-120a-ksd-900/vtulka-tsilindricheskaya-tselnaya-4844201002-smd-120a-ksd-900/";"200";"Втулка цилиндрическая цельная 4844201002 СМД-120А (КСД-900) от Завода ДСО";"Завод ДСО предлагает втулка цилиндрическая цельная 4844201002 смд-120а (ксд-900) в Челябинске";"Втулка цилиндрическая цельная 4844201002 СМД-120А (КСД-900)";"да";"да";"нет"
"/catalog/zapasnye-chasti-i-komplektuyushchie/zapchasti-dlya-drobilok/drobilki-konusnye/smd-120a-ksd-900/vtulka-tsilindricheskaya-verkhnyaya-4830501002-305-1-0-2-ksd-900/";"200";"Каталог товаров - Завод дробильно-сортировочного оборудования";"Поставка оборудования, запасных частей и расходных материалов для дробильно-сортировочного, горно-добывающего и дорожно-строительного оборудования";"Каталог товаров";"да";"да";"да"
"/catalog/zapasnye-chasti-i-komplektuyushchie/zapchasti-dlya-drobilok/drobilki-shchekovye/";"";"";"";"";"нет";"да";"нет"
"/catalog/zapasnye-chasti-i-komplektuyushchie/zapchasti-dlya-drobilok/drobilki-shchekovye/smd-108a/";"200";"СМД-108А от Завода ДСО";"Завод ДСО предлагает смд-108а в Челябинске";"СМД-108А";"да";"да";"нет"
"/catalog/zapasnye-chasti-i-komplektuyushchie/zapchasti-dlya-drobilok/drobilki-shchekovye/smd-108a/bolt-krepleniya-podvizhnoy-plity-0-409511002-03/";"200";"Каталог товаров - Завод дробильно-сортировочного оборудования";"Поставка оборудования, запасных частей и расходных материалов для дробильно-сортировочного, горно-добывающего и дорожно-строительного оборудования";"Каталог товаров";"да";"да";"да"
"/catalog/zapasnye-chasti-i-komplektuyushchie/zapchasti-dlya-drobilok/drobilki-shchekovye/smd-108a/bolt-spetsialnyy-4814800007/";"200";"Болт специальный 4814800007 от Завода ДСО";"Завод ДСО предлагает болт специальный 4814800007 в Челябинске";"Болт специальный 4814800007";"да";"да";"нет"
"/catalog/zapasnye-chasti-i-komplektuyushchie/zapchasti-dlya-drobilok/drobilki-shchekovye/smd-108a/elektrodvigatel-a250s6/";"";"";"";"";"нет";"да";"нет"
"/catalog/zapasnye-chasti-i-komplektuyushchie/zapchasti-dlya-drobilok/drobilki-shchekovye/smd-108a/fartuk-4816202017/";"200";"Каталог товаров - Завод дробильно-сортировочного оборудования";"Поставка оборудования, запасных частей и расходных материалов для дробильно-сортировочного, горно-добывающего и дорожно-строительного оборудования";"Каталог товаров";"да";"да";"да"
"/catalog/zapasnye-chasti-i-komplektuyushchie/zapchasti-dlya-drobilok/drobilki-shchekovye/smd-108a/gayka-4816201044/";"200";"Каталог товаров - Завод дробильно-сортировочного оборудования";"Поставка оборудования, запасных частей и расходных материалов для дробильно-сортировочного, горно-добывающего и дорожно-строительного оборудования";"Каталог товаров";"да";"да";"да"
"/catalog/zapasnye-chasti-i-komplektuyushchie/zapchasti-dlya-drobilok/drobilki-shchekovye/smd-108a/gayka-4844802031/";"";"";"";"";"нет";"да";"нет"
"/catalog/zapasnye-chasti-i-komplektuyushchie/zapchasti-dlya-drobilok/drobilki-shchekovye/smd-108a/gayka-levaya-4816800036/";"200";"Гайка левая 4816800036 от Завода ДСО";"Завод ДСО предлагает гайка левая 4816800036 в Челябинске";"Гайка левая 4816800036";"да";"да";"нет"
"/catalog/zapasnye-chasti-i-komplektuyushchie/zapchasti-dlya-drobilok/drobilki-shchekovye/smd-108a/gayka-m180kh3-6n-gost-11871/";"200";"Гайка М180х3-6Н ГОСТ 11871 от Завода ДСО";"Завод ДСО предлагает гайка м180х3-6н гост 11871 в Челябинске";"Гайка М180х3-6Н ГОСТ 11871";"да";"да";"нет"
"/catalog/zapasnye-chasti-i-komplektuyushchie/zapchasti-dlya-drobilok/drobilki-shchekovye/smd-108a/gayka-pravaya-4816800035/";"200";"Гайка правая 4816800035 от Завода ДСО";"Завод ДСО предлагает гайка правая 4816800035 в Челябинске";"Гайка правая 4816800035";"да";"да";"нет"
"/catalog/zapasnye-chasti-i-komplektuyushchie/zapchasti-dlya-drobilok/drobilki-shchekovye/smd-108a/klin-krepleniya-podvizhnoy-plity-levyy-4822002035/";"200";"Каталог товаров - Завод дробильно-сортировочного оборудования";"Поставка оборудования, запасных частей и расходных материалов для дробильно-сортировочного, горно-добывающего и дорожно-строительного оборудования";"Каталог товаров";"да";"да";"да"
"/catalog/zapasnye-chasti-i-komplektuyushchie/zapchasti-dlya-drobilok/drobilki-shchekovye/smd-108a/klin-krepleniya-podvizhnoy-plity-pravyy-4822002028/";"200";"Каталог товаров - Завод дробильно-сортировочного оборудования";"Поставка оборудования, запасных частей и расходных материалов для дробильно-сортировочного, горно-добывающего и дорожно-строительного оборудования";"Каталог товаров";"да";"да";"да"
"/catalog/zapasnye-chasti-i-komplektuyushchie/zapchasti-dlya-drobilok/drobilki-shchekovye/smd-108a/klin-nizhniy-levyy-4844800004/";"200";"Клин нижний левый 4844800004 от Завода ДСО";"Завод ДСО предлагает клин нижний левый 4844800004 в Челябинске";"Клин нижний левый 4844800004";"да";"да";"нет"
"/catalog/zapasnye-chasti-i-komplektuyushchie/zapchasti-dlya-drobilok/drobilki-shchekovye/smd-108a/klin-nizhniy-pravyy-4844800005/";"200";"Каталог товаров - Завод дробильно-сортировочного оборудования";"Поставка оборудования, запасных частей и расходных материалов для дробильно-сортировочного, горно-добывающего и дорожно-строительного оборудования";"Каталог товаров";"да";"да";"да"
"/catalog/zapasnye-chasti-i-komplektuyushchie/zapchasti-dlya-drobilok/drobilki-shchekovye/smd-108a/klin-regulirovochnyy-1048903009/";"";"";"";"";"нет";"да";"нет"
"/catalog/zapasnye-chasti-i-komplektuyushchie/zapchasti-dlya-drobilok/drobilki-shchekovye/smd-108a/klin-verkhniy-levyy-4844800003/";"200";"Клин верхний левый 4844800003 от Завода ДСО";"Завод ДСО предлагает клин верхний левый 4844800003 в Челябинске";"Клин верхний левый 4844800003";"да";"да";"нет"
"/catalog/zapasnye-chasti-i-komplektuyushchie/zapchasti-dlya-drobilok/drobilki-shchekovye/smd-108a/klin-verkhniy-pravyy-4844800002/";"200";"Клин верхний правый 4844800002 от Завода ДСО";"Завод ДСО предлагает клин верхний правый 4844800002 в Челябинске";"Клин верхний правый 4844800002";"да";"да";"нет"
"/catalog/zapasnye-chasti-i-komplektuyushchie/zapchasti-dlya-drobilok/drobilki-shchekovye/smd-108a/koltso-4844902011/";"200";"Каталог товаров - Завод дробильно-сортировочного оборудования";"Поставка оборудования, запасных частей и расходных материалов для дробильно-сортировочного, горно-добывающего и дорожно-строительного оборудования";"Каталог товаров";"да";"да";"да"
"/catalog/zapasnye-chasti-i-komplektuyushchie/zapchasti-dlya-drobilok/drobilki-shchekovye/smd-108a/koltso-rezinovoe-4825402009-254-2-09/";"200";"Каталог товаров - Завод дробильно-сортировочного оборудования";"Поставка оборудования, запасных частей и расходных материалов для дробильно-сортировочного, горно-добывающего и дорожно-строительного оборудования";"Каталог товаров";"да";"да";"да"
"/catalog/zapasnye-chasti-i-komplektuyushchie/zapchasti-dlya-drobilok/drobilki-shchekovye/smd-108a/koltso-upornoe-1048902009/";"200";"Кольцо упорное 1048902009 от Завода ДСО";"Завод ДСО предлагает кольцо упорное 1048902009 в Челябинске";"Кольцо упорное 1048902009";"да";"да";"нет"
"/catalog/zapasnye-chasti-i-komplektuyushchie/zapchasti-dlya-drobilok/drobilki-shchekovye/smd-108a/kozhukh-protivovesa-smd-108a-4844807000/";"200";"Кожух противовеса СМД-108А 4844807000 от Завода ДСО";"Завод ДСО предлагает кожух противовеса смд-108а 4844807000 в Челябинске";"Кожух противовеса СМД-108А 4844807000";"да";"да";"нет"
"/catalog/zapasnye-chasti-i-komplektuyushchie/zapchasti-dlya-drobilok/drobilki-shchekovye/smd-108a/kryshka-shcheki-1049002006-10/";"";"";"";"";"нет";"да";"нет"
"/catalog/zapasnye-chasti-i-komplektuyushchie/zapchasti-dlya-drobilok/drobilki-shchekovye/smd-108a/kryshka-stakana-1049002004/";"200";"Крышка стакана 1049002004 от Завода ДСО";"Завод ДСО предлагает крышка стакана 1049002004 в Челябинске";"Крышка стакана 1049002004";"да";"да";"нет"
"/catalog/zapasnye-chasti-i-komplektuyushchie/zapchasti-dlya-drobilok/drobilki-shchekovye/smd-108a/manzheta-1-2-220kh260-gost-8752-0-305-321-00117/";"200";"Манжета 1.2-220х260 ГОСТ 8752 0.305.321.00117 от Завода ДСО";"Завод ДСО предлагает манжета 1.2-220х260 гост 8752 0.305.321.00117 в Челябинске";"Манжета 1.2-220х260 ГОСТ 8752 0.305.321.00117";"да";"да";"нет"
"/catalog/zapasnye-chasti-i-komplektuyushchie/zapchasti-dlya-drobilok/drobilki-shchekovye/smd-108a/manzheta-1-2-270kh320-gost-8752-0-305-321-00119/";"200";"Каталог товаров - Завод дробильно-сортировочного оборудования";"Поставка оборудования, запасных частей и расходных материалов для дробильно-сортировочного, горно-добывающего и дорожно-строительного оборудования";"Каталог товаров";"да";"да";"да"
"/catalog/zapasnye-chasti-i-komplektuyushchie/zapchasti-dlya-drobilok/drobilki-shchekovye/smd-108a/mekhanizm-regulirovaniya-shcheli-sb-smd-108a-1048905000/";"200";"Механизм регулирования щели СБ СМД-108А 1048905000 от Завода ДСО";"Завод ДСО предлагает Механизм регулирования щели СБ СМД-108А 1048905000 в Челябинске";"Механизм регулирования щели СБ СМД-108А 1048905000";"да";"да";"нет"
"/catalog/zapasnye-chasti-i-komplektuyushchie/zapchasti-dlya-drobilok/drobilki-shchekovye/smd-108a/ograzhdenie-privoda-smd-108a-4844810000/";"200";"Ограждение привода СМД-108А 4844810000 от Завода ДСО";"Завод ДСО предлагает Ограждение привода СМД-108А 4844810000 в Челябинске";"Ограждение привода СМД-108А 4844810000";"да";"да";"нет"
"/catalog/zapasnye-chasti-i-komplektuyushchie/zapchasti-dlya-drobilok/drobilki-shchekovye/smd-108a/ograzhdenie-pruzhiny-4825400700/";"200";"Каталог товаров - Завод дробильно-сортировочного оборудования";"Поставка оборудования, запасных частей и расходных материалов для дробильно-сортировочного, горно-добывающего и дорожно-строительного оборудования";"Каталог товаров";"да";"да";"да"
"/catalog/zapasnye-chasti-i-komplektuyushchie/zapchasti-dlya-drobilok/drobilki-shchekovye/smd-108a/planka-4822002047/";"200";"Планка 4822002047 от Завода ДСО";"Завод ДСО предлагает Планка 4822002047 в Челябинске";"Планка 4822002047";"да";"да";"нет"
"/catalog/zapasnye-chasti-i-komplektuyushchie/zapchasti-dlya-drobilok/drobilki-shchekovye/smd-108a/planka-4844802023/";"200";"Планка 4844802023 от Завода ДСО";"Завод ДСО предлагает Планка 4844802023 в Челябинске";"Планка 4844802023";"да";"да";"нет"
"/catalog/zapasnye-chasti-i-komplektuyushchie/zapchasti-dlya-drobilok/drobilki-shchekovye/smd-108a/plita-drobyashchaya-nepodvizhnaya-4844800009/";"200";"Плита дробящая неподвижная 4844800009 от Завода ДСО";"Завод ДСО предлагает Плита дробящая неподвижная 4844800009 в Челябинске";"Плита дробящая неподвижная 4844800009";"да";"да";"нет"
"/catalog/zapasnye-chasti-i-komplektuyushchie/zapchasti-dlya-drobilok/drobilki-shchekovye/smd-108a/plita-drobyashchaya-podvizhnaya-4844802022/";"200";"Плита дробящая подвижная 4844802022 от Завода ДСО";"Завод ДСО предлагает Плита дробящая подвижная 4844802022 в Челябинске";"Плита дробящая подвижная 4844802022";"да";"да";"нет"
"/catalog/zapasnye-chasti-i-komplektuyushchie/zapchasti-dlya-drobilok/drobilki-shchekovye/smd-108a/plita-raspornaya-4844800006/";"200";"Плита распорная 4844800006 от Завода ДСО";"Завод ДСО предлагает Плита распорная 4844800006 в Челябинске";"Плита распорная 4844800006";"да";"да";"нет"
"/catalog/zapasnye-chasti-i-komplektuyushchie/zapchasti-dlya-drobilok/drobilki-shchekovye/smd-108a/podshipnik-13636-amn/";"200";"Подшипник 13636 АМН от Завода ДСО";"Завод ДСО предлагает подшипник 13636 амн в Челябинске";"Подшипник 13636 АМН";"да";"да";"нет"
"/catalog/zapasnye-chasti-i-komplektuyushchie/zapchasti-dlya-drobilok/drobilki-shchekovye/smd-108a/podshipnik-3004244-/";"200";"Каталог товаров - Завод дробильно-сортировочного оборудования";"Поставка оборудования, запасных частей и расходных материалов для дробильно-сортировочного, горно-добывающего и дорожно-строительного оборудования";"Каталог товаров";"да";"да";"да"
"/catalog/zapasnye-chasti-i-komplektuyushchie/zapchasti-dlya-drobilok/drobilki-shchekovye/smd-108a/polzun-1048903302/";"";"";"";"";"нет";"да";"нет"
"/catalog/zapasnye-chasti-i-komplektuyushchie/zapchasti-dlya-drobilok/drobilki-shchekovye/smd-108a/privod-sb-4844906000/";"200";"Привод Сб 4844906000 от Завода ДСО";"Завод ДСО предлагает Привод Сб 4844906000 в Челябинске";"Привод Сб 4844906000";"да";"да";"нет"
"/catalog/zapasnye-chasti-i-komplektuyushchie/zapchasti-dlya-drobilok/drobilki-shchekovye/smd-108a/prokladka-1049002005/";"200";"Каталог товаров - Завод дробильно-сортировочного оборудования";"Поставка оборудования, запасных частей и расходных материалов для дробильно-сортировочного, горно-добывающего и дорожно-строительного оборудования";"Каталог товаров";"да";"да";"да"
"/catalog/zapasnye-chasti-i-komplektuyushchie/zapchasti-dlya-drobilok/drobilki-shchekovye/smd-108a/prokladka-1049002007/";"200";"Каталог товаров - Завод дробильно-сортировочного оборудования";"Поставка оборудования, запасных частей и расходных материалов для дробильно-сортировочного, горно-добывающего и дорожно-строительного оборудования";"Каталог товаров";"да";"да";"да"
"/catalog/zapasnye-chasti-i-komplektuyushchie/zapchasti-dlya-drobilok/drobilki-shchekovye/smd-108a/prokladka-4816204011/";"200";"Каталог товаров - Завод дробильно-сортировочного оборудования";"Поставка оборудования, запасных частей и расходных материалов для дробильно-сортировочного, горно-добывающего и дорожно-строительного оборудования";"Каталог товаров";"да";"да";"да"
"/catalog/zapasnye-chasti-i-komplektuyushchie/zapchasti-dlya-drobilok/drobilki-shchekovye/smd-108a/protivoves-smd-108a-4844802002/";"200";"Противовес СМД-108А 4844802002 от Завода ДСО";"Завод ДСО предлагает противовес смд-108а 4844802002 в Челябинске";"Противовес СМД-108А 4844802002";"да";"да";"нет"
"/catalog/zapasnye-chasti-i-komplektuyushchie/zapchasti-dlya-drobilok/drobilki-shchekovye/smd-108a/pruzhina-4824400006-244-0-0-6b/";"200";"Каталог товаров - Завод дробильно-сортировочного оборудования";"Поставка оборудования, запасных частей и расходных материалов для дробильно-сортировочного, горно-добывающего и дорожно-строительного оборудования";"Каталог товаров";"да";"да";"да"
"/catalog/zapasnye-chasti-i-komplektuyushchie/zapchasti-dlya-drobilok/drobilki-shchekovye/smd-108a/pruzhina-4856002004-sm560-2-0-4a/";"200";"Пружина 4856002004 (СМ560-2-0-4А) от Завода ДСО";"Завод ДСО предлагает Пружина 4856002004 (СМ560-2-0-4А) в Челябинске";"Пружина 4856002004 (СМ560-2-0-4А)";"да";"да";"нет"
"/catalog/zapasnye-chasti-i-komplektuyushchie/zapchasti-dlya-drobilok/drobilki-shchekovye/smd-108a/remen-klinovoy-s-v-5000/";"";"";"";"";"нет";"да";"нет"
"/catalog/zapasnye-chasti-i-komplektuyushchie/zapchasti-dlya-drobilok/drobilki-shchekovye/smd-108a/salazki-4844906100/";"200";"Салазки 4844906100 от Завода ДСО";"Завод ДСО предлагает салазки 4844906100 в Челябинске";"Салазки 4844906100";"да";"да";"нет"
"/catalog/zapasnye-chasti-i-komplektuyushchie/zapchasti-dlya-drobilok/drobilki-shchekovye/smd-108a/shayba-4814800008/";"200";"Шайба 4814800008 от Завода ДСО";"Завод ДСО предлагает шайба 4814800008 в Челябинске";"Шайба 4814800008";"да";"да";"нет"
"/catalog/zapasnye-chasti-i-komplektuyushchie/zapchasti-dlya-drobilok/drobilki-shchekovye/smd-108a/shayba-n180-02st3kp-gost-11872/";"200";"Каталог товаров - Завод дробильно-сортировочного оборудования";"Поставка оборудования, запасных частей и расходных материалов для дробильно-сортировочного, горно-добывающего и дорожно-строительного оборудования";"Каталог товаров";"да";"да";"да"
"/catalog/zapasnye-chasti-i-komplektuyushchie/zapchasti-dlya-drobilok/drobilki-shchekovye/smd-108a/shayba-otgibnaya-4835703009/";"200";"Шайба отгибная 4835703009 от Завода ДСО";"Завод ДСО предлагает шайба отгибная 4835703009 в Челябинске";"Шайба отгибная 4835703009";"да";"да";"нет"
"/catalog/zapasnye-chasti-i-komplektuyushchie/zapchasti-dlya-drobilok/drobilki-shchekovye/smd-108a/shcheka-golaya-smd-108a-1048902003/";"200";"Щека голая СМД-108А 1048902003 от Завода ДСО";"Завод ДСО предлагает щека голая смд-108а 1048902003 в Челябинске";"Щека голая СМД-108А 1048902003";"да";"да";"нет"
"/catalog/zapasnye-chasti-i-komplektuyushchie/zapchasti-dlya-drobilok/drobilki-shchekovye/smd-108a/shcheka-v-sbore-smd-108a-1048902000-10/";"200";"Щека в сборе СМД-108А 1048902000-10 от Завода ДСО";"Завод ДСО предлагает щека в сборе смд-108а 1048902000-10 в Челябинске";"Щека в сборе СМД-108А 1048902000-10";"да";"да";"нет"
"/catalog/zapasnye-chasti-i-komplektuyushchie/zapchasti-dlya-drobilok/drobilki-shchekovye/smd-108a/shkaf-upravleniya-smd-108a-1049016100/";"200";"Шкаф управления СМД-108А 1049016100 от Завода ДСО";"Завод ДСО предлагает шкаф управления смд-108а 1049016100 в Челябинске";"Шкаф управления СМД-108А 1049016100";"да";"да";"нет"
"/catalog/zapasnye-chasti-i-komplektuyushchie/zapchasti-dlya-drobilok/drobilki-shchekovye/smd-108a/shkiv-1048902005/";"200";"Каталог товаров - Завод дробильно-сортировочного оборудования";"Поставка оборудования, запасных частей и расходных материалов для дробильно-сортировочного, горно-добывающего и дорожно-строительного оборудования";"Каталог товаров";"да";"да";"да"
"/catalog/zapasnye-chasti-i-komplektuyushchie/zapchasti-dlya-drobilok/drobilki-shchekovye/smd-108a/shkiv-elektrodvigatelya-4844905001/";"";"";"";"";"нет";"да";"нет"
"/catalog/zapasnye-chasti-i-komplektuyushchie/zapchasti-dlya-drobilok/drobilki-shchekovye/smd-108a/shpilka-m48kh3-4816201043/";"200";"Шпилька М48х3 4816201043 от Завода ДСО";"Завод ДСО предлагает шпилька м48х3 4816201043 в Челябинске";"Шпилька М48х3 4816201043";"да";"да";"нет"
"/catalog/zapasnye-chasti-i-komplektuyushchie/zapchasti-dlya-drobilok/drobilki-shchekovye/smd-108a/shponka-tangentsialnaya-4825408006/";"200";"Каталог товаров - Завод дробильно-сортировочного оборудования";"Поставка оборудования, запасных частей и расходных материалов для дробильно-сортировочного, горно-добывающего и дорожно-строительного оборудования";"Каталог товаров";"да";"да";"да"
"/catalog/zapasnye-chasti-i-komplektuyushchie/zapchasti-dlya-drobilok/drobilki-shchekovye/smd-108a/shponka-tangentsialnaya-4836404014/";"200";"Шпонка тангенциальная 4836404014 от Завода ДСО";"Завод ДСО предлагает шпонка тангенциальная 4836404014 в Челябинске";"Шпонка тангенциальная 4836404014";"да";"да";"нет"
"/catalog/zapasnye-chasti-i-komplektuyushchie/zapchasti-dlya-drobilok/drobilki-shchekovye/smd-108a/stakan-levyy-1049002100/";"";"";"";"";"нет";"да";"нет"
"/catalog/zapasnye-chasti-i-komplektuyushchie/zapchasti-dlya-drobilok/drobilki-shchekovye/smd-108a/stakan-pravyy-1049002200/";"";"";"";"";"нет";"да";"нет"
"/catalog/zapasnye-chasti-i-komplektuyushchie/zapchasti-dlya-drobilok/drobilki-shchekovye/smd-108a/stanina-smd-108a-1048911000/";"200";"Станина СМД-108А 1048911000 от Завода ДСО";"Завод ДСО предлагает станина смд-108а 1048911000 в Челябинске";"Станина СМД-108А 1048911000";"да";"да";"нет"
"/catalog/zapasnye-chasti-i-komplektuyushchie/zapchasti-dlya-drobilok/drobilki-shchekovye/smd-108a/stopor-4835703008/";"200";"Стопор 4835703008 от Завода ДСО";"Завод ДСО предлагает стопор 4835703008 в Челябинске";"Стопор 4835703008";"да";"да";"нет"
"/catalog/zapasnye-chasti-i-komplektuyushchie/zapchasti-dlya-drobilok/drobilki-shchekovye/smd-108a/sukhar-4844802029/";"";"";"";"";"нет";"да";"нет"
"/catalog/zapasnye-chasti-i-komplektuyushchie/zapchasti-dlya-drobilok/drobilki-shchekovye/smd-108a/sukhar-k-tyage-4822000006/";"200";"Каталог товаров - Завод дробильно-сортировочного оборудования";"Поставка оборудования, запасных частей и расходных материалов для дробильно-сортировочного, горно-добывающего и дорожно-строительного оборудования";"Каталог товаров";"да";"да";"да"
"/catalog/zapasnye-chasti-i-komplektuyushchie/zapchasti-dlya-drobilok/drobilki-shchekovye/smd-108a/tarelka-pruzhiny-4825400021/";"200";"Тарелка пружины 4825400021 от Завода ДСО";"Завод ДСО предлагает тарелка пружины 4825400021 в Челябинске";"Тарелка пружины 4825400021";"да";"да";"нет"
"/catalog/zapasnye-chasti-i-komplektuyushchie/zapchasti-dlya-drobilok/drobilki-shchekovye/smd-108a/treshchetka-4825400500/";"200";"Трещетка 4825400500 от Завода ДСО";"Завод ДСО предлагает трещетка 4825400500 в Челябинске";"Трещетка 4825400500";"да";"да";"нет"
"/catalog/zapasnye-chasti-i-komplektuyushchie/zapchasti-dlya-drobilok/drobilki-shchekovye/smd-108a/tyaga-pruzhiny-smd-108a-4844809000/";"200";"Тяга пружины СМД-108А 4844809000 от Завода ДСО";"Завод ДСО предлагает тяга пружины смд-108а 4844809000 в Челябинске";"Тяга пружины СМД-108А 4844809000";"да";"да";"нет"
"/catalog/zapasnye-chasti-i-komplektuyushchie/zapchasti-dlya-drobilok/drobilki-shchekovye/smd-108a/val-ekstsentrikovyy-1049002001/";"200";"Каталог товаров - Завод дробильно-сортировочного оборудования";"Поставка оборудования, запасных частей и расходных материалов для дробильно-сортировочного, горно-добывающего и дорожно-строительного оборудования";"Каталог товаров";"да";"да";"да"
"/catalog/zapasnye-chasti-i-komplektuyushchie/zapchasti-dlya-drobilok/drobilki-shchekovye/smd-108a/vint-regulirovochnyy-1048905011-1048903002/";"200";"Винт регулировочный 1048905011 (1048903002) от Завода ДСО";"Завод ДСО предлагает винт регулировочный 1048905011 (1048903002) в Челябинске";"Винт регулировочный 1048905011 (1048903002)";"да";"да";"нет"
"/catalog/zapasnye-chasti-i-komplektuyushchie/zapchasti-dlya-drobilok/drobilki-shchekovye/smd-108a/vtulka-1048902007-4844802007/";"200";"Втулка 1048902007 (4844802007) от Завода ДСО";"Завод ДСО предлагает втулка 1048902007 (4844802007) в Челябинске";"Втулка 1048902007 (4844802007)";"да";"да";"нет"
"/catalog/zapasnye-chasti-i-komplektuyushchie/zapchasti-dlya-drobilok/drobilki-shchekovye/smd-108a/vtulka-4844902014/";"200";"Каталог товаров - Завод дробильно-сортировочного оборудования";"Поставка оборудования, запасных частей и расходных материалов для дробильно-сортировочного, горно-добывающего и дорожно-строительного оборудования";"Каталог товаров";"да";"да";"да"
"/catalog/zapasnye-chasti-i-komplektuyushchie/zapchasti-dlya-drobilok/drobilki-shchekovye/smd-109a/";"200";"СМД-109А от Завода ДСО";"Завод ДСО предлагает смд-109а в Челябинске";"СМД-109А";"да";"да";"нет"
"/catalog/zapasnye-chasti-i-komplektuyushchie/zapchasti-dlya-drobilok/drobilki-shchekovye/smd-109a/bolt-krepleniya-podvizhnoy-plity-0-409511002-07/";"200";"Каталог товаров - Завод дробильно-сортировочного оборудования";"Поставка оборудования, запасных частей и расходных материалов для дробильно-сортировочного, горно-добывающего и дорожно-строительного оборудования";"Каталог товаров";"да";"да";"да"
"/catalog/zapasnye-chasti-i-komplektuyushchie/zapchasti-dlya-drobilok/drobilki-shchekovye/smd-109a/bolt-spetsialnyy-smd-109a-4814800007/";"200";"Каталог товаров - Завод дробильно-сортировочного оборудования";"Поставка оборудования, запасных частей и расходных материалов для дробильно-сортировочного, горно-добывающего и дорожно-строительного оборудования";"Каталог товаров";"да";"да";"да"
"/catalog/zapasnye-chasti-i-komplektuyushchie/zapchasti-dlya-drobilok/drobilki-shchekovye/smd-109a/elektrodvigatel-a250s6-smd-109a/";"200";"Электродвигатель А250S6 (СМД-109А) от Завода ДСО";"Завод ДСО предлагает электродвигатель а250s6 (смд-109а) в Челябинске";"Электродвигатель А250S6 (СМД-109А)";"да";"да";"нет"
"/catalog/zapasnye-chasti-i-komplektuyushchie/zapchasti-dlya-drobilok/drobilki-shchekovye/smd-109a/fartuk-smd-109a-4816202017/";"200";"Фартук СМД-109А 4816202017 от Завода ДСО";"Завод ДСО предлагает фартук смд-109а 4816202017 в Челябинске";"Фартук СМД-109А 4816202017";"да";"да";"нет"
"/catalog/zapasnye-chasti-i-komplektuyushchie/zapchasti-dlya-drobilok/drobilki-shchekovye/smd-109a/gayka-4844802031-smd-109a/";"";"";"";"";"нет";"да";"нет"
"/catalog/zapasnye-chasti-i-komplektuyushchie/zapchasti-dlya-drobilok/drobilki-shchekovye/smd-109a/gayka-levaya-4816800036-smd-109/";"200";"Гайка левая 4816800036 СМД-109 от Завода ДСО";"Завод ДСО предлагает гайка левая 4816800036 смд-109 в Челябинске";"Гайка левая 4816800036 СМД-109";"да";"да";"нет"
"/catalog/zapasnye-chasti-i-komplektuyushchie/zapchasti-dlya-drobilok/drobilki-shchekovye/smd-109a/gayka-pravaya-4816800035-smd-109/";"200";"Гайка правая 4816800035 СМД-109 от Завода ДСО";"Завод ДСО предлагает гайка правая 4816800035 смд-109 в Челябинске";"Гайка правая 4816800035 СМД-109";"да";"да";"нет"
"/catalog/zapasnye-chasti-i-komplektuyushchie/zapchasti-dlya-drobilok/drobilki-shchekovye/smd-109a/gayka-smd-109a-4816201044/";"200";"Каталог товаров - Завод дробильно-сортировочного оборудования";"Поставка оборудования, запасных частей и расходных материалов для дробильно-сортировочного, горно-добывающего и дорожно-строительного оборудования";"Каталог товаров";"да";"да";"да"
"/catalog/zapasnye-chasti-i-komplektuyushchie/zapchasti-dlya-drobilok/drobilki-shchekovye/smd-109a/gayka-smd-109a-4844802031/";"200";"Каталог товаров - Завод дробильно-сортировочного оборудования";"Поставка оборудования, запасных частей и расходных материалов для дробильно-сортировочного, горно-добывающего и дорожно-строительного оборудования";"Каталог товаров";"да";"да";"да"
"/catalog/zapasnye-chasti-i-komplektuyushchie/zapchasti-dlya-drobilok/drobilki-shchekovye/smd-109a/klin-krepleniya-podvizhnoy-plity-levyy-smd-109a-4822002035/";"200";"Клин крепления подвижной плиты левый СМД-109А 4822002035 от Завода ДСО";"Завод ДСО предлагает клин крепления подвижной плиты левый смд-109а 4822002035 в Челябинске";"Клин крепления подвижной плиты левый СМД-109А 4822002035";"да";"да";"нет"
"/catalog/zapasnye-chasti-i-komplektuyushchie/zapchasti-dlya-drobilok/drobilki-shchekovye/smd-109a/klin-krepleniya-podvizhnoy-plity-pravyy-smd-109a-4822002028/";"200";"Каталог товаров - Завод дробильно-сортировочного оборудования";"Поставка оборудования, запасных частей и расходных материалов для дробильно-сортировочного, горно-добывающего и дорожно-строительного оборудования";"Каталог товаров";"да";"да";"да"
"/catalog/zapasnye-chasti-i-komplektuyushchie/zapchasti-dlya-drobilok/drobilki-shchekovye/smd-109a/klin-nizhniy-levyy-4816800003/";"200";"Клин нижний левый 4816800003 от Завода ДСО";"Завод ДСО предлагает клин нижний левый 4816800003 в Челябинске";"Клин нижний левый 4816800003";"да";"да";"нет"
"/catalog/zapasnye-chasti-i-komplektuyushchie/zapchasti-dlya-drobilok/drobilki-shchekovye/smd-109a/klin-nizhniy-pravyy-4816800002/";"200";"Каталог товаров - Завод дробильно-сортировочного оборудования";"Поставка оборудования, запасных частей и расходных материалов для дробильно-сортировочного, горно-добывающего и дорожно-строительного оборудования";"Каталог товаров";"да";"да";"да"
"/catalog/zapasnye-chasti-i-komplektuyushchie/zapchasti-dlya-drobilok/drobilki-shchekovye/smd-109a/klin-regulirovochnyy-1048903009-smd-109a/";"";"";"";"";"нет";"да";"нет"
"/catalog/zapasnye-chasti-i-komplektuyushchie/zapchasti-dlya-drobilok/drobilki-shchekovye/smd-109a/klin-verkhniy-levyy-4844900005/";"200";"Клин верхний левый 4844900005 от Завода ДСО";"Завод ДСО предлагает клин верхний левый 4844900005 в Челябинске";"Клин верхний левый 4844900005";"да";"да";"нет"
"/catalog/zapasnye-chasti-i-komplektuyushchie/zapchasti-dlya-drobilok/drobilki-shchekovye/smd-109a/klin-verkhniy-pravyy-4844900004/";"200";"Каталог товаров - Завод дробильно-сортировочного оборудования";"Поставка оборудования, запасных частей и расходных материалов для дробильно-сортировочного, горно-добывающего и дорожно-строительного оборудования";"Каталог товаров";"да";"да";"да"
"/catalog/zapasnye-chasti-i-komplektuyushchie/zapchasti-dlya-drobilok/drobilki-shchekovye/smd-109a/koltso-rezinovoe-smd-109a-4825402009-254-2-09/";"200";"Каталог товаров - Завод дробильно-сортировочного оборудования";"Поставка оборудования, запасных частей и расходных материалов для дробильно-сортировочного, горно-добывающего и дорожно-строительного оборудования";"Каталог товаров";"да";"да";"да"
"/catalog/zapasnye-chasti-i-komplektuyushchie/zapchasti-dlya-drobilok/drobilki-shchekovye/smd-109a/koltso-smd-109a-4844902011/";"200";"Кольцо СМД-109А 4844902011 от Завода ДСО";"Завод ДСО предлагает кольцо смд-109а 4844902011 в Челябинске";"Кольцо СМД-109А 4844902011";"да";"да";"нет"
"/catalog/zapasnye-chasti-i-komplektuyushchie/zapchasti-dlya-drobilok/drobilki-shchekovye/smd-109a/koltso-upornoe-4825402014/";"200";"Каталог товаров - Завод дробильно-сортировочного оборудования";"Поставка оборудования, запасных частей и расходных материалов для дробильно-сортировочного, горно-добывающего и дорожно-строительного оборудования";"Каталог товаров";"да";"да";"да"
"/catalog/zapasnye-chasti-i-komplektuyushchie/zapchasti-dlya-drobilok/drobilki-shchekovye/smd-109a/kryshka-shcheki-1049002006-10-smd-109a/";"";"";"";"";"нет";"да";"нет"
"/catalog/zapasnye-chasti-i-komplektuyushchie/zapchasti-dlya-drobilok/drobilki-shchekovye/smd-109a/kryshka-stakana-smd-109a-1049002004/";"200";"Крышка стакана СМД-109А 1049002004 от Завода ДСО";"Завод ДСО предлагает крышка стакана смд-109а 1049002004 в Челябинске";"Крышка стакана СМД-109А 1049002004";"да";"да";"нет"
"/catalog/zapasnye-chasti-i-komplektuyushchie/zapchasti-dlya-drobilok/drobilki-shchekovye/smd-109a/makhovik-smd-109a-4825408004/";"200";"Каталог товаров - Завод дробильно-сортировочного оборудования";"Поставка оборудования, запасных частей и расходных материалов для дробильно-сортировочного, горно-добывающего и дорожно-строительного оборудования";"Каталог товаров";"да";"да";"да"
"/catalog/zapasnye-chasti-i-komplektuyushchie/zapchasti-dlya-drobilok/drobilki-shchekovye/smd-109a/manzheta-1-2-220kh260-gost-8752-0-305-321-00117-smd-109a/";"200";"Каталог товаров - Завод дробильно-сортировочного оборудования";"Поставка оборудования, запасных частей и расходных материалов для дробильно-сортировочного, горно-добывающего и дорожно-строительного оборудования";"Каталог товаров";"да";"да";"да"
"/catalog/zapasnye-chasti-i-komplektuyushchie/zapchasti-dlya-drobilok/drobilki-shchekovye/smd-109a/manzheta-1-2-270kh320-gost-8752-0-305-321-00119-smd-109a/";"200";"Манжета 1.2-270х320 ГОСТ 8752 0.305.321.00119 (СМД-109А) от Завода ДСО";"Завод ДСО предлагает манжета 1.2-270х320 гост 8752 0.305.321.00119 (смд-109а) в Челябинске";"Манжета 1.2-270х320 ГОСТ 8752 0.305.321.00119 (СМД-109А)";"да";"да";"нет"
"/catalog/zapasnye-chasti-i-komplektuyushchie/zapchasti-dlya-drobilok/drobilki-shchekovye/smd-109a/mekhanizm-regulirovaniya-shcheli-sb-smd-109a-1048905000/";"200";"Механизм регулирования щели СБ СМД-109А 1048905000 от Завода ДСО";"Завод ДСО предлагает механизм регулирования щели сб смд-109а 1048905000 в Челябинске";"Механизм регулирования щели СБ СМД-109А 1048905000";"да";"да";"нет"
"/catalog/zapasnye-chasti-i-komplektuyushchie/zapchasti-dlya-drobilok/drobilki-shchekovye/smd-109a/ograzhdenie-makhovika-smd-109a-4844907000/";"200";"Каталог товаров - Завод дробильно-сортировочного оборудования";"Поставка оборудования, запасных частей и расходных материалов для дробильно-сортировочного, горно-добывающего и дорожно-строительного оборудования";"Каталог товаров";"да";"да";"да"
"/catalog/zapasnye-chasti-i-komplektuyushchie/zapchasti-dlya-drobilok/drobilki-shchekovye/smd-109a/ograzhdenie-privoda-smd-109a-4844910000/";"200";"Ограждение привода СМД-109А 4844910000 от Завода ДСО";"Завод ДСО предлагает ограждение привода смд-109а 4844910000 в Челябинске";"Ограждение привода СМД-109А 4844910000";"да";"да";"нет"
"/catalog/zapasnye-chasti-i-komplektuyushchie/zapchasti-dlya-drobilok/drobilki-shchekovye/smd-109a/ograzhdenie-pruzhiny-smd-109a-4825400700/";"200";"Каталог товаров - Завод дробильно-сортировочного оборудования";"Поставка оборудования, запасных частей и расходных материалов для дробильно-сортировочного, горно-добывающего и дорожно-строительного оборудования";"Каталог товаров";"да";"да";"да"
"/catalog/zapasnye-chasti-i-komplektuyushchie/zapchasti-dlya-drobilok/drobilki-shchekovye/smd-109a/planka-smd-109a-4822002047/";"200";"Каталог товаров - Завод дробильно-сортировочного оборудования";"Поставка оборудования, запасных частей и расходных материалов для дробильно-сортировочного, горно-добывающего и дорожно-строительного оборудования";"Каталог товаров";"да";"да";"да"
"/catalog/zapasnye-chasti-i-komplektuyushchie/zapchasti-dlya-drobilok/drobilki-shchekovye/smd-109a/planka-smd-109a-4844802023/";"200";"Планка СМД-109А 4844802023 от Завода ДСО";"Завод ДСО предлагает планка смд-109а 4844802023 в Челябинске";"Планка СМД-109А 4844802023";"да";"да";"нет"
"/catalog/zapasnye-chasti-i-komplektuyushchie/zapchasti-dlya-drobilok/drobilki-shchekovye/smd-109a/plita-drobyashchaya-nepodvizhnaya-4844900002/";"200";"Плита дробящая неподвижная 4844900002 от Завода ДСО";"Завод ДСО предлагает плита дробящая неподвижная 4844900002 в Челябинске";"Плита дробящая неподвижная 4844900002";"да";"да";"нет"
"/catalog/zapasnye-chasti-i-komplektuyushchie/zapchasti-dlya-drobilok/drobilki-shchekovye/smd-109a/plita-drobyashchaya-podvizhnaya-4844902016/";"200";"Плита дробящая подвижная 4844902016 от Завода ДСО";"Завод ДСО предлагает плита дробящая подвижная 4844902016 в Челябинске";"Плита дробящая подвижная 4844902016";"да";"да";"нет"
"/catalog/zapasnye-chasti-i-komplektuyushchie/zapchasti-dlya-drobilok/drobilki-shchekovye/smd-109a/plita-raspornaya-4844900006/";"200";"Каталог товаров - Завод дробильно-сортировочного оборудования";"Поставка оборудования, запасных частей и расходных материалов для дробильно-сортировочного, горно-добывающего и дорожно-строительного оборудования";"Каталог товаров";"да";"да";"да"
"/catalog/zapasnye-chasti-i-komplektuyushchie/zapchasti-dlya-drobilok/drobilki-shchekovye/smd-109a/podshipnik-13636-amn-smd-109a/";"200";"Каталог товаров - Завод дробильно-сортировочного оборудования";"Поставка оборудования, запасных частей и расходных материалов для дробильно-сортировочного, горно-добывающего и дорожно-строительного оборудования";"Каталог товаров";"да";"да";"да"
"/catalog/zapasnye-chasti-i-komplektuyushchie/zapchasti-dlya-drobilok/drobilki-shchekovye/smd-109a/podshipnik-3004244-smd-109a/";"200";"Каталог товаров - Завод дробильно-сортировочного оборудования";"Поставка оборудования, запасных частей и расходных материалов для дробильно-сортировочного, горно-добывающего и дорожно-строительного оборудования";"Каталог товаров";"да";"да";"да"
"/catalog/zapasnye-chasti-i-komplektuyushchie/zapchasti-dlya-drobilok/drobilki-shchekovye/smd-109a/polzun-1048903302-smd-109a/";"";"";"";"";"нет";"да";"нет"
"/catalog/zapasnye-chasti-i-komplektuyushchie/zapchasti-dlya-drobilok/drobilki-shchekovye/smd-109a/privod-sb-4844905000/";"200";"Привод Сб 4844905000 от Завода ДСО";"Завод ДСО предлагает привод сб 4844905000 в Челябинске";"Привод Сб 4844905000";"да";"да";"нет"
"/catalog/zapasnye-chasti-i-komplektuyushchie/zapchasti-dlya-drobilok/drobilki-shchekovye/smd-109a/privod-sb-smd-109a-4844906000/";"200";"Привод Сб СМД-109А 4844906000 от Завода ДСО";"Завод ДСО предлагает привод сб смд-109а 4844906000 в Челябинске";"Привод Сб СМД-109А 4844906000";"да";"да";"нет"
"/catalog/zapasnye-chasti-i-komplektuyushchie/zapchasti-dlya-drobilok/drobilki-shchekovye/smd-109a/prokladka-1049002007-smd-109a/";"200";"Каталог товаров - Завод дробильно-сортировочного оборудования";"Поставка оборудования, запасных частей и расходных материалов для дробильно-сортировочного, горно-добывающего и дорожно-строительного оборудования";"Каталог товаров";"да";"да";"да"
"/catalog/zapasnye-chasti-i-komplektuyushchie/zapchasti-dlya-drobilok/drobilki-shchekovye/smd-109a/prokladka-smd-109a-1049002005/";"200";"Прокладка СМД-109А 1049002005 от Завода ДСО";"Завод ДСО предлагает прокладка смд-109а 1049002005 в Челябинске";"Прокладка СМД-109А 1049002005";"да";"да";"нет"
"/catalog/zapasnye-chasti-i-komplektuyushchie/zapchasti-dlya-drobilok/drobilki-shchekovye/smd-109a/pruzhina-smd-109a-4824400006-244-0-0-6b/";"200";"Пружина СМД-109А 4824400006 (244-0-0-6Б) от Завода ДСО";"Завод ДСО предлагает пружина смд-109а 4824400006 (244-0-0-6б) в Челябинске";"Пружина СМД-109А 4824400006 (244-0-0-6Б)";"да";"да";"нет"
"/catalog/zapasnye-chasti-i-komplektuyushchie/zapchasti-dlya-drobilok/drobilki-shchekovye/smd-109a/pruzhina-smd-109a-4856002004-sm560-2-0-4a/";"200";"Пружина СМД-109А 4856002004 (СМ560-2-0-4А) от Завода ДСО";"Завод ДСО предлагает пружина смд-109а 4856002004 (см560-2-0-4а) в Челябинске";"Пружина СМД-109А 4856002004 (СМ560-2-0-4А)";"да";"да";"нет"
"/catalog/zapasnye-chasti-i-komplektuyushchie/zapchasti-dlya-drobilok/drobilki-shchekovye/smd-109a/remen-klinovoy-smd-109a-s-v-5000/";"200";"Каталог товаров - Завод дробильно-сортировочного оборудования";"Поставка оборудования, запасных частей и расходных материалов для дробильно-сортировочного, горно-добывающего и дорожно-строительного оборудования";"Каталог товаров";"да";"да";"да"
"/catalog/zapasnye-chasti-i-komplektuyushchie/zapchasti-dlya-drobilok/drobilki-shchekovye/smd-109a/salazki-4844905100/";"200";"Салазки 4844905100 от Завода ДСО";"Завод ДСО предлагает салазки 4844905100 в Челябинске";"Салазки 4844905100";"да";"да";"нет"
"/catalog/zapasnye-chasti-i-komplektuyushchie/zapchasti-dlya-drobilok/drobilki-shchekovye/smd-109a/shayba-n180-02st3kp-gost-11872-smd-109a/";"200";"Каталог товаров - Завод дробильно-сортировочного оборудования";"Поставка оборудования, запасных частей и расходных материалов для дробильно-сортировочного, горно-добывающего и дорожно-строительного оборудования";"Каталог товаров";"да";"да";"да"
"/catalog/zapasnye-chasti-i-komplektuyushchie/zapchasti-dlya-drobilok/drobilki-shchekovye/smd-109a/shayba-otgibnaya-smd-109a-4835703009/";"200";"Каталог товаров - Завод дробильно-сортировочного оборудования";"Поставка оборудования, запасных частей и расходных материалов для дробильно-сортировочного, горно-добывающего и дорожно-строительного оборудования";"Каталог товаров";"да";"да";"да"
"/catalog/zapasnye-chasti-i-komplektuyushchie/zapchasti-dlya-drobilok/drobilki-shchekovye/smd-109a/shayba-smd-109a-4814800008/";"200";"Каталог товаров - Завод дробильно-сортировочного оборудования";"Поставка оборудования, запасных частей и расходных материалов для дробильно-сортировочного, горно-добывающего и дорожно-строительного оборудования";"Каталог товаров";"да";"да";"да"
"/catalog/zapasnye-chasti-i-komplektuyushchie/zapchasti-dlya-drobilok/drobilki-shchekovye/smd-109a/shcheka-golaya-smd-109a-1049002002/";"200";"Щека голая СМД-109А 1049002002 от Завода ДСО";"Завод ДСО предлагает щека голая смд-109а 1049002002 в Челябинске";"Щека голая СМД-109А 1049002002";"да";"да";"нет"
"/catalog/zapasnye-chasti-i-komplektuyushchie/zapchasti-dlya-drobilok/drobilki-shchekovye/smd-109a/shcheka-v-sbore-smd-109a-1049002000-10/";"200";"Каталог товаров - Завод дробильно-сортировочного оборудования";"Поставка оборудования, запасных частей и расходных материалов для дробильно-сортировочного, горно-добывающего и дорожно-строительного оборудования";"Каталог товаров";"да";"да";"да"
"/catalog/zapasnye-chasti-i-komplektuyushchie/zapchasti-dlya-drobilok/drobilki-shchekovye/smd-109a/shkaf-upravleniya-smd-109a-1049016100/";"200";"Шкаф управления СМД-109А 1049016100 от Завода ДСО";"Завод ДСО предлагает шкаф управления смд-109а 1049016100 в Челябинске";"Шкаф управления СМД-109А 1049016100";"да";"да";"нет"
"/catalog/zapasnye-chasti-i-komplektuyushchie/zapchasti-dlya-drobilok/drobilki-shchekovye/smd-109a/shkiv-1049002011/";"200";"Шкив 1049002011 от Завода ДСО";"Завод ДСО предлагает шкив 1049002011 в Челябинске";"Шкив 1049002011";"да";"да";"нет"
"/catalog/zapasnye-chasti-i-komplektuyushchie/zapchasti-dlya-drobilok/drobilki-shchekovye/smd-109a/shkiv-elektrodvigatelya-4844905001-smd-109a/";"200";"Шкив электродвигателя 4844905001 (СМД-109А) от Завода ДСО";"Завод ДСО предлагает шкив электродвигателя 4844905001 (смд-109а) в Челябинске";"Шкив электродвигателя 4844905001 (СМД-109А)";"да";"да";"нет"
"/catalog/zapasnye-chasti-i-komplektuyushchie/zapchasti-dlya-drobilok/drobilki-shchekovye/smd-109a/shpilka-m48kh3-smd-109a-4816201043/";"200";"Шпилька М48х3 СМД-109А 4816201043 от Завода ДСО";"Завод ДСО предлагает шпилька м48х3 смд-109а 4816201043 в Челябинске";"Шпилька М48х3 СМД-109А 4816201043";"да";"да";"нет"
"/catalog/zapasnye-chasti-i-komplektuyushchie/zapchasti-dlya-drobilok/drobilki-shchekovye/smd-109a/shponka-tangentsialnaya-4825408006-smd-109a/";"200";"Шпонка тангенциальная 4825408006 (СМД-109А) от Завода ДСО";"Завод ДСО предлагает шпонка тангенциальная 4825408006 (смд-109а) в Челябинске";"Шпонка тангенциальная 4825408006 (СМД-109А)";"да";"да";"нет"
"/catalog/zapasnye-chasti-i-komplektuyushchie/zapchasti-dlya-drobilok/drobilki-shchekovye/smd-109a/shponka-tangentsialnaya-4836404014-smd-109a/";"200";"Шпонка тангенциальная 4836404014 (СМД-109А) от Завода ДСО";"Завод ДСО предлагает шпонка тангенциальная 4836404014 (смд-109а) в Челябинске";"Шпонка тангенциальная 4836404014 (СМД-109А)";"да";"да";"нет"
"/catalog/zapasnye-chasti-i-komplektuyushchie/zapchasti-dlya-drobilok/drobilki-shchekovye/smd-109a/stakan-levyy-1049002100-smd-109a/";"";"";"";"";"нет";"да";"нет"
"/catalog/zapasnye-chasti-i-komplektuyushchie/zapchasti-dlya-drobilok/drobilki-shchekovye/smd-109a/stakan-pravyy-1049002200-smd-109a/";"";"";"";"";"нет";"да";"нет"
"/catalog/zapasnye-chasti-i-komplektuyushchie/zapchasti-dlya-drobilok/drobilki-shchekovye/smd-109a/stanina-smd-109a-1049011000/";"200";"Каталог товаров - Завод дробильно-сортировочного оборудования";"Поставка оборудования, запасных частей и расходных материалов для дробильно-сортировочного, горно-добывающего и дорожно-строительного оборудования";"Каталог товаров";"да";"да";"да"
"/catalog/zapasnye-chasti-i-komplektuyushchie/zapchasti-dlya-drobilok/drobilki-shchekovye/smd-109a/stopor-4835703008-smd-109a/";"200";"Стопор 4835703008 (СМД-109А) от Завода ДСО";"Завод ДСО предлагает стопор 4835703008 (смд-109а) в Челябинске";"Стопор 4835703008 (СМД-109А)";"да";"да";"нет"
"/catalog/zapasnye-chasti-i-komplektuyushchie/zapchasti-dlya-drobilok/drobilki-shchekovye/smd-109a/stopor-smd-109a-4835703008/";"200";"Каталог товаров - Завод дробильно-сортировочного оборудования";"Поставка оборудования, запасных частей и расходных материалов для дробильно-сортировочного, горно-добывающего и дорожно-строительного оборудования";"Каталог товаров";"да";"да";"да"
"/catalog/zapasnye-chasti-i-komplektuyushchie/zapchasti-dlya-drobilok/drobilki-shchekovye/smd-109a/sukhar-4844802029-smd-109a/";"";"";"";"";"нет";"да";"нет"
"/catalog/zapasnye-chasti-i-komplektuyushchie/zapchasti-dlya-drobilok/drobilki-shchekovye/smd-109a/sukhar-k-tyage-smd-109a-4822000006/";"200";"Сухарь к тяге СМД-109А 4822000006 от Завода ДСО";"Завод ДСО предлагает сухарь к тяге смд-109а 4822000006 в Челябинске";"Сухарь к тяге СМД-109А 4822000006";"да";"да";"нет"
"/catalog/zapasnye-chasti-i-komplektuyushchie/zapchasti-dlya-drobilok/drobilki-shchekovye/smd-109a/sukhar-smd-109a-4844802029/";"200";"Каталог товаров - Завод дробильно-сортировочного оборудования";"Поставка оборудования, запасных частей и расходных материалов для дробильно-сортировочного, горно-добывающего и дорожно-строительного оборудования";"Каталог товаров";"да";"да";"да"
"/catalog/zapasnye-chasti-i-komplektuyushchie/zapchasti-dlya-drobilok/drobilki-shchekovye/smd-109a/tarelka-pruzhiny-smd-109a-4825400021/";"200";"Тарелка пружины СМД-109А 4825400021 от Завода ДСО";"Завод ДСО предлагает тарелка пружины смд-109а 4825400021 в Челябинске";"Тарелка пружины СМД-109А 4825400021";"да";"да";"нет"
"/catalog/zapasnye-chasti-i-komplektuyushchie/zapchasti-dlya-drobilok/drobilki-shchekovye/smd-109a/treshchetkasmd-109a-4825400500/";"200";"Каталог товаров - Завод дробильно-сортировочного оборудования";"Поставка оборудования, запасных частей и расходных материалов для дробильно-сортировочного, горно-добывающего и дорожно-строительного оборудования";"Каталог товаров";"да";"да";"да"
"/catalog/zapasnye-chasti-i-komplektuyushchie/zapchasti-dlya-drobilok/drobilki-shchekovye/smd-109a/tyaga-pruzhiny-smd-109a-4825400200/";"200";"Тяга пружины СМД-109А 4825400200 от Завода ДСО";"Завод ДСО предлагает тяга пружины смд-109а 4825400200 в Челябинске";"Тяга пружины СМД-109А 4825400200";"да";"да";"нет"
"/catalog/zapasnye-chasti-i-komplektuyushchie/zapchasti-dlya-drobilok/drobilki-shchekovye/smd-109a/val-ekstsentrikovyy-smd-109a-1049002001/";"200";"Каталог товаров - Завод дробильно-сортировочного оборудования";"Поставка оборудования, запасных частей и расходных материалов для дробильно-сортировочного, горно-добывающего и дорожно-строительного оборудования";"Каталог товаров";"да";"да";"да"
"/catalog/zapasnye-chasti-i-komplektuyushchie/zapchasti-dlya-drobilok/drobilki-shchekovye/smd-109a/vint-regulirovochnyy-1048905011-1048903002-smd-109/";"200";"Каталог товаров - Завод дробильно-сортировочного оборудования";"Поставка оборудования, запасных частей и расходных материалов для дробильно-сортировочного, горно-добывающего и дорожно-строительного оборудования";"Каталог товаров";"да";"да";"да"
"/catalog/zapasnye-chasti-i-komplektuyushchie/zapchasti-dlya-drobilok/drobilki-shchekovye/smd-109a/vtulka-4844902014-smd-109a/";"200";"Каталог товаров - Завод дробильно-сортировочного оборудования";"Поставка оборудования, запасных частей и расходных материалов для дробильно-сортировочного, горно-добывающего и дорожно-строительного оборудования";"Каталог товаров";"да";"да";"да"
"/catalog/zapasnye-chasti-i-komplektuyushchie/zapchasti-dlya-drobilok/drobilki-shchekovye/smd-109a/vtulka-smd-109a-1048902007-4844802007/";"200";"Втулка СМД-109А 1048902007 (4844802007) от Завода ДСО";"Завод ДСО предлагает втулка смд-109а 1048902007 (4844802007) в Челябинске";"Втулка СМД-109А 1048902007 (4844802007)";"да";"да";"нет"
"/catalog/zapasnye-chasti-i-komplektuyushchie/zapchasti-dlya-drobilok/drobilki-shchekovye/smd-110a/";"200";"СМД-110А от Завода ДСО";"Завод ДСО предлагает смд-110а в Челябинске";"СМД-110А";"да";"да";"нет"
"/catalog/zapasnye-chasti-i-komplektuyushchie/zapchasti-dlya-drobilok/drobilki-shchekovye/smd-110a/bolt-krepleniya-podvizhnoy-plity-0-409511002-09/";"200";"Болт крепления подвижной плиты 0.409511002-09 от Завода ДСО";"Завод ДСО предлагает болт крепления подвижной плиты 0.409511002-09 в Челябинске";"Болт крепления подвижной плиты 0.409511002-09";"да";"да";"нет"
"/catalog/zapasnye-chasti-i-komplektuyushchie/zapchasti-dlya-drobilok/drobilki-shchekovye/smd-110a/bolt-rychaga-4842600017/";"200";"Каталог товаров - Завод дробильно-сортировочного оборудования";"Поставка оборудования, запасных частей и расходных материалов для дробильно-сортировочного, горно-добывающего и дорожно-строительного оборудования";"Каталог товаров";"да";"да";"да"
"/catalog/zapasnye-chasti-i-komplektuyushchie/zapchasti-dlya-drobilok/drobilki-shchekovye/smd-110a/bolt-spetsialnyy-4845000013/";"200";"Болт специальный 4845000013 от Завода ДСО";"Завод ДСО предлагает болт специальный 4845000013 в Челябинске";"Болт специальный 4845000013";"да";"да";"нет"
"/catalog/zapasnye-chasti-i-komplektuyushchie/zapchasti-dlya-drobilok/drobilki-shchekovye/smd-110a/fartuk-smd-110a-4816202017/";"200";"Каталог товаров - Завод дробильно-сортировочного оборудования";"Поставка оборудования, запасных частей и расходных материалов для дробильно-сортировочного, горно-добывающего и дорожно-строительного оборудования";"Каталог товаров";"да";"да";"да"
"/catalog/zapasnye-chasti-i-komplektuyushchie/zapchasti-dlya-drobilok/drobilki-shchekovye/smd-110a/gayka-levaya-4842600015/";"";"";"";"";"нет";"да";"нет"
"/catalog/zapasnye-chasti-i-komplektuyushchie/zapchasti-dlya-drobilok/drobilki-shchekovye/smd-110a/gayka-pravaya-4842600012/";"";"";"";"";"нет";"да";"нет"
"/catalog/zapasnye-chasti-i-komplektuyushchie/zapchasti-dlya-drobilok/drobilki-shchekovye/smd-110a/gayka-smd-110a-4816201044/";"200";"Каталог товаров - Завод дробильно-сортировочного оборудования";"Поставка оборудования, запасных частей и расходных материалов для дробильно-сортировочного, горно-добывающего и дорожно-строительного оборудования";"Каталог товаров";"да";"да";"да"
"/catalog/zapasnye-chasti-i-komplektuyushchie/zapchasti-dlya-drobilok/drobilki-shchekovye/smd-110a/gayka-smd-110a-4844802031/";"200";"Каталог товаров - Завод дробильно-сортировочного оборудования";"Поставка оборудования, запасных частей и расходных материалов для дробильно-сортировочного, горно-добывающего и дорожно-строительного оборудования";"Каталог товаров";"да";"да";"да"
"/catalog/zapasnye-chasti-i-komplektuyushchie/zapchasti-dlya-drobilok/drobilki-shchekovye/smd-110a/gayka-ustanovochnaya-4824403011/";"200";"Гайка установочная 4824403011 от Завода ДСО";"Завод ДСО предлагает гайка установочная 4824403011 в Челябинске";"Гайка установочная 4824403011";"да";"да";"нет"
"/catalog/zapasnye-chasti-i-komplektuyushchie/zapchasti-dlya-drobilok/drobilki-shchekovye/smd-110a/klin-krepleniya-podvizhnoy-plity-1049002014/";"200";"Каталог товаров - Завод дробильно-сортировочного оборудования";"Поставка оборудования, запасных частей и расходных материалов для дробильно-сортировочного, горно-добывающего и дорожно-строительного оборудования";"Каталог товаров";"да";"да";"да"
"/catalog/zapasnye-chasti-i-komplektuyushchie/zapchasti-dlya-drobilok/drobilki-shchekovye/smd-110a/klin-krepleniya-podvizhnoy-plity-1049002015/";"200";"Каталог товаров - Завод дробильно-сортировочного оборудования";"Поставка оборудования, запасных частей и расходных материалов для дробильно-сортировочного, горно-добывающего и дорожно-строительного оборудования";"Каталог товаров";"да";"да";"да"
"/catalog/zapasnye-chasti-i-komplektuyushchie/zapchasti-dlya-drobilok/drobilki-shchekovye/smd-110a/klin-nizhniy-levyy-4845000022/";"200";"Клин нижний левый 4845000022 от Завода ДСО";"Завод ДСО предлагает Клин нижний левый 4845000022 в Челябинске";"Клин нижний левый 4845000022";"да";"да";"нет"
"/catalog/zapasnye-chasti-i-komplektuyushchie/zapchasti-dlya-drobilok/drobilki-shchekovye/smd-110a/klin-nizhniy-pravyy-4845000021/";"200";"Клин нижний правый 4845000021 от Завода ДСО";"Завод ДСО предлагает клин нижний правый 4845000021 в Челябинске";"Клин нижний правый 4845000021";"да";"да";"нет"
"/catalog/zapasnye-chasti-i-komplektuyushchie/zapchasti-dlya-drobilok/drobilki-shchekovye/smd-110a/klin-regulirovochnyy-1049103006/";"";"";"";"";"нет";"да";"нет"
"/catalog/zapasnye-chasti-i-komplektuyushchie/zapchasti-dlya-drobilok/drobilki-shchekovye/smd-110a/klin-verkhniy-levyy-4845000019/";"200";"Каталог товаров - Завод дробильно-сортировочного оборудования";"Поставка оборудования, запасных частей и расходных материалов для дробильно-сортировочного, горно-добывающего и дорожно-строительного оборудования";"Каталог товаров";"да";"да";"да"
"/catalog/zapasnye-chasti-i-komplektuyushchie/zapchasti-dlya-drobilok/drobilki-shchekovye/smd-110a/klin-verkhniy-pravyy-4845000018/";"200";"Каталог товаров - Завод дробильно-сортировочного оборудования";"Поставка оборудования, запасных частей и расходных материалов для дробильно-сортировочного, горно-добывающего и дорожно-строительного оборудования";"Каталог товаров";"да";"да";"да"
"/catalog/zapasnye-chasti-i-komplektuyushchie/zapchasti-dlya-drobilok/drobilki-shchekovye/smd-110a/koltso-4844802017-30/";"200";"Каталог товаров - Завод дробильно-сортировочного оборудования";"Поставка оборудования, запасных частей и расходных материалов для дробильно-сортировочного, горно-добывающего и дорожно-строительного оборудования";"Каталог товаров";"да";"да";"да"
"/catalog/zapasnye-chasti-i-komplektuyushchie/zapchasti-dlya-drobilok/drobilki-shchekovye/smd-110a/koltso-4845011009-10/";"200";"Кольцо 4845011009-10 от Завода ДСО";"Завод ДСО предлагает кольцо 4845011009-10 в Челябинске";"Кольцо 4845011009-10";"да";"да";"нет"
"/catalog/zapasnye-chasti-i-komplektuyushchie/zapchasti-dlya-drobilok/drobilki-shchekovye/smd-110a/koltso-4845011011-10/";"200";"Кольцо 4845011011-10 от Завода ДСО";"Завод ДСО предлагает кольцо 4845011011-10 в Челябинске";"Кольцо 4845011011-10";"да";"да";"нет"
"/catalog/zapasnye-chasti-i-komplektuyushchie/zapchasti-dlya-drobilok/drobilki-shchekovye/smd-110a/koltso-rezinovoe-4822002007-220-2-07/";"200";"Кольцо резиновое 4822002007 (220-2-07) от Завода ДСО";"Завод ДСО предлагает кольцо резиновое 4822002007 (220-2-07) в Челябинске";"Кольцо резиновое 4822002007 (220-2-07)";"да";"да";"нет"
"/catalog/zapasnye-chasti-i-komplektuyushchie/zapchasti-dlya-drobilok/drobilki-shchekovye/smd-110a/kryshka-shcheki-104910200110/";"200";"Каталог товаров - Завод дробильно-сортировочного оборудования";"Поставка оборудования, запасных частей и расходных материалов для дробильно-сортировочного, горно-добывающего и дорожно-строительного оборудования";"Каталог товаров";"да";"да";"да"
"/catalog/zapasnye-chasti-i-komplektuyushchie/zapchasti-dlya-drobilok/drobilki-shchekovye/smd-110a/kryshka-stakana-smd-110a-104910200410/";"200";"Крышка стакана СМД-110А 104910200410 от Завода ДСО";"Завод ДСО предлагает крышка стакана смд-110а 104910200410 в Челябинске";"Крышка стакана СМД-110А 104910200410";"да";"да";"нет"
"/catalog/zapasnye-chasti-i-komplektuyushchie/zapchasti-dlya-drobilok/drobilki-shchekovye/smd-110a/makhovik-smd-110a-4845002002/";"200";"Каталог товаров - Завод дробильно-сортировочного оборудования";"Поставка оборудования, запасных частей и расходных материалов для дробильно-сортировочного, горно-добывающего и дорожно-строительного оборудования";"Каталог товаров";"да";"да";"да"
"/catalog/zapasnye-chasti-i-komplektuyushchie/zapchasti-dlya-drobilok/drobilki-shchekovye/smd-110a/manzheta-1-2-270kh320-gost-8752-0-305-321-00119-smd-110a/";"200";"Манжета 1.2-270х320 ГОСТ 8752 0.305.321.00119 (СМД-110А) от Завода ДСО";"Завод ДСО предлагает манжета 1.2-270х320 гост 8752 0.305.321.00119 (смд-110а) в Челябинске";"Манжета 1.2-270х320 ГОСТ 8752 0.305.321.00119 (СМД-110А)";"да";"да";"нет"
"/catalog/zapasnye-chasti-i-komplektuyushchie/zapchasti-dlya-drobilok/drobilki-shchekovye/smd-110a/manzheta-1-2-340kh380-0-305-321-00120/";"200";"Каталог товаров - Завод дробильно-сортировочного оборудования";"Поставка оборудования, запасных частей и расходных материалов для дробильно-сортировочного, горно-добывающего и дорожно-строительного оборудования";"Каталог товаров";"да";"да";"да"
"/catalog/zapasnye-chasti-i-komplektuyushchie/zapchasti-dlya-drobilok/drobilki-shchekovye/smd-110a/mekhanizm-regulirovaniya-shcheli-sb-smd-110a-1049106000/";"200";"Каталог товаров - Завод дробильно-сортировочного оборудования";"Поставка оборудования, запасных частей и расходных материалов для дробильно-сортировочного, горно-добывающего и дорожно-строительного оборудования";"Каталог товаров";"да";"да";"да"
"/catalog/zapasnye-chasti-i-komplektuyushchie/zapchasti-dlya-drobilok/drobilki-shchekovye/smd-110a/ograzhdenie-makhovika-smd-110a-4845005000/";"200";"Каталог товаров - Завод дробильно-сортировочного оборудования";"Поставка оборудования, запасных частей и расходных материалов для дробильно-сортировочного, горно-добывающего и дорожно-строительного оборудования";"Каталог товаров";"да";"да";"да"
"/catalog/zapasnye-chasti-i-komplektuyushchie/zapchasti-dlya-drobilok/drobilki-shchekovye/smd-110a/ograzhdenie-privoda-smd-110a-4845006000/";"200";"Ограждение привода СМД-110А 4845006000 от Завода ДСО";"Завод ДСО предлагает ограждение привода смд-110а 4845006000 в Челябинске";"Ограждение привода СМД-110А 4845006000";"да";"да";"нет"
"/catalog/zapasnye-chasti-i-komplektuyushchie/zapchasti-dlya-drobilok/drobilki-shchekovye/smd-110a/ograzhdenie-pruzhiny-smd-110a-4825400700/";"200";"Ограждение пружины СМД-110А 4825400700 от Завода ДСО";"Завод ДСО предлагает ограждение пружины смд-110а 4825400700 в Челябинске";"Ограждение пружины СМД-110А 4825400700";"да";"да";"нет"
"/catalog/zapasnye-chasti-i-komplektuyushchie/zapchasti-dlya-drobilok/drobilki-shchekovye/smd-110a/palets-4842600004/";"200";"Палец 4842600004 от Завода ДСО";"Завод ДСО предлагает палец 4842600004 в Челябинске";"Палец 4842600004";"да";"да";"нет"
"/catalog/zapasnye-chasti-i-komplektuyushchie/zapchasti-dlya-drobilok/drobilki-shchekovye/smd-110a/planka-smd-110a-4822002047/";"200";"Планка СМД-110А 4822002047 от Завода ДСО";"Завод ДСО предлагает планка смд-110а 4822002047 в Челябинске";"Планка СМД-110А 4822002047";"да";"да";"нет"
"/catalog/zapasnye-chasti-i-komplektuyushchie/zapchasti-dlya-drobilok/drobilki-shchekovye/smd-110a/planka-smd-110a-4844802023/";"200";"Планка СМД-110А 4844802023 от Завода ДСО";"Завод ДСО предлагает планка смд-110а 4844802023 в Челябинске";"Планка СМД-110А 4844802023";"да";"да";"нет"
"/catalog/zapasnye-chasti-i-komplektuyushchie/zapchasti-dlya-drobilok/drobilki-shchekovye/smd-110a/plita-drobyashchaya-nepodvizhnaya-4845000002/";"200";"Каталог товаров - Завод дробильно-сортировочного оборудования";"Поставка оборудования, запасных частей и расходных материалов для дробильно-сортировочного, горно-добывающего и дорожно-строительного оборудования";"Каталог товаров";"да";"да";"да"
"/catalog/zapasnye-chasti-i-komplektuyushchie/zapchasti-dlya-drobilok/drobilki-shchekovye/smd-110a/plita-drobyashchaya-podvizhnaya-4845011016/";"200";"Каталог товаров - Завод дробильно-сортировочного оборудования";"Поставка оборудования, запасных частей и расходных материалов для дробильно-сортировочного, горно-добывающего и дорожно-строительного оборудования";"Каталог товаров";"да";"да";"да"
"/catalog/zapasnye-chasti-i-komplektuyushchie/zapchasti-dlya-drobilok/drobilki-shchekovye/smd-110a/plita-raspornaya-4845000025/";"200";"Плита распорная 4845000025 от Завода ДСО";"Завод ДСО предлагает плита распорная 4845000025 в Челябинске";"Плита распорная 4845000025";"да";"да";"нет"
"/catalog/zapasnye-chasti-i-komplektuyushchie/zapchasti-dlya-drobilok/drobilki-shchekovye/smd-110a/podshipnik-2556/";"200";"Подшипник 2556 от Завода ДСО";"Завод ДСО предлагает подшипник 2556 в Челябинске";"Подшипник 2556";"да";"да";"нет"
"/catalog/zapasnye-chasti-i-komplektuyushchie/zapchasti-dlya-drobilok/drobilki-shchekovye/smd-110a/podshipnik-3644/";"200";"Подшипник 3644 от Завода ДСО";"Завод ДСО предлагает подшипник 3644 в Челябинске";"Подшипник 3644";"да";"да";"нет"
"/catalog/zapasnye-chasti-i-komplektuyushchie/zapchasti-dlya-drobilok/drobilki-shchekovye/smd-110a/polzun-1049103101/";"";"";"";"";"нет";"да";"нет"
"/catalog/zapasnye-chasti-i-komplektuyushchie/zapchasti-dlya-drobilok/drobilki-shchekovye/smd-110a/privod-sb-4845008000/";"200";"Каталог товаров - Завод дробильно-сортировочного оборудования";"Поставка оборудования, запасных частей и расходных материалов для дробильно-сортировочного, горно-добывающего и дорожно-строительного оборудования";"Каталог товаров";"да";"да";"да"
"/catalog/zapasnye-chasti-i-komplektuyushchie/zapchasti-dlya-drobilok/drobilki-shchekovye/smd-110a/prokladka-1049002016/";"200";"Прокладка 1049002016 от Завода ДСО";"Завод ДСО предлагает прокладка 1049002016 в Челябинске";"Прокладка 1049002016";"да";"да";"нет"
"/catalog/zapasnye-chasti-i-komplektuyushchie/zapchasti-dlya-drobilok/drobilki-shchekovye/smd-110a/prokladka-1049102002-1049102002-10-1049102002-20/";"200";"Каталог товаров - Завод дробильно-сортировочного оборудования";"Поставка оборудования, запасных частей и расходных материалов для дробильно-сортировочного, горно-добывающего и дорожно-строительного оборудования";"Каталог товаров";"да";"да";"да"
"/catalog/zapasnye-chasti-i-komplektuyushchie/zapchasti-dlya-drobilok/drobilki-shchekovye/smd-110a/prokladka-1049102005/";"200";"Прокладка 1049102005 от Завода ДСО";"Завод ДСО предлагает прокладка 1049102005 в Челябинске";"Прокладка 1049102005";"да";"да";"нет"
"/catalog/zapasnye-chasti-i-komplektuyushchie/zapchasti-dlya-drobilok/drobilki-shchekovye/smd-110a/pruzhina-smd-110a-4824400006-244-0-0-6b/";"200";"Каталог товаров - Завод дробильно-сортировочного оборудования";"Поставка оборудования, запасных частей и расходных материалов для дробильно-сортировочного, горно-добывающего и дорожно-строительного оборудования";"Каталог товаров";"да";"да";"да"
"/catalog/zapasnye-chasti-i-komplektuyushchie/zapchasti-dlya-drobilok/drobilki-shchekovye/smd-110a/pruzhina-smd-110a-4856002004-sm560-2-0-4a/";"200";"Каталог товаров - Завод дробильно-сортировочного оборудования";"Поставка оборудования, запасных частей и расходных материалов для дробильно-сортировочного, горно-добывающего и дорожно-строительного оборудования";"Каталог товаров";"да";"да";"да"
"/catalog/zapasnye-chasti-i-komplektuyushchie/zapchasti-dlya-drobilok/drobilki-shchekovye/smd-110a/remen-klinovoy-d-g-6300/";"200";"Каталог товаров - Завод дробильно-сортировочного оборудования";"Поставка оборудования, запасных частей и расходных материалов для дробильно-сортировочного, горно-добывающего и дорожно-строительного оборудования";"Каталог товаров";"да";"да";"да"
"/catalog/zapasnye-chasti-i-komplektuyushchie/zapchasti-dlya-drobilok/drobilki-shchekovye/smd-110a/rychag-4845000012/";"200";"Каталог товаров - Завод дробильно-сортировочного оборудования";"Поставка оборудования, запасных частей и расходных материалов для дробильно-сортировочного, горно-добывающего и дорожно-строительного оборудования";"Каталог товаров";"да";"да";"да"
"/catalog/zapasnye-chasti-i-komplektuyushchie/zapchasti-dlya-drobilok/drobilki-shchekovye/smd-110a/salazki-4845008100-30/";"200";"Салазки 4845008100-30 от Завода ДСО";"Завод ДСО предлагает салазки 4845008100-30 в Челябинске";"Салазки 4845008100-30";"да";"да";"нет"
"/catalog/zapasnye-chasti-i-komplektuyushchie/zapchasti-dlya-drobilok/drobilki-shchekovye/smd-110a/shayba-4845002022/";"200";"Шайба 4845002022 от Завода ДСО";"Завод ДСО предлагает шайба 4845002022 в Челябинске";"Шайба 4845002022";"да";"да";"нет"
"/catalog/zapasnye-chasti-i-komplektuyushchie/zapchasti-dlya-drobilok/drobilki-shchekovye/smd-110a/shayba-otgibnaya-smd-110a-4835703009/";"200";"Шайба отгибная СМД-110А 4835703009 от Завода ДСО";"Завод ДСО предлагает шайба отгибная смд-110а 4835703009 в Челябинске";"Шайба отгибная СМД-110А 4835703009";"да";"да";"нет"
"/catalog/zapasnye-chasti-i-komplektuyushchie/zapchasti-dlya-drobilok/drobilki-shchekovye/smd-110a/shcheka-golaya-smd-110a-1049102003/";"200";"Каталог товаров - Завод дробильно-сортировочного оборудования";"Поставка оборудования, запасных частей и расходных материалов для дробильно-сортировочного, горно-добывающего и дорожно-строительного оборудования";"Каталог товаров";"да";"да";"да"
"/catalog/zapasnye-chasti-i-komplektuyushchie/zapchasti-dlya-drobilok/drobilki-shchekovye/smd-110a/shcheka-v-sbore-smd-110a-1049102000/";"200";"Каталог товаров - Завод дробильно-сортировочного оборудования";"Поставка оборудования, запасных частей и расходных материалов для дробильно-сортировочного, горно-добывающего и дорожно-строительного оборудования";"Каталог товаров";"да";"да";"да"
"/catalog/zapasnye-chasti-i-komplektuyushchie/zapchasti-dlya-drobilok/drobilki-shchekovye/smd-110a/shkaf-upravleniya-smd-110a-1049116100/";"200";"Каталог товаров - Завод дробильно-сортировочного оборудования";"Поставка оборудования, запасных частей и расходных материалов для дробильно-сортировочного, горно-добывающего и дорожно-строительного оборудования";"Каталог товаров";"да";"да";"да"
"/catalog/zapasnye-chasti-i-komplektuyushchie/zapchasti-dlya-drobilok/drobilki-shchekovye/smd-110a/shkiv-1049102009/";"200";"Каталог товаров - Завод дробильно-сортировочного оборудования";"Поставка оборудования, запасных частей и расходных материалов для дробильно-сортировочного, горно-добывающего и дорожно-строительного оборудования";"Каталог товаров";"да";"да";"да"
"/catalog/zapasnye-chasti-i-komplektuyushchie/zapchasti-dlya-drobilok/drobilki-shchekovye/smd-110a/shkiv-elektrodvigatelya-4845008003/";"200";"Шкив электродвигателя 4845008003 от Завода ДСО";"Завод ДСО предлагает шкив электродвигателя 4845008003 в Челябинске";"Шкив электродвигателя 4845008003";"да";"да";"нет"
"/catalog/zapasnye-chasti-i-komplektuyushchie/zapchasti-dlya-drobilok/drobilki-shchekovye/smd-110a/shpilka-m48kh3-smd-110a-4816201043/";"200";"Каталог товаров - Завод дробильно-сортировочного оборудования";"Поставка оборудования, запасных частей и расходных материалов для дробильно-сортировочного, горно-добывающего и дорожно-строительного оборудования";"Каталог товаров";"да";"да";"да"
"/catalog/zapasnye-chasti-i-komplektuyushchie/zapchasti-dlya-drobilok/drobilki-shchekovye/smd-110a/shponka-tangentsialnaya-4824403026/";"200";"Шпонка тангенциальная 4824403026 от Завода ДСО";"Завод ДСО предлагает шпонка тангенциальная 4824403026 в Челябинске";"Шпонка тангенциальная 4824403026";"да";"да";"нет"
"/catalog/zapasnye-chasti-i-komplektuyushchie/zapchasti-dlya-drobilok/drobilki-shchekovye/smd-110a/shponka-tangentsialnaya-4836404014-smd-110a/";"200";"Каталог товаров - Завод дробильно-сортировочного оборудования";"Поставка оборудования, запасных частей и расходных материалов для дробильно-сортировочного, горно-добывающего и дорожно-строительного оборудования";"Каталог товаров";"да";"да";"да"
"/catalog/zapasnye-chasti-i-komplektuyushchie/zapchasti-dlya-drobilok/drobilki-shchekovye/smd-110a/stakan-levyy-1049102100/";"200";"Стакан левый 1049102100 от Завода ДСО";"Завод ДСО предлагает стакан левый 1049102100 в Челябинске";"Стакан левый 1049102100";"да";"да";"нет"
"/catalog/zapasnye-chasti-i-komplektuyushchie/zapchasti-dlya-drobilok/drobilki-shchekovye/smd-110a/stakan-pravyy-1049102200/";"200";"Каталог товаров - Завод дробильно-сортировочного оборудования";"Поставка оборудования, запасных частей и расходных материалов для дробильно-сортировочного, горно-добывающего и дорожно-строительного оборудования";"Каталог товаров";"да";"да";"да"
"/catalog/zapasnye-chasti-i-komplektuyushchie/zapchasti-dlya-drobilok/drobilki-shchekovye/smd-110a/stanina-smd-110a-1049104000/";"200";"Станина СМД-110А 1049104000 от Завода ДСО";"Завод ДСО предлагает Станина СМД-110А 1049104000 в Челябинске";"Станина СМД-110А 1049104000";"да";"да";"нет"
"/catalog/zapasnye-chasti-i-komplektuyushchie/zapchasti-dlya-drobilok/drobilki-shchekovye/smd-110a/stopor-smd-110a-4835703008/";"200";"Стопор СМД-110А 4835703008 от Завода ДСО";"Завод ДСО предлагает стопор смд-110а 4835703008 в Челябинске";"Стопор СМД-110А 4835703008";"да";"да";"нет"
"/catalog/zapasnye-chasti-i-komplektuyushchie/zapchasti-dlya-drobilok/drobilki-shchekovye/smd-110a/sukhar-4844802029-smd-110a/";"";"";"";"";"нет";"да";"нет"
"/catalog/zapasnye-chasti-i-komplektuyushchie/zapchasti-dlya-drobilok/drobilki-shchekovye/smd-110a/sukhar-k-tyage-smd-110a-4822000006/";"200";"Сухарь к тяге СМД-110А 4822000006 от Завода ДСО";"Завод ДСО предлагает сухарь к тяге смд-110а 4822000006 в Челябинске";"Сухарь к тяге СМД-110А 4822000006";"да";"да";"нет"
"/catalog/zapasnye-chasti-i-komplektuyushchie/zapchasti-dlya-drobilok/drobilki-shchekovye/smd-110a/sukhar-smd-110a-1049102029/";"200";"Сухарь СМД-110А 1049102029 от Завода ДСО";"Завод ДСО предлагает сухарь смд-110а 1049102029 в Челябинске";"Сухарь СМД-110А 1049102029";"да";"да";"нет"
"/catalog/zapasnye-chasti-i-komplektuyushchie/zapchasti-dlya-drobilok/drobilki-shchekovye/smd-110a/tarelka-pruzhiny-smd-110a-4825400021/";"200";"Каталог товаров - Завод дробильно-сортировочного оборудования";"Поставка оборудования, запасных частей и расходных материалов для дробильно-сортировочного, горно-добывающего и дорожно-строительного оборудования";"Каталог товаров";"да";"да";"да"
"/catalog/zapasnye-chasti-i-komplektuyushchie/zapchasti-dlya-drobilok/drobilki-shchekovye/smd-110a/treshchetkasmd-110a-4825400500/";"200";"ТрещеткаСМД-110А 4825400500 от Завода ДСО";"Завод ДСО предлагает трещеткасмд-110а 4825400500 в Челябинске";"ТрещеткаСМД-110А 4825400500";"да";"да";"нет"
"/catalog/zapasnye-chasti-i-komplektuyushchie/zapchasti-dlya-drobilok/drobilki-shchekovye/smd-110a/tyaga-pruzhiny-smd-110a-4845007000/";"200";"Каталог товаров - Завод дробильно-сортировочного оборудования";"Поставка оборудования, запасных частей и расходных материалов для дробильно-сортировочного, горно-добывающего и дорожно-строительного оборудования";"Каталог товаров";"да";"да";"да"
"/catalog/zapasnye-chasti-i-komplektuyushchie/zapchasti-dlya-drobilok/drobilki-shchekovye/smd-110a/val-ekstsentrikovyy-smd-110a-4845011001/";"200";"Вал эксцентриковый СМД-110А 4845011001 от Завода ДСО";"Завод ДСО предлагает вал эксцентриковый смд-110а 4845011001 в Челябинске";"Вал эксцентриковый СМД-110А 4845011001";"да";"да";"нет"
"/catalog/zapasnye-chasti-i-komplektuyushchie/zapchasti-dlya-drobilok/drobilki-shchekovye/smd-110a/vint-regulirovochnyy-1052907001-10-1049103005/";"";"";"";"";"нет";"да";"нет"
"/catalog/zapasnye-chasti-i-komplektuyushchie/zapchasti-dlya-drobilok/drobilki-shchekovye/smd-110a/vtulka-4845011002/";"200";"Втулка 4845011002 от Завода ДСО";"Завод ДСО предлагает втулка 4845011002 в Челябинске";"Втулка 4845011002";"да";"да";"нет"
"/catalog/zapasnye-chasti-i-komplektuyushchie/zapchasti-dlya-ds-158-ds-185/";"200";"Каталог - Завод дробильно-сортировочного оборудования";"Поставка оборудования, запасных частей и расходных материалов для дробильно-сортировочного, горно-добывающего и дорожно-строительного оборудования";"Каталог";"да";"нет";"да"
"/catalog/zapasnye-chasti-i-komplektuyushchie/zapchasti-dlya-grokhotov/";"200";"Запчасти для грохотов от Завода ДСО";"Завод ДСО предлагает запчасти для грохотов в Челябинске";"Запчасти для грохотов";"да";"да";"нет"
"/catalog/zapasnye-chasti-i-komplektuyushchie/zapchasti-dlya-grokhotov/setka-riflenaya-dlya-grokhotov/";"200";"Сетка рифленая для грохотов от Завода ДСО";"Завод ДСО предлагает сетка рифленая для грохотов в Челябинске";"Сетка рифленая для грохотов";"да";"да";"нет"
"/catalog/zapasnye-chasti-i-komplektuyushchie/zapchasti-dlya-grokhotov/setka-riflenaya-dlya-grokhotov/setka-riflenaya-dlya-grokhotov-iz-rossiyskoy-stali/";"200";"Сетка рифленая (канилированная) для грохотов от Завода ДСО";"Завод ДСО предлагает сетка рифленая (канилированная) для грохотов в Челябинске";"Сетка рифленая (канилированная) для грохотов";"да";"да";"нет"
"/catalog/zapasnye-chasti-i-komplektuyushchie/zapchasti-dlya-grokhotov/setka-riflenaya-dlya-grokhotov/setka-riflenaya-dlya-grokhotov-iz-rossiyskoy-stali/setka-riflenaya-yach-10kh10-gost3306-88/";"";"";"";"";"нет";"да";"нет"
"/catalog/zapasnye-chasti-i-komplektuyushchie/zapchasti-dlya-grokhotov/setka-riflenaya-dlya-grokhotov/setka-riflenaya-dlya-grokhotov-iz-rossiyskoy-stali/setka-riflenaya-yach-12kh12-gost3306-88/";"";"";"";"";"нет";"да";"нет"
"/catalog/zapasnye-chasti-i-komplektuyushchie/zapchasti-dlya-grokhotov/setka-riflenaya-dlya-grokhotov/setka-riflenaya-dlya-grokhotov-iz-rossiyskoy-stali/setka-riflenaya-yach-15kh15-gost3306-88/";"";"";"";"";"нет";"да";"нет"
"/catalog/zapasnye-chasti-i-komplektuyushchie/zapchasti-dlya-grokhotov/setka-riflenaya-dlya-grokhotov/setka-riflenaya-dlya-grokhotov-iz-rossiyskoy-stali/setka-riflenaya-yach-18kh18-gost3306-88/";"";"";"";"";"нет";"да";"нет"
"/catalog/zapasnye-chasti-i-komplektuyushchie/zapchasti-dlya-grokhotov/setka-riflenaya-dlya-grokhotov/setka-riflenaya-dlya-grokhotov-iz-rossiyskoy-stali/setka-riflenaya-yach-20kh20-gost3306-88/";"";"";"";"";"нет";"да";"нет"
"/catalog/zapasnye-chasti-i-komplektuyushchie/zapchasti-dlya-grokhotov/setka-riflenaya-dlya-grokhotov/setka-riflenaya-dlya-grokhotov-iz-rossiyskoy-stali/setka-riflenaya-yach-25kh25-gost3306-88/";"";"";"";"";"нет";"да";"нет"
"/catalog/zapasnye-chasti-i-komplektuyushchie/zapchasti-dlya-grokhotov/setka-riflenaya-dlya-grokhotov/setka-riflenaya-dlya-grokhotov-iz-rossiyskoy-stali/setka-riflenaya-yach-2kh2-gost3306-88/";"200";"Сетка рифленая яч. 2х2 ГОСТ3306-88";"Завод ДСО предлагает сетка рифленая яч. 2х2 гост3306-88 в Челябинске";"Сетка рифленая яч. 2х2 ГОСТ3306-88";"да";"да";"нет"
"/catalog/zapasnye-chasti-i-komplektuyushchie/zapchasti-dlya-grokhotov/setka-riflenaya-dlya-grokhotov/setka-riflenaya-dlya-grokhotov-iz-rossiyskoy-stali/setka-riflenaya-yach-30kh30-gost3306-88/";"";"";"";"";"нет";"да";"нет"
"/catalog/zapasnye-chasti-i-komplektuyushchie/zapchasti-dlya-grokhotov/setka-riflenaya-dlya-grokhotov/setka-riflenaya-dlya-grokhotov-iz-rossiyskoy-stali/setka-riflenaya-yach-35kh35-gost3306-88/";"";"";"";"";"нет";"да";"нет"
"/catalog/zapasnye-chasti-i-komplektuyushchie/zapchasti-dlya-grokhotov/setka-riflenaya-dlya-grokhotov/setka-riflenaya-dlya-grokhotov-iz-rossiyskoy-stali/setka-riflenaya-yach-3kh3-gost3306-88/";"";"";"";"";"нет";"да";"нет"
"/catalog/zapasnye-chasti-i-komplektuyushchie/zapchasti-dlya-grokhotov/setka-riflenaya-dlya-grokhotov/setka-riflenaya-dlya-grokhotov-iz-rossiyskoy-stali/setka-riflenaya-yach-40kh40-gost3306-88/";"";"";"";"";"нет";"да";"нет"
"/catalog/zapasnye-chasti-i-komplektuyushchie/zapchasti-dlya-grokhotov/setka-riflenaya-dlya-grokhotov/setka-riflenaya-dlya-grokhotov-iz-rossiyskoy-stali/setka-riflenaya-yach-5kh5-gost3306-88/";"";"";"";"";"нет";"да";"нет"
"/catalog/zapasnye-chasti-i-komplektuyushchie/zapchasti-dlya-grokhotov/setka-riflenaya-dlya-grokhotov/setka-riflenaya-dlya-grokhotov-iz-rossiyskoy-stali/setka-riflenaya-yach-70kh70-gost3306-88/";"";"";"";"";"нет";"да";"нет"
"/catalog/zapasnye-chasti-i-komplektuyushchie/zapchasti-dlya-grokhotov/setka-riflenaya-dlya-grokhotov/setka-riflenaya-dlya-grokhotov-iz-rossiyskoy-stali/setka-riflenaya-yach-8kh8-gost3306-88/";"";"";"";"";"нет";"да";"нет"
"/catalog/zapasnye-chasti-i-komplektuyushchie/zapchasti-dlya-konveyerov/";"200";"Каталог товаров - Завод дробильно-сортировочного оборудования";"Поставка оборудования, запасных частей и расходных материалов для дробильно-сортировочного, горно-добывающего и дорожно-строительного оборудования";"Каталог товаров";"да";"да";"да"
"/catalog/zapasnye-chasti-i-komplektuyushchie/zapchasti-dlya-pitately/";"200";"Запчасти для питателй от Завода ДСО";"Завод ДСО предлагает запчасти для питателй в Челябинске";"Запчасти для питателй";"да";"да";"нет"
"/catalog/zapasnye-chasti-i-komplektuyushchie/zapchasti-dlya-pitately/pitatel-plastinchatyy-p-804-104920-10/";"200";"Питатель пластинчатый П-804 (104920-10) от Завода ДСО";"Завод ДСО предлагает питатель пластинчатый п-804 (104920-10) в Челябинске";"Питатель пластинчатый П-804 (104920-10)";"да";"да";"нет"
"/catalog/zapasnye-chasti-i-komplektuyushchie/zapchasti-dlya-pitately/pitatel-plastinchatyy-p-804-104920-10/plastina-4820904204-227-4-20-1-pitatelya-p-804/";"";"";"";"";"нет";"да";"нет"
"/catalog/zapasnye-chasti-i-komplektuyushchie/zapchasti-dlya-pitately/pitatel-plastinchatyy-p-804-104920-10/plastina-4820904205-227-4-20-2-pitatelya-p-804/";"";"";"";"";"нет";"да";"нет"
"/catalog/zapasnye-chasti-i-komplektuyushchie/zapchasti-dlya-pitately/pitatel-plastinchatyy-p-804-104920-10/polotno-tsep-plastinchataya-4822704160-pitatelya-p-804/";"";"";"";"";"нет";"да";"нет"
"/catalog/zapasnye-chasti-i-komplektuyushchie/zapchasti-dlya-pitately/pitatel-plastinchatyy-p-804-104920-10/tsep-polotna-plastinchataya-48227041700-pitatelya-p-804/";"";"";"";"";"нет";"да";"нет"
"/catalog/zapasnye-chasti-i-komplektuyushchie/zapchasti-dlya-pitately/pitatel-plastinchatyy-tk-16a-dro-604/";"200";"Питатель пластинчатый ТК-16А (ДРО-604) от Завода ДСО";"Завод ДСО предлагает Питатель пластинчатый ТК-16А (ДРО-604) в Челябинске";"Питатель пластинчатый ТК-16А (ДРО-604)";"да";"да";"нет"
"/catalog/zapasnye-chasti-i-komplektuyushchie/zapchasti-dlya-pitately/pitatel-plastinchatyy-tk-16a-dro-604/blok-rolikov-1060419000-tk-15a-01-900-tk-16a-dro-604/";"";"";"";"";"нет";"да";"нет"
"/catalog/zapasnye-chasti-i-komplektuyushchie/zapchasti-dlya-pitately/pitatel-plastinchatyy-tk-16a-dro-604/bunker-1060428000-tk-16a-dro-604/";"";"";"";"";"нет";"да";"нет"
"/catalog/zapasnye-chasti-i-komplektuyushchie/zapchasti-dlya-pitately/pitatel-plastinchatyy-tk-16a-dro-604/koleso-natyazhnoe-1060417100-tk15a-01-502-tk-16a-dro-604/";"";"";"";"";"нет";"да";"нет"
"/catalog/zapasnye-chasti-i-komplektuyushchie/zapchasti-dlya-pitately/pitatel-plastinchatyy-tk-16a-dro-604/korpus-podshipnika-1060422002-tk15a-01-305-tk-16a-dro-604/";"";"";"";"";"нет";"да";"нет"
"/catalog/zapasnye-chasti-i-komplektuyushchie/zapchasti-dlya-pitately/pitatel-plastinchatyy-tk-16a-dro-604/palets-1060411002-tk15a-01-202-tk-16a-dro-604/";"";"";"";"";"нет";"да";"нет"
"/catalog/zapasnye-chasti-i-komplektuyushchie/zapchasti-dlya-pitately/pitatel-plastinchatyy-tk-16a-dro-604/plastina-1060411001-tk15a-01-201-tk-16a-dro-604/";"";"";"";"";"нет";"да";"нет"
"/catalog/zapasnye-chasti-i-komplektuyushchie/zapchasti-dlya-pitately/pitatel-plastinchatyy-tk-16a-dro-604/polotno-plastin-1060411000-tk15a-01-200-tk-16a-dro-604/";"";"";"";"";"нет";"да";"нет"
"/catalog/zapasnye-chasti-i-komplektuyushchie/zapchasti-dlya-pitately/pitatel-plastinchatyy-tk-16a-dro-604/rolik-opornyy-1060413000-tk15a-01-600-tk-16a-dro-604/";"";"";"";"";"нет";"да";"нет"
"/catalog/zapasnye-chasti-i-komplektuyushchie/zapchasti-dlya-pitately/pitatel-plastinchatyy-tk-16a-dro-604/shesternya-bolshaya-1060422014-s640-0-1-tk-16a-dro-604/";"";"";"";"";"нет";"да";"нет"
"/catalog/zapasnye-chasti-i-komplektuyushchie/zapchasti-dlya-pitately/pitatel-plastinchatyy-tk-16a-dro-604/shesternya-malaya-106041005-10-s704-0-5-tk-16a-dro-604/";"";"";"";"";"нет";"да";"нет"
"/catalog/zapasnye-chasti-i-komplektuyushchie/zapchasti-dlya-pitately/pitatel-plastinchatyy-tk-16a-dro-604/val-privodnoy-1060418000-tk15a-01-400-tk-16a-dro-604/";"";"";"";"";"нет";"да";"нет"
"/catalog/zapasnye-chasti-i-komplektuyushchie/zapchasti-dlya-pitately/pitatel-plastinchatyy-tk-16a-dro-604/val-privodnoy-golyy-1060418001-tk15a-01-401-tk-16a-dro-604/";"";"";"";"";"нет";"да";"нет"
"/catalog/zapasnye-chasti-i-komplektuyushchie/zapchasti-dlya-pitately/pitatel-plastinchatyy-tk-16a-dro-604/val-vedomyy-1060417000-10-tk15a-01-500-tk-16a-dro-604/";"";"";"";"";"нет";"да";"нет"
"/catalog/zapasnye-chasti-i-komplektuyushchie/zapchasti-dlya-pitately/pitatel-plastinchatyy-tk-16a-dro-604/val-vedomyy-golyy-1060417002-10-tk15a-01-501-tk-16a-dro-604/";"";"";"";"";"нет";"да";"нет"
"/catalog/zapasnye-chasti-i-komplektuyushchie/zapchasti-dlya-pitately/pitatel-plastinchatyy-tk-16a-dro-604/val-vedushchiy-1060422000-10-tk15a-01-300-tk-16a-dro-604/";"";"";"";"";"нет";"да";"нет"
"/catalog/zapasnye-chasti-i-komplektuyushchie/zapchasti-dlya-pitately/pitatel-plastinchatyy-tk-16a-dro-604/val-vedushchiy-golyy-1060422003-10-tk15a-01-301-tk-16a-dro-604/";"";"";"";"";"нет";"да";"нет"
"/catalog/zapasnye-chasti-i-komplektuyushchie/zapchasti-dlya-pitately/pitatel-plastinchatyy-tk-16a-dro-604/zvezdochka-vedushchaya-1060422100-tk15a-01-302-tk-16a-dro-604/";"";"";"";"";"нет";"да";"нет"
"/catalog/zapchasti-dlya-abz/";"200";"Каталог - Завод дробильно-сортировочного оборудования";"Поставка оборудования, запасных частей и расходных материалов для дробильно-сортировочного, горно-добывающего и дорожно-строительного оборудования";"Каталог";"да";"нет";"да"
"/catalog/zapchasti-dlya-abz/zapchasti-dlya-ds-158-ds-185/";"200";"Каталог - Завод дробильно-сортировочного оборудования";"Поставка оборудования, запасных частей и расходных материалов для дробильно-сортировочного, горно-добывающего и дорожно-строительного оборудования";"Каталог";"да";"нет";"да"
"/catalog/zapchasti-dlya-abz/zapchasti-dlya-ds-158-ds-185/bronelist-ds-158-45-10-002/";"200";"Каталог - Завод дробильно-сортировочного оборудования";"Поставка оборудования, запасных частей и расходных материалов для дробильно-сортировочного, горно-добывающего и дорожно-строительного оборудования";"Каталог";"да";"нет";"да"
"/catalog/zapchasti-dlya-abz/zapchasti-dlya-ds-158-ds-185/bronelist-ds-158-46-10-002-verkhniy-tortsevoy/";"200";"Каталог - Завод дробильно-сортировочного оборудования";"Поставка оборудования, запасных частей и расходных материалов для дробильно-сортировочного, горно-добывающего и дорожно-строительного оборудования";"Каталог";"да";"нет";"да"
"/catalog/zapchasti-dlya-abz/zapchasti-dlya-ds-158-ds-185/bronelist-ds-185-45-12-001/";"200";"Каталог - Завод дробильно-сортировочного оборудования";"Поставка оборудования, запасных частей и расходных материалов для дробильно-сортировочного, горно-добывающего и дорожно-строительного оборудования";"Каталог";"да";"нет";"да"
"/catalog/zapchasti-dlya-abz/zapchasti-dlya-ds-158-ds-185/bronelist-ds-185-45-12-006/";"200";"Каталог - Завод дробильно-сортировочного оборудования";"Поставка оборудования, запасных частей и расходных материалов для дробильно-сортировочного, горно-добывающего и дорожно-строительного оборудования";"Каталог";"да";"нет";"да"
"/catalog/zapchasti-dlya-abz/zapchasti-dlya-ds-158-ds-185/bronelist-ds-185-45-12-040-verkhniy-tortsevoy/";"200";"Каталог - Завод дробильно-сортировочного оборудования";"Поставка оборудования, запасных частей и расходных материалов для дробильно-сортировочного, горно-добывающего и дорожно-строительного оборудования";"Каталог";"да";"нет";"да"
"/catalog/zapchasti-dlya-abz/zapchasti-dlya-ds-158-ds-185/list-bronevoy-ds-158-45-10-118/";"200";"Каталог - Завод дробильно-сортировочного оборудования";"Поставка оборудования, запасных частей и расходных материалов для дробильно-сортировочного, горно-добывающего и дорожно-строительного оборудования";"Каталог";"да";"нет";"да"
"/catalog/zapchasti-dlya-abz/zapchasti-dlya-ds-158-ds-185/list-bronevoy-ds-158-45-10-119-kontsevoy/";"200";"Каталог - Завод дробильно-сортировочного оборудования";"Поставка оборудования, запасных частей и расходных материалов для дробильно-сортировочного, горно-добывающего и дорожно-строительного оборудования";"Каталог";"да";"нет";"да"
"/catalog/zapchasti-dlya-abz/zapchasti-dlya-ds-158-ds-185/list-bronevoy-ds-158-46-10-001-nizhniy-tortsevoy/";"200";"Каталог - Завод дробильно-сортировочного оборудования";"Поставка оборудования, запасных частей и расходных материалов для дробильно-сортировочного, горно-добывающего и дорожно-строительного оборудования";"Каталог";"да";"нет";"да"
"/catalog/zapchasti-dlya-abz/zapchasti-dlya-ds-158-ds-185/list-predokhranitelnyy-bokovoy-d597-08-12-056/";"200";"Каталог - Завод дробильно-сортировочного оборудования";"Поставка оборудования, запасных частей и расходных материалов для дробильно-сортировочного, горно-добывающего и дорожно-строительного оборудования";"Каталог";"да";"нет";"да"
"/catalog/zapchasti-dlya-abz/zapchasti-dlya-ds-158-ds-185/lopast-ds-158-45-10-282/";"200";"Каталог - Завод дробильно-сортировочного оборудования";"Поставка оборудования, запасных частей и расходных материалов для дробильно-сортировочного, горно-добывающего и дорожно-строительного оборудования";"Каталог";"да";"нет";"да"
"/catalog/zapchasti-dlya-abz/zapchasti-dlya-ds-158-ds-185/sektor-broni-ds-158-45-10-008/";"200";"Каталог - Завод дробильно-сортировочного оборудования";"Поставка оборудования, запасных частей и расходных материалов для дробильно-сортировочного, горно-добывающего и дорожно-строительного оборудования";"Каталог";"да";"нет";"да"
"/catalog/zapchasti-dlya-abz/zapchasti-dlya-ds-158-ds-185/stoyka-levaya-ds-158-45-10-283/";"200";"Каталог - Завод дробильно-сортировочного оборудования";"Поставка оборудования, запасных частей и расходных материалов для дробильно-сортировочного, горно-добывающего и дорожно-строительного оборудования";"Каталог";"да";"нет";"да"
"/catalog/zapchasti-dlya-abz/zapchasti-dlya-ds-158-ds-185/stoyka-pravaya-ds-158-45-10-281/";"200";"Каталог - Завод дробильно-сортировочного оборудования";"Поставка оборудования, запасных частей и расходных материалов для дробильно-сортировочного, горно-добывающего и дорожно-строительного оборудования";"Каталог";"да";"нет";"да"
"/catalog/zapchasti-dlya-drobilnogo-oborudovaniya/";"200";"Каталог - Завод дробильно-сортировочного оборудования";"Поставка оборудования, запасных частей и расходных материалов для дробильно-сортировочного, горно-добывающего и дорожно-строительного оборудования";"Каталог";"да";"нет";"да"
"/catalog/zapchasti-dlya-drobilnogo-oborudovaniya/drobilki-konusnye/";"200";"Каталог - Завод дробильно-сортировочного оборудования";"Поставка оборудования, запасных частей и расходных материалов для дробильно-сортировочного, горно-добывающего и дорожно-строительного оборудования";"Каталог";"да";"нет";"да"
"/catalog/zapchasti-dlya-drobilnogo-oborudovaniya/drobilki-konusnye/dro-592-ksd-600/";"200";"ДРО-592 (КСД-600) от Завод ДСО";"Завод ДСО предлагает дро-592 (ксд-600) в Челябинске";"ДРО-592 (КСД-600)";"да";"нет";"нет"
"/catalog/zapchasti-dlya-drobilnogo-oborudovaniya/drobilki-konusnye/dro-592-ksd-600/bolt-1059201020-dro-592-ksd-600/";"200";"Болт М36х520 1059201020 ДРО-592 (КСД-600) от Завода ДСО";"Завод ДСО предлагает Болт М36х520 1059201020 ДРО-592 (КСД-600) в Челябинске";"Болт М36х520 1059201020 ДРО-592 (КСД-600)";"да";"нет";"нет"
"/catalog/zapchasti-dlya-drobilnogo-oborudovaniya/drobilki-konusnye/dro-592-ksd-600/elektrodvigatel-a180m4-dro-592-ksd-600/";"200";"Электродвигатель А180М4 ДРО-592 (КСД-600) от Завода ДСО";"Завод ДСО предлагает Электродвигатель А180М4 ДРО-592 (КСД-600) в Челябинске";"Электродвигатель А180М4 ДРО-592 (КСД-600)";"да";"нет";"нет"
"/catalog/zapchasti-dlya-drobilnogo-oborudovaniya/drobilki-konusnye/dro-592-ksd-600/karter-privoda-1059207001-dro-592-ksd-600/";"200";"Картер привода 1059207001 ДРО-592 (КСД-600) от Завода ДСО";"Завод ДСО предлагает Картер привода 1059207001 ДРО-592 (КСД-600) в Челябинске";"Картер привода 1059207001 ДРО-592 (КСД-600)";"да";"нет";"нет"
"/catalog/zapchasti-dlya-drobilnogo-oborudovaniya/drobilki-konusnye/dro-592-ksd-600/mekhanizm-regulirovaniya-shcheli-105920900-dro-592-ksd-600/";"200";"Каталог - Завод дробильно-сортировочного оборудования";"Поставка оборудования, запасных частей и расходных материалов для дробильно-сортировочного, горно-добывающего и дорожно-строительного оборудования";"Каталог";"да";"нет";"да"
"/catalog/zapchasti-dlya-drobilnogo-oborudovaniya/drobilki-konusnye/dro-592-ksd-600/privod-1059207000-dro-592-ksd-600/";"200";"Каталог - Завод дробильно-сортировочного оборудования";"Поставка оборудования, запасных частей и расходных материалов для дробильно-сортировочного, горно-добывающего и дорожно-строительного оборудования";"Каталог";"да";"нет";"да"
"/catalog/zapchasti-dlya-drobilnogo-oborudovaniya/drobilki-konusnye/dro-592-ksd-600/pruzhina-1056101004-dro-592-ksd-600/";"200";"Пружина 1056101004 ДРО-592 (КСД-600) от Завода ДСО";"Завод ДСО предлагает Пружина 1056101004 ДРО-592 (КСД-600) в Челябинске";"Пружина 1056101004 ДРО-592 (КСД-600)";"да";"нет";"нет"
"/catalog/zapchasti-dlya-drobilnogo-oborudovaniya/drobilki-konusnye/dro-592-ksd-600/remen-klinovoy-s-v-3350/";"200";"Ремень клиновой С(В)-3350 от Завода ДСО";"Завод ДСО предлагает Ремень клиновой С(В)-3350 в Челябинске";"Ремень клиновой С(В)-3350";"да";"нет";"нет"
"/catalog/zapchasti-dlya-drobilnogo-oborudovaniya/drobilki-konusnye/dro-592-ksd-600/shesternya-konicheskaya-1056107003-297-7-0-3-dro-592-ksd-600/";"200";"Шестерня коническая 1056107003 (297-7-0-3) ДРО-592 (КСД-600) от Завода ДСО";"Завод ДСО предлагает Шестерня коническая 1056107003 (297-7-0-3) ДРО-592 (КСД-600) в Челябинске";"Шестерня коническая 1056107003 (297-7-0-3) ДРО-592 (КСД-600)";"да";"нет";"нет"
"/catalog/zapchasti-dlya-drobilnogo-oborudovaniya/drobilki-konusnye/dro-592-ksd-600/shkiv-elektrodvigatelya-1048800006-10-dro-592-ksd-600/";"200";"Шкив электродвигателя 1048800006-10 ДРО-592 (КСД-600) от Завода ДСО";"Завод ДСО предлагает Шкив электродвигателя 1048800006-10 ДРО-592 (КСД-600) в Челябинске";"Шкив электродвигателя 1048800006-10 ДРО-592 (КСД-600)";"да";"нет";"нет"
"/catalog/zapchasti-dlya-drobilnogo-oborudovaniya/drobilki-konusnye/dro-592-ksd-600/shkiv-privoda-1029707004-dro-592-ksd-600/";"200";"Шкив привода 1029707004 ДРО-592 (КСД-600) от Завода ДСО";"Завод ДСО предлагает Шкив привода 1029707004 ДРО-592 (КСД-600) в Челябинске";"Шкив привода 1029707004 ДРО-592 (КСД-600)";"да";"нет";"нет"
"/catalog/zapchasti-dlya-drobilnogo-oborudovaniya/drobilki-konusnye/dro-592-ksd-600/stanina-1059201001-dro-592-ksd-600/";"200";"Станина 1059201001 ДРО-592 (КСД-600) от Завода ДСО";"Завод ДСО предлагает Станина 1059201001 ДРО-592 (КСД-600) в Челябинске";"Станина 1059201001 ДРО-592 (КСД-600)";"да";"нет";"нет"
"/catalog/zapchasti-dlya-drobilnogo-oborudovaniya/drobilki-konusnye/dro-592-ksd-600/val-privoda-1056107017-dro-592-ksd-600/";"200";"Вал привода 1056107017 ДРО-592 (КСД-600) от Завода ДСО";"Завод ДСО предлагает Вал привода 1056107017 ДРО-592 (КСД-600) в Челябинске";"Вал привода 1056107017 ДРО-592 (КСД-600)";"да";"нет";"нет"
"/catalog/zapchasti-dlya-drobilnogo-oborudovaniya/drobilki-konusnye/dro-592-ksd-600/vorotnik-protivopylnyy-1029705003-297-5-0-3-dro-592-ksd-600/";"200";"Воротник противопыльный 1029705003 (297-5-0-3) ДРО-592 (КСД-600) от Завода ДСО";"Завод ДСО предлагает Воротник противопыльный 1029705003 (297-5-0-3) ДРО-592 (КСД-600) в Челябинске";"Воротник противопыльный 1029705003 (297-5-0-3) ДРО-592 (КСД-600)";"да";"нет";"нет"
"/catalog/zapchasti-dlya-drobilnogo-oborudovaniya/drobilki-konusnye/smd-120a-ksd-900/";"200";"Каталог - Завод дробильно-сортировочного оборудования";"Поставка оборудования, запасных частей и расходных материалов для дробильно-сортировочного, горно-добывающего и дорожно-строительного оборудования";"Каталог";"да";"нет";"да"
"/catalog/zapchasti-dlya-drobilnogo-oborudovaniya/drobilki-shchekovye/";"200";"Каталог - Завод дробильно-сортировочного оборудования";"Поставка оборудования, запасных частей и расходных материалов для дробильно-сортировочного, горно-добывающего и дорожно-строительного оборудования";"Каталог";"да";"нет";"да"
"/catalog/zapchasti-dlya-drobilnogo-oborudovaniya/drobilki-shchekovye/smd-108a/";"200";"Каталог - Завод дробильно-сортировочного оборудования";"Поставка оборудования, запасных частей и расходных материалов для дробильно-сортировочного, горно-добывающего и дорожно-строительного оборудования";"Каталог";"да";"нет";"да"
"/catalog/zapchasti-dlya-drobilnogo-oborudovaniya/drobilki-shchekovye/smd-108a/elektrodvigatel-a250s6/";"200";"Электродвигатель А250S6 от Завода ДСО";"Завод ДСО предлагает электродвигатель а250s6 в Челябинске";"Электродвигатель А250S6";"да";"нет";"нет"
"/catalog/zapchasti-dlya-drobilnogo-oborudovaniya/drobilki-shchekovye/smd-108a/gayka-4844802031/";"200";"Гайка 4844802031 от Завода ДСО";"Завод ДСО предлагает гайка 4844802031 в Челябинске";"Гайка 4844802031";"да";"нет";"нет"
"/catalog/zapchasti-dlya-drobilnogo-oborudovaniya/drobilki-shchekovye/smd-108a/gayka-levaya-4816800036/";"200";"Гайка левая 4816800036 от Завода ДСО";"Завод ДСО предлагает гайка левая 4816800036 в Челябинске";"Гайка левая 4816800036";"да";"нет";"нет"
"/catalog/zapchasti-dlya-drobilnogo-oborudovaniya/drobilki-shchekovye/smd-108a/gayka-pravaya-4816800035/";"200";"Гайка правая 4816800035 от Завода ДСО";"Завод ДСО предлагает гайка правая 4816800035 в Челябинске";"Гайка правая 4816800035";"да";"нет";"нет"
"/catalog/zapchasti-dlya-drobilnogo-oborudovaniya/drobilki-shchekovye/smd-108a/klin-nizhniy-levyy-4844800004/";"200";"Клин нижний левый 4844800004 от Завода ДСО";"Завод ДСО предлагает клин нижний левый 4844800004 в Челябинске";"Клин нижний левый 4844800004";"да";"нет";"нет"
"/catalog/zapchasti-dlya-drobilnogo-oborudovaniya/drobilki-shchekovye/smd-108a/klin-nizhniy-pravyy-4844800005/";"200";"Клин нижний правый 4844800005 от Завода ДСО";"Завод ДСО предлагает клин нижний правый 4844800005 в Челябинске";"Клин нижний правый 4844800005";"да";"нет";"нет"
"/catalog/zapchasti-dlya-drobilnogo-oborudovaniya/drobilki-shchekovye/smd-108a/klin-regulirovochnyy-1048903009/";"200";"Клин регулировочный 1048903009 от Завода ДСО";"Завод ДСО предлагает клин регулировочный 1048903009 в Челябинске";"Клин регулировочный 1048903009";"да";"нет";"нет"
"/catalog/zapchasti-dlya-drobilnogo-oborudovaniya/drobilki-shchekovye/smd-108a/klin-verkhniy-levyy-4844800003/";"200";"Клин верхний левый 4844800003 от Завода ДСО";"Завод ДСО предлагает клин верхний левый 4844800003 в Челябинске";"Клин верхний левый 4844800003";"да";"нет";"нет"
"/catalog/zapchasti-dlya-drobilnogo-oborudovaniya/drobilki-shchekovye/smd-108a/klin-verkhniy-pravyy-4844800002/";"200";"Клин верхний правый 4844800002 от Завода ДСО";"Завод ДСО предлагает клин верхний правый 4844800002 в Челябинске";"Клин верхний правый 4844800002";"да";"нет";"нет"
"/catalog/zapchasti-dlya-drobilnogo-oborudovaniya/drobilki-shchekovye/smd-108a/kryshka-shcheki-1049002006-10/";"200";"Крышка щеки 1049002006-10 от Завода ДСО";"Завод ДСО предлагает крышка щеки 1049002006-10 в Челябинске";"Крышка щеки 1049002006-10";"да";"нет";"нет"
"/catalog/zapchasti-dlya-drobilnogo-oborudovaniya/drobilki-shchekovye/smd-108a/plita-drobyashchaya-nepodvizhnaya-4844800009/";"200";"Плита дробящая неподвижная 4844800009 от Завода ДСО";"Завод ДСО предлагает Плита дробящая неподвижная 4844800009 в Челябинске";"Плита дробящая неподвижная 4844800009";"да";"нет";"нет"
"/catalog/zapchasti-dlya-drobilnogo-oborudovaniya/drobilki-shchekovye/smd-108a/plita-drobyashchaya-podvizhnaya-4844802022/";"200";"Плита дробящая подвижная 4844802022 от Завода ДСО";"Завод ДСО предлагает Плита дробящая подвижная 4844802022 в Челябинске";"Плита дробящая подвижная 4844802022";"да";"нет";"нет"
"/catalog/zapchasti-dlya-drobilnogo-oborudovaniya/drobilki-shchekovye/smd-108a/plita-raspornaya-4844800006/";"200";"Плита распорная 4844800006 от Завода ДСО";"Завод ДСО предлагает Плита распорная 4844800006 в Челябинске";"Плита распорная 4844800006";"да";"нет";"нет"
"/catalog/zapchasti-dlya-drobilnogo-oborudovaniya/drobilki-shchekovye/smd-108a/polzun-1048903302/";"200";"Ползун 1048903302 от Завода ДСО";"Завод ДСО предлагает Ползун 1048903302 в Челябинске";"Ползун 1048903302";"да";"нет";"нет"
"/catalog/zapchasti-dlya-drobilnogo-oborudovaniya/drobilki-shchekovye/smd-108a/remen-klinovoy-s-v-5000/";"200";"Ремень клиновой С(В)-5000 от Завода ДСО";"Завод ДСО предлагает Ремень клиновой С(В)-5000 в Челябинске";"Ремень клиновой С(В)-5000";"да";"нет";"нет"
"/catalog/zapchasti-dlya-drobilnogo-oborudovaniya/drobilki-shchekovye/smd-108a/shkiv-elektrodvigatelya-4844905001/";"200";"Шкив электродвигателя 4844905001 от Завода ДСО";"Завод ДСО предлагает шкив электродвигателя 4844905001 в Челябинске";"Шкив электродвигателя 4844905001";"да";"нет";"нет"
"/catalog/zapchasti-dlya-drobilnogo-oborudovaniya/drobilki-shchekovye/smd-108a/stakan-levyy-1049002100/";"200";"Стакан левый 1049002100 от Завода ДСО";"Завод ДСО предлагает Стакан левый 1049002100 в Челябинске";"Стакан левый 1049002100";"да";"нет";"нет"
"/catalog/zapchasti-dlya-drobilnogo-oborudovaniya/drobilki-shchekovye/smd-108a/stakan-pravyy-1049002200/";"200";"Стакан правый 1049002200 от Завода ДСО";"Завод ДСО предлагает Стакан правый 1049002200 в Челябинске";"Стакан правый 1049002200";"да";"нет";"нет"
"/catalog/zapchasti-dlya-drobilnogo-oborudovaniya/drobilki-shchekovye/smd-108a/sukhar-4844802029/";"200";"Сухарь 4844802029 от Завода ДСО";"Завод ДСО предлагает сухарь 4844802029 в Челябинске";"Сухарь 4844802029";"да";"нет";"нет"
"/catalog/zapchasti-dlya-drobilnogo-oborudovaniya/drobilki-shchekovye/smd-108a/vint-regulirovochnyy-1048905011-1048903002/";"200";"Винт регулировочный 1048905011 (1048903002) от Завода ДСО";"Завод ДСО предлагает винт регулировочный 1048905011 (1048903002) в Челябинске";"Винт регулировочный 1048905011 (1048903002)";"да";"нет";"нет"
"/catalog/zapchasti-dlya-drobilnogo-oborudovaniya/drobilki-shchekovye/smd-109a/";"200";"Каталог - Завод дробильно-сортировочного оборудования";"Поставка оборудования, запасных частей и расходных материалов для дробильно-сортировочного, горно-добывающего и дорожно-строительного оборудования";"Каталог";"да";"нет";"да"
"/catalog/zapchasti-dlya-drobilnogo-oborudovaniya/drobilki-shchekovye/smd-109a/gayka-4844802031-smd-109a/";"200";"Гайка 4844802031 СМД-109А от Завода ДСО";"Завод ДСО предлагает гайка 4844802031 смд-109а в Челябинске";"Гайка 4844802031 СМД-109А";"да";"нет";"нет"
"/catalog/zapchasti-dlya-drobilnogo-oborudovaniya/drobilki-shchekovye/smd-109a/gayka-levaya-4816800036-smd-109/";"200";"Гайка левая 4816800036 СМД-109 от Завода ДСО";"Завод ДСО предлагает гайка левая 4816800036 смд-109 в Челябинске";"Гайка левая 4816800036 СМД-109";"да";"нет";"нет"
"/catalog/zapchasti-dlya-drobilnogo-oborudovaniya/drobilki-shchekovye/smd-109a/gayka-pravaya-4816800035-smd-109/";"200";"Гайка правая 4816800035 СМД-109 от Завода ДСО";"Завод ДСО предлагает гайка правая 4816800035 смд-109 в Челябинске";"Гайка правая 4816800035 СМД-109";"да";"нет";"нет"
"/catalog/zapchasti-dlya-drobilnogo-oborudovaniya/drobilki-shchekovye/smd-109a/klin-regulirovochnyy-1048903009-smd-109a/";"200";"Клин регулировочный 1048903009 СМД-109А от Завода ДСО";"Завод ДСО предлагает клин регулировочный 1048903009 смд-109а в Челябинске";"Клин регулировочный 1048903009 СМД-109А";"да";"нет";"нет"
"/catalog/zapchasti-dlya-drobilnogo-oborudovaniya/drobilki-shchekovye/smd-109a/kryshka-shcheki-1049002006-10-smd-109a/";"200";"Крышка щеки 1049002006-10 СМД-109А от Завода ДСО";"Завод ДСО предлагает крышка щеки 1049002006-10 смд-109а в Челябинске";"Крышка щеки 1049002006-10 СМД-109А";"да";"нет";"нет"
"/catalog/zapchasti-dlya-drobilnogo-oborudovaniya/drobilki-shchekovye/smd-109a/polzun-1048903302-smd-109a/";"200";"Ползун 1048903302 СМД-109А от Завода ДСО";"Завод ДСО предлагает ползун 1048903302 смд-109а в Челябинске";"Ползун 1048903302 СМД-109А";"да";"нет";"нет"
"/catalog/zapchasti-dlya-drobilnogo-oborudovaniya/drobilki-shchekovye/smd-109a/stakan-levyy-1049002100-smd-109a/";"200";"Стакан левый 1049002100 СМД-109А от Завода ДСО";"Завод ДСО предлагает стакан левый 1049002100 смд-109а в Челябинске";"Стакан левый 1049002100 СМД-109А";"да";"нет";"нет"
"/catalog/zapchasti-dlya-drobilnogo-oborudovaniya/drobilki-shchekovye/smd-109a/stakan-pravyy-1049002200-smd-109a/";"200";"Стакан правый 1049002200 СМД-109А от Завода ДСО";"Завод ДСО предлагает стакан правый 1049002200 смд-109а в Челябинске";"Стакан правый 1049002200 СМД-109А";"да";"нет";"нет"
"/catalog/zapchasti-dlya-drobilnogo-oborudovaniya/drobilki-shchekovye/smd-109a/sukhar-4844802029-smd-109a/";"200";"Сухарь 4844802029 СМД-109А от Завода ДСО";"Завод ДСО предлагает сухарь 4844802029 смд-109а в Челябинске";"Сухарь 4844802029 СМД-109А";"да";"нет";"нет"
"/catalog/zapchasti-dlya-drobilnogo-oborudovaniya/drobilki-shchekovye/smd-109a/vint-regulirovochnyy-1048905011-1048903002-smd-109/";"200";"Винт регулировочный 1048905011 (1048903002) СМД-109 от Завода ДСО";"Завод ДСО предлагает винт регулировочный 1048905011 (1048903002) смд-109 в Челябинске";"Винт регулировочный 1048905011 (1048903002) СМД-109";"да";"нет";"нет"
"/catalog/zapchasti-dlya-drobilnogo-oborudovaniya/drobilki-shchekovye/smd-110a/";"200";"Каталог - Завод дробильно-сортировочного оборудования";"Поставка оборудования, запасных частей и расходных материалов для дробильно-сортировочного, горно-добывающего и дорожно-строительного оборудования";"Каталог";"да";"нет";"да"
"/catalog/zapchasti-dlya-drobilnogo-oborudovaniya/drobilki-shchekovye/smd-110a/gayka-levaya-4842600015/";"200";"Каталог товаров - Завод дробильно-сортировочного оборудования";"Поставка оборудования, запасных частей и расходных материалов для дробильно-сортировочного, горно-добывающего и дорожно-строительного оборудования";"Каталог товаров";"да";"нет";"да"
"/catalog/zapchasti-dlya-drobilnogo-oborudovaniya/drobilki-shchekovye/smd-110a/gayka-pravaya-4842600012/";"200";"Гайка правая 4842600012 от Завода ДСО";"Завод ДСО предлагает гайка правая 4842600012 в Челябинске";"Гайка правая 4842600012";"да";"нет";"нет"
"/catalog/zapchasti-dlya-drobilnogo-oborudovaniya/drobilki-shchekovye/smd-110a/klin-regulirovochnyy-1049103006/";"200";"Клин регулировочный 1049103006 от Завода ДСО";"Завод ДСО предлагает клин регулировочный 1049103006 в Челябинске";"Клин регулировочный 1049103006";"да";"нет";"нет"
"/catalog/zapchasti-dlya-drobilnogo-oborudovaniya/drobilki-shchekovye/smd-110a/polzun-1049103101/";"200";"Ползун 1049103101 от Завода ДСО";"Завод ДСО предлагает ползун 1049103101 в Челябинске";"Ползун 1049103101";"да";"нет";"нет"
"/catalog/zapchasti-dlya-drobilnogo-oborudovaniya/drobilki-shchekovye/smd-110a/sukhar-4844802029-smd-110a/";"200";"Сухарь 4844802029 СМД-110А от Завода ДСО";"Завод ДСО предлагает сухарь 4844802029 смд-110а в Челябинске";"Сухарь 4844802029 СМД-110А";"да";"нет";"нет"
"/catalog/zapchasti-dlya-drobilnogo-oborudovaniya/drobilki-shchekovye/smd-110a/vint-regulirovochnyy-1052907001-10-1049103005/";"200";"Винт регулировочный 1052907001-10 (1049103005) от Завода ДСО";"Завод ДСО предлагает винт регулировочный 1052907001-10 (1049103005) в Челябинске";"Винт регулировочный 1052907001-10 (1049103005)";"да";"нет";"нет"
"/catalog/zapchasti-dlya-drobilnogo-oborudovaniya/pitatel-plastinchatyy-p-804-104920-10/";"200";"Каталог - Завод дробильно-сортировочного оборудования";"Поставка оборудования, запасных частей и расходных материалов для дробильно-сортировочного, горно-добывающего и дорожно-строительного оборудования";"Каталог";"да";"нет";"да"
"/catalog/zapchasti-dlya-drobilnogo-oborudovaniya/pitatel-plastinchatyy-p-804-104920-10/plastina-4820904204-227-4-20-1-pitatelya-p-804/";"200";"Пластина 4820904204 (227-4-20-1) питателя П-804 от Завода ДСО";"Завод ДСО предлагает пластина 4820904204 (227-4-20-1) питателя п-804 в Челябинске";"Пластина 4820904204 (227-4-20-1) питателя П-804";"да";"нет";"нет"
"/catalog/zapchasti-dlya-drobilnogo-oborudovaniya/pitatel-plastinchatyy-p-804-104920-10/plastina-4820904205-227-4-20-2-pitatelya-p-804/";"200";"Пластина 4820904205 (227-4-20-2) питателя П-804 от Завода ДСО";"Завод ДСО предлагает пластина 4820904205 (227-4-20-2) питателя п-804 в Челябинске";"Пластина 4820904205 (227-4-20-2) питателя П-804";"да";"нет";"нет"
"/catalog/zapchasti-dlya-drobilnogo-oborudovaniya/pitatel-plastinchatyy-p-804-104920-10/polotno-tsep-plastinchataya-4822704160-pitatelya-p-804/";"200";"Полотно (цепь пластинчатая) 4822704160 питателя П-804 от Завода ДСО";"Завод ДСО предлагает полотно (цепь пластинчатая) 4822704160 питателя п-804 в Челябинске";"Полотно (цепь пластинчатая) 4822704160 питателя П-804";"да";"нет";"нет"
"/catalog/zapchasti-dlya-drobilnogo-oborudovaniya/pitatel-plastinchatyy-p-804-104920-10/tsep-polotna-plastinchataya-48227041700-pitatelya-p-804/";"200";"Цепь полотна пластинчатая 48227041700 питателя П-804 от Завода ДСО";"Завод ДСО предлагает цепь полотна пластинчатая 48227041700 питателя п-804 в Челябинске";"Цепь полотна пластинчатая 48227041700 питателя П-804";"да";"нет";"нет"
"/catalog/zapchasti-dlya-drobilnogo-oborudovaniya/pitatel-plastinchatyy-tk-16a-dro-604/";"200";"Каталог - Завод дробильно-сортировочного оборудования";"Поставка оборудования, запасных частей и расходных материалов для дробильно-сортировочного, горно-добывающего и дорожно-строительного оборудования";"Каталог";"да";"нет";"да"
"/catalog/zapchasti-dlya-drobilnogo-oborudovaniya/pitatel-plastinchatyy-tk-16a-dro-604/blok-rolikov-1060419000-tk-15a-01-900-tk-16a-dro-604/";"200";"Блок роликов 1060419000 (ТК-15А. 01.900) ТК-16А (ДРО-604) от Завода ДСО";"Завод ДСО предлагает блок роликов 1060419000 (тк-15а. 01.900) тк-16а (дро-604) в Челябинске";"Блок роликов 1060419000 (ТК-15А. 01.900) ТК-16А (ДРО-604)";"да";"нет";"нет"
"/catalog/zapchasti-dlya-drobilnogo-oborudovaniya/pitatel-plastinchatyy-tk-16a-dro-604/bunker-1060428000-tk-16a-dro-604/";"200";"Бункер 1060428000 ТК-16А (ДРО-604) от Завода ДСО";"Завод ДСО предлагает бункер 1060428000 тк-16а (дро-604) в Челябинске";"Бункер 1060428000 ТК-16А (ДРО-604)";"да";"нет";"нет"
"/catalog/zapchasti-dlya-drobilnogo-oborudovaniya/pitatel-plastinchatyy-tk-16a-dro-604/koleso-natyazhnoe-1060417100-tk15a-01-502-tk-16a-dro-604/";"200";"Колесо натяжное 1060417100 (ТК15А.01.502) ТК-16А (ДРО-604) от Завода ДСО";"Завод ДСО предлагает колесо натяжное 1060417100 (тк15а.01.502) тк-16а (дро-604) в Челябинске";"Колесо натяжное 1060417100 (ТК15А.01.502) ТК-16А (ДРО-604)";"да";"нет";"нет"
"/catalog/zapchasti-dlya-drobilnogo-oborudovaniya/pitatel-plastinchatyy-tk-16a-dro-604/korpus-podshipnika-1060422002-tk15a-01-305-tk-16a-dro-604/";"200";"Корпус подшипника 1060422002 (ТК15А.01.305)ТК-16А (ДРО-604) от Завода ДСО";"Завод ДСО предлагает корпус подшипника 1060422002 (тк15а.01.305)тк-16а (дро-604) в Челябинске";"Корпус подшипника 1060422002 (ТК15А.01.305)ТК-16А (ДРО-604)";"да";"нет";"нет"
"/catalog/zapchasti-dlya-drobilnogo-oborudovaniya/pitatel-plastinchatyy-tk-16a-dro-604/palets-1060411002-tk15a-01-202-tk-16a-dro-604/";"200";"Палец 1060411002 (ТК15А.01.202) ТК-16А (ДРО-604) от Завода ДСО";"Завод ДСО предлагает палец 1060411002 (тк15а.01.202) тк-16а (дро-604) в Челябинске";"Палец 1060411002 (ТК15А.01.202) ТК-16А (ДРО-604)";"да";"нет";"нет"
"/catalog/zapchasti-dlya-drobilnogo-oborudovaniya/pitatel-plastinchatyy-tk-16a-dro-604/plastina-1060411001-tk15a-01-201-tk-16a-dro-604/";"200";"Пластина 1060411001 (ТК15А.01.201) ТК-16А (ДРО-604) от Завода ДСО";"Завод ДСО предлагает пластина 1060411001 (тк15а.01.201) тк-16а (дро-604) в Челябинске";"Пластина 1060411001 (ТК15А.01.201) ТК-16А (ДРО-604)";"да";"нет";"нет"
"/catalog/zapchasti-dlya-drobilnogo-oborudovaniya/pitatel-plastinchatyy-tk-16a-dro-604/polotno-plastin-1060411000-tk15a-01-200-tk-16a-dro-604/";"200";"Полотно пластин 1060411000 (ТК15А.01.200) ТК-16А (ДРО-604) от Завода ДСО";"Завод ДСО предлагает полотно пластин 1060411000 (тк15а.01.200) тк-16а (дро-604) в Челябинске";"Полотно пластин 1060411000 (ТК15А.01.200) ТК-16А (ДРО-604)";"да";"нет";"нет"
"/catalog/zapchasti-dlya-drobilnogo-oborudovaniya/pitatel-plastinchatyy-tk-16a-dro-604/rolik-opornyy-1060413000-tk15a-01-600-tk-16a-dro-604/";"200";"Ролик опорный 1060413000 (ТК15А.01.600) ТК-16А (ДРО-604) от Завода ДСО";"Завод ДСО предлагает ролик опорный 1060413000 (тк15а.01.600) тк-16а (дро-604) в Челябинске";"Ролик опорный 1060413000 (ТК15А.01.600) ТК-16А (ДРО-604)";"да";"нет";"нет"
"/catalog/zapchasti-dlya-drobilnogo-oborudovaniya/pitatel-plastinchatyy-tk-16a-dro-604/shesternya-bolshaya-1060422014-s640-0-1-tk-16a-dro-604/";"200";"Шестерня большая 1060422014 (С640-0-1) ТК-16А (ДРО-604) от Завода ДСО";"Завод ДСО предлагает шестерня большая 1060422014 (с640-0-1) тк-16а (дро-604) в Челябинске";"Шестерня большая 1060422014 (С640-0-1) ТК-16А (ДРО-604)";"да";"нет";"нет"
"/catalog/zapchasti-dlya-drobilnogo-oborudovaniya/pitatel-plastinchatyy-tk-16a-dro-604/shesternya-malaya-106041005-10-s704-0-5-tk-16a-dro-604/";"200";"Шестерня малая 106041005-10 (С704-0-5) ТК-16А (ДРО-604) от Завода ДСО";"Завод ДСО предлагает шестерня малая 106041005-10 (с704-0-5) тк-16а (дро-604) в Челябинске";"Шестерня малая 106041005-10 (С704-0-5) ТК-16А (ДРО-604)";"да";"нет";"нет"
"/catalog/zapchasti-dlya-drobilnogo-oborudovaniya/pitatel-plastinchatyy-tk-16a-dro-604/val-privodnoy-1060418000-tk15a-01-400-tk-16a-dro-604/";"200";"Вал приводной 1060418000 (ТК15А.01.400) ТК-16А (ДРО-604) от Завода ДСО";"Завод ДСО предлагает вал приводной 1060418000 (тк15а.01.400) тк-16а (дро-604) в Челябинске";"Вал приводной 1060418000 (ТК15А.01.400) ТК-16А (ДРО-604)";"да";"нет";"нет"
"/catalog/zapchasti-dlya-drobilnogo-oborudovaniya/pitatel-plastinchatyy-tk-16a-dro-604/val-privodnoy-golyy-1060418001-tk15a-01-401-tk-16a-dro-604/";"200";"Вал приводной голый 1060418001 (ТК15А.01.401) ТК-16А (ДРО-604) от Завода ДСО";"Завод ДСО предлагает вал приводной голый 1060418001 (тк15а.01.401) тк-16а (дро-604) в Челябинске";"Вал приводной голый 1060418001 (ТК15А.01.401) ТК-16А (ДРО-604)";"да";"нет";"нет"
"/catalog/zapchasti-dlya-drobilnogo-oborudovaniya/pitatel-plastinchatyy-tk-16a-dro-604/val-vedomyy-1060417000-10-tk15a-01-500-tk-16a-dro-604/";"200";"Вал ведомый 1060417000-10 (ТК15А.01.500) ТК-16А (ДРО-604) от Завода ДСО";"Завод ДСО предлагает вал ведомый 1060417000-10 (тк15а.01.500) тк-16а (дро-604) в Челябинске";"Вал ведомый 1060417000-10 (ТК15А.01.500) ТК-16А (ДРО-604)";"да";"нет";"нет"
"/catalog/zapchasti-dlya-drobilnogo-oborudovaniya/pitatel-plastinchatyy-tk-16a-dro-604/val-vedomyy-golyy-1060417002-10-tk15a-01-501-tk-16a-dro-604/";"200";"Вал ведомый голый 1060417002-10 (ТК15А.01.501) ТК-16А (ДРО-604) от Завода ДСО";"Завод ДСО предлагает вал ведомый голый 1060417002-10 (тк15а.01.501) тк-16а (дро-604) в Челябинске";"Вал ведомый голый 1060417002-10 (ТК15А.01.501) ТК-16А (ДРО-604)";"да";"нет";"нет"
"/catalog/zapchasti-dlya-drobilnogo-oborudovaniya/pitatel-plastinchatyy-tk-16a-dro-604/val-vedushchiy-1060422000-10-tk15a-01-300-tk-16a-dro-604/";"200";"Вал ведущий 1060422000-10 (ТК15А.01.300) ТК-16А (ДРО-604) от Завода ДСО";"Завод ДСО предлагает вал ведущий 1060422000-10 (тк15а.01.300) тк-16а (дро-604) в Челябинске";"Вал ведущий 1060422000-10 (ТК15А.01.300) ТК-16А (ДРО-604)";"да";"нет";"нет"
"/catalog/zapchasti-dlya-drobilnogo-oborudovaniya/pitatel-plastinchatyy-tk-16a-dro-604/val-vedushchiy-golyy-1060422003-10-tk15a-01-301-tk-16a-dro-604/";"200";"Вал ведущий голый 1060422003-10 (ТК15А.01.301) ТК-16А (ДРО-604) от Завода ДСО";"Завод ДСО предлагает вал ведущий голый 1060422003-10 (тк15а.01.301) тк-16а (дро-604) в Челябинске";"Вал ведущий голый 1060422003-10 (ТК15А.01.301) ТК-16А (ДРО-604)";"да";"нет";"нет"
"/catalog/zapchasti-dlya-drobilnogo-oborudovaniya/pitatel-plastinchatyy-tk-16a-dro-604/zvezdochka-vedushchaya-1060422100-tk15a-01-302-tk-16a-dro-604/";"200";"Звездочка ведущая 1060422100 (ТК15А.01.302) ТК-16А (ДРО-604) от Завода ДСО";"Завод ДСО предлагает звездочка ведущая 1060422100 (тк15а.01.302) тк-16а (дро-604) в Челябинске";"Звездочка ведущая 1060422100 (ТК15А.01.302) ТК-16А (ДРО-604)";"да";"нет";"нет"
"/company/";"200";"Технические возможности - Завод дробильно-сортировочного оборудования";"Поставка оборудования, запасных частей и расходных материалов для дробильно-сортировочного, горно-добывающего и дорожно-строительного оборудования";"Технические возможности";"да";"нет";"нет"
"/company/history/";"200";"История - Завод дробильно-сортировочного оборудования";"Компания специализируется на производстве и поставке редукторов,муфт, звездочек и запасных частей для дорожной техники. Профессионализм и ответственность ключевые преимущества нашей компании.";"История";"да";"нет";"нет"
"/company/licenses/";"200";"Лицензии и сертификаты - Завод дробильно-сортировочного оборудования";"Компания специализируется на производстве и поставке редукторов,муфт, звездочек и запасных частей для дорожной техники. Профессионализм и ответственность ключевые преимущества нашей компании.";"Лицензии и сертификаты";"да";"нет";"нет"
"/company/partners/";"200";"Партнеры - Завод дробильно-сортировочного оборудования";"Компания специализируется на производстве и поставке редукторов,муфт, звездочек и запасных частей для дорожной техники. Профессионализм и ответственность ключевые преимущества нашей компании.";"Партнеры";"да";"нет";"нет"
"/company/requisites/";"200";"Реквизиты - Завод дробильно-сортировочного оборудования";"Компания специализируется на производстве и поставке редукторов,муфт, звездочек и запасных частей для дорожной техники. Профессионализм и ответственность ключевые преимущества нашей компании.";"Реквизиты";"да";"нет";"нет"
"/company/reviews/";"200";"Отзывы - Завод дробильно-сортировочного оборудования";"Компания специализируется на производстве и поставке редукторов,муфт, звездочек и запасных частей для дорожной техники. Профессионализм и ответственность ключевые преимущества нашей компании.";"Отзывы";"да";"нет";"нет"
"/company/staff/";"200";"Сотрудники - Завод дробильно-сортировочного оборудования";"Компания специализируется на производстве и поставке редукторов,муфт, звездочек и запасных частей для дорожной техники. Профессионализм и ответственность ключевые преимущества нашей компании.";"Сотрудники";"да";"нет";"нет"
"/company/vacancy/";"200";"Вакансии - Завод дробильно-сортировочного оборудования";"Компания специализируется на производстве и поставке редукторов,муфт, звездочек и запасных частей для дорожной техники. Профессионализм и ответственность ключевые преимущества нашей компании.";"Вакансии";"да";"нет";"нет"
"/contacts/";"200";"Контакты - Завод дробильно-сортировочного оборудования";"Компания специализируется на производстве и поставке редукторов,муфт, звездочек и запасных частей для дорожной техники. Профессионализм и ответственность ключевые преимущества нашей компании.";"Контакты";"да";"нет";"нет"
"/form/";"200";"Заполнение формы - Завод дробильно-сортировочного оборудования";"Комплектация и поставка дробильно-сортировочного оборудования и запасных частей для питателей, дробилок, грохотов, конвейеров, асфальтобетонных заводов российского и импортного производства";"";"да";"нет";"нет"
"/info/";"200";"Информация - Завод дробильно-сортировочного оборудования";"Компания специализируется на производстве и поставке редукторов,муфт, звездочек и запасных частей для дорожной техники. Профессионализм и ответственность ключевые преимущества нашей компании.";"Информация";"да";"нет";"нет"
"/info/articles/";"200";"Статьи - Завод дробильно-сортировочного оборудования";"Компания специализируется на производстве и поставке редукторов,муфт, звездочек и запасных частей для дорожной техники. Профессионализм и ответственность ключевые преимущества нашей компании.";"Статьи";"да";"нет";"нет"
"/info/faq/";"200";"Вопросы и ответы - Завод дробильно-сортировочного оборудования";"Компания специализируется на производстве и поставке редукторов,муфт, звездочек и запасных частей для дорожной техники. Профессионализм и ответственность ключевые преимущества нашей компании.";"Вопросы и ответы";"да";"нет";"нет"
"/info/more/";"200";"Возможности - Завод дробильно-сортировочного оборудования";"Компания специализируется на производстве и поставке редукторов,муфт, звездочек и запасных частей для дорожной техники. Профессионализм и ответственность ключевые преимущества нашей компании.";"Возможности";"да";"нет";"нет"
"/info/more/buttons/";"200";"Кнопки - Завод дробильно-сортировочного оборудования";"Компания специализируется на производстве и поставке редукторов,муфт, звездочек и запасных частей для дорожной техники. Профессионализм и ответственность ключевые преимущества нашей компании.";"Кнопки";"да";"нет";"нет"
"/info/more/elements/";"200";"Визуальные элементы - Завод дробильно-сортировочного оборудования";"Компания специализируется на производстве и поставке редукторов,муфт, звездочек и запасных частей для дорожной техники. Профессионализм и ответственность ключевые преимущества нашей компании.";"Визуальные элементы";"да";"нет";"нет"
"/info/more/icons/";"200";"Иконки - Завод дробильно-сортировочного оборудования";"Компания специализируется на производстве и поставке редукторов,муфт, звездочек и запасных частей для дорожной техники. Профессионализм и ответственность ключевые преимущества нашей компании.";"Иконки";"да";"нет";"нет"
"/info/more/typograpy/";"200";"Оформление - Завод дробильно-сортировочного оборудования";"Компания специализируется на производстве и поставке редукторов,муфт, звездочек и запасных частей для дорожной техники. Профессионализм и ответственность ключевые преимущества нашей компании.";"Оформление";"да";"нет";"нет"
"/info/news/";"200";"Новости - Завод дробильно-сортировочного оборудования";"Компания специализируется на производстве и поставке редукторов,муфт, звездочек и запасных частей для дорожной техники. Профессионализм и ответственность ключевые преимущества нашей компании.";"Новости";"да";"нет";"нет"
"/info/news/broni-dlya-ksd-900-i-kmd-1200/";"200";"Брони для КСД-900 и КМД-1200";"Компания специализируется на производстве и поставке редукторов,муфт, звездочек и запасных частей для дорожной техники. Профессионализм и ответственность ключевые преимущества нашей компании.";"Брони для КСД-900 и КМД-1200";"да";"нет";"нет"
"/info/news/otgruzheny-plity-s-uvelichennym-zubom-smd-109-smd-110/";"200";"Отгружены плиты с увеличенным зубом СМД-109 / СМД-110";"Компания специализируется на производстве и поставке редукторов,муфт, звездочек и запасных частей для дорожной техники. Профессионализм и ответственность ключевые преимущества нашей компании.";"Отгружены плиты с увеличенным зубом СМД-109 / СМД-110";"да";"нет";"нет"
"/info/news/otgruzheny-plity-s-uvelichennym-zubom-smd-110a/";"200";"Отгружены плиты с увеличенным зубом СМД-110А";"Компания специализируется на производстве и поставке редукторов,муфт, звездочек и запасных частей для дорожной техники. Профессионализм и ответственность ключевые преимущества нашей компании.";"Отгружены плиты с увеличенным зубом СМД-110А";"да";"нет";"нет"
"/info/news/otgruzheny-plity-standartnogo-ispolneniya-smd-109a/";"200";"Отгружены плиты стандартного исполнения СМД-109А";"Компания специализируется на производстве и поставке редукторов,муфт, звездочек и запасных частей для дорожной техники. Профессионализм и ответственность ключевые преимущества нашей компании.";"Отгружены плиты стандартного исполнения СМД-109А";"да";"нет";"нет"
"/info/processing/";"200";"Соглашение на обработку персональных данных - Завод дробильно-сортировочного оборудования";"Компания специализируется на производстве и поставке редукторов,муфт, звездочек и запасных частей для дорожной техники. Профессионализм и ответственность ключевые преимущества нашей компании.";"Соглашение на обработку персональных данных";"да";"нет";"нет"
"/info/stock/";"200";"Спец.предложения - Завод дробильно-сортировочного оборудования";"Компания специализируется на производстве и поставке редукторов,муфт, звездочек и запасных частей для дорожной техники. Профессионализм и ответственность ключевые преимущества нашей компании.";"Спец.предложения";"да";"нет";"нет"
"/price/";"200";"Прайс-лист - Завод дробильно-сортировочного оборудования";"Компания специализируется на производстве и поставке редукторов,муфт, звездочек и запасных частей для дорожной техники. Профессионализм и ответственность ключевые преимущества нашей компании.";"Прайс-лист";"да";"нет";"нет"
"/projects/";"200";"Проекты - Завод дробильно-сортировочного оборудования";"Компания специализируется на производстве и поставке редукторов,муфт, звездочек и запасных частей для дорожной техники. Профессионализм и ответственность ключевые преимущества нашей компании.";"Проекты";"да";"нет";"нет"
"/search/";"200";"Поиск - Завод дробильно-сортировочного оборудования";"Компания специализируется на производстве и поставке редукторов,муфт, звездочек и запасных частей для дорожной техники. Профессионализм и ответственность ключевые преимущества нашей компании.";"Поиск";"да";"нет";"нет"
"/services/";"200";"Услуги - Завод дробильно-сортировочного оборудования";"Компания специализируется на производстве и поставке редукторов,муфт, звездочек и запасных частей для дорожной техники. Профессионализм и ответственность ключевые преимущества нашей компании.";"Услуги";"да";"нет";"нет"
"/study/";"200";"Каталог курсов - Завод дробильно-сортировочного оборудования";"Компания специализируется на производстве и поставке редукторов,муфт, звездочек и запасных частей для дорожной техники. Профессионализм и ответственность ключевые преимущества нашей компании.";"Каталог курсов";"да";"нет";"нет"
